id,dexNum,classification,findingIds,currentEvolutionFields,pokeApiRuleIds,bulbapedia,serebiiCachedSpeciesPages
abomasnow-f,460,has_findings,E25,"{""evolvesFrom"":""snover"",""evoFromLevel"":40}",228,https://bulbapedia.bulbagarden.net/wiki/Abomasnow_(Pok%C3%A9mon),https://www.serebii.net/pokedex-dp/460.shtml;https://www.serebii.net/pokedex-sm/460.shtml;https://www.serebii.net/pokedex-swsh/abomasnow/;https://www.serebii.net/pokedex-xy/460.shtml
abomasnow-mega,460,transformation_not_species_evolution,,{},228,https://bulbapedia.bulbagarden.net/wiki/Abomasnow_(Pok%C3%A9mon),https://www.serebii.net/pokedex-dp/460.shtml;https://www.serebii.net/pokedex-sm/460.shtml;https://www.serebii.net/pokedex-swsh/abomasnow/;https://www.serebii.net/pokedex-xy/460.shtml
abomasnow,460,baseline_match_not_all_games_verified,,"{""evolvesFrom"":""snover"",""evoFromLevel"":40}",228,https://bulbapedia.bulbagarden.net/wiki/Abomasnow_(Pok%C3%A9mon),https://www.serebii.net/pokedex-dp/460.shtml;https://www.serebii.net/pokedex-sm/460.shtml;https://www.serebii.net/pokedex-swsh/abomasnow/;https://www.serebii.net/pokedex-xy/460.shtml
abra,63,no_predecessor_species,,{},,https://bulbapedia.bulbagarden.net/wiki/Abra_(Pok%C3%A9mon),https://www.serebii.net/pokedex-bw/063.shtml
absol-mega-z,359,transformation_not_species_evolution,,{},,https://bulbapedia.bulbagarden.net/wiki/Absol_(Pok%C3%A9mon),https://www.serebii.net/pokedex-sm/359.shtml;https://www.serebii.net/pokedex-sv/absol/;https://www.serebii.net/pokedex-swsh/absol/;https://www.serebii.net/pokedex-xy/359.shtml
absol-mega,359,transformation_not_species_evolution,,{},,https://bulbapedia.bulbagarden.net/wiki/Absol_(Pok%C3%A9mon),https://www.serebii.net/pokedex-sm/359.shtml;https://www.serebii.net/pokedex-sv/absol/;https://www.serebii.net/pokedex-swsh/absol/;https://www.serebii.net/pokedex-xy/359.shtml
absol,359,no_predecessor_species,,{},,https://bulbapedia.bulbagarden.net/wiki/Absol_(Pok%C3%A9mon),https://www.serebii.net/pokedex-sm/359.shtml;https://www.serebii.net/pokedex-sv/absol/;https://www.serebii.net/pokedex-swsh/absol/;https://www.serebii.net/pokedex-xy/359.shtml
accelgor,617,has_findings,E01;E27,"{""evolvesFrom"":""shelmet"",""evoFromCondition"":""with a Karrablast""}",312,https://bulbapedia.bulbagarden.net/wiki/Accelgor_(Pok%C3%A9mon),https://www.serebii.net/pokedex-sm/617.shtml
aegislash-blade,681,transformation_not_species_evolution,,{},348,https://bulbapedia.bulbagarden.net/wiki/Aegislash_(Pok%C3%A9mon),https://www.serebii.net/pokedex-sm/681.shtml;https://www.serebii.net/pokedex-swsh/aegislash/;https://www.serebii.net/pokedex-xy/681.shtml
aegislash,681,baseline_match_not_all_games_verified,,"{""evolvesFrom"":""doublade"",""evoFromItem"":""duskstone""}",348,https://bulbapedia.bulbagarden.net/wiki/Aegislash_(Pok%C3%A9mon),https://www.serebii.net/pokedex-sm/681.shtml;https://www.serebii.net/pokedex-swsh/aegislash/;https://www.serebii.net/pokedex-xy/681.shtml
aerodactyl-mega,142,transformation_not_species_evolution,,{},,https://bulbapedia.bulbagarden.net/wiki/Aerodactyl_(Pok%C3%A9mon),https://www.serebii.net/pokedex-sm/142.shtml;https://www.serebii.net/pokedex-swsh/aerodactyl/;https://www.serebii.net/pokedex-xy/142.shtml
aerodactyl,142,no_predecessor_species,,{},,https://bulbapedia.bulbagarden.net/wiki/Aerodactyl_(Pok%C3%A9mon),https://www.serebii.net/pokedex-sm/142.shtml;https://www.serebii.net/pokedex-swsh/aerodactyl/;https://www.serebii.net/pokedex-xy/142.shtml
aggron-mega,306,transformation_not_species_evolution,,{},161,https://bulbapedia.bulbagarden.net/wiki/Aggron_(Pok%C3%A9mon),https://www.serebii.net/pokedex-bw/306.shtml;https://www.serebii.net/pokedex-sm/306.shtml;https://www.serebii.net/pokedex-swsh/aggron/;https://www.serebii.net/pokedex-xy/306.shtml
aggron,306,baseline_match_not_all_games_verified,,"{""evolvesFrom"":""lairon"",""evoFromLevel"":42}",161,https://bulbapedia.bulbagarden.net/wiki/Aggron_(Pok%C3%A9mon),https://www.serebii.net/pokedex-bw/306.shtml;https://www.serebii.net/pokedex-sm/306.shtml;https://www.serebii.net/pokedex-swsh/aggron/;https://www.serebii.net/pokedex-xy/306.shtml
aipom-f,190,no_predecessor_species,,{},,https://bulbapedia.bulbagarden.net/wiki/Aipom_(Pok%C3%A9mon),https://www.serebii.net/pokedex-rs/190.shtml;https://www.serebii.net/pokedex-sm/190.shtml;https://www.serebii.net/pokedex-sv/aipom/
aipom,190,no_predecessor_species,,{},,https://bulbapedia.bulbagarden.net/wiki/Aipom_(Pok%C3%A9mon),https://www.serebii.net/pokedex-rs/190.shtml;https://www.serebii.net/pokedex-sm/190.shtml;https://www.serebii.net/pokedex-sv/aipom/
alakazam-f,65,has_findings,E01;E14;E25;E30,"{""evolvesFrom"":""kadabra""}",41,https://bulbapedia.bulbagarden.net/wiki/Alakazam_(Pok%C3%A9mon),https://www.serebii.net/pokedex-bw/065.shtml;https://www.serebii.net/pokedex-sm/065.shtml;https://www.serebii.net/pokedex-swsh/alakazam/;https://www.serebii.net/pokedex-xy/065.shtml
alakazam-mega,65,transformation_not_species_evolution,,{},41,https://bulbapedia.bulbagarden.net/wiki/Alakazam_(Pok%C3%A9mon),https://www.serebii.net/pokedex-bw/065.shtml;https://www.serebii.net/pokedex-sm/065.shtml;https://www.serebii.net/pokedex-swsh/alakazam/;https://www.serebii.net/pokedex-xy/065.shtml
alakazam,65,has_findings,E01;E14;E30,"{""evolvesFrom"":""kadabra""}",41,https://bulbapedia.bulbagarden.net/wiki/Alakazam_(Pok%C3%A9mon),https://www.serebii.net/pokedex-bw/065.shtml;https://www.serebii.net/pokedex-sm/065.shtml;https://www.serebii.net/pokedex-swsh/alakazam/;https://www.serebii.net/pokedex-xy/065.shtml
alcremie-caramel-swirl-berry,869,has_findings,E10;E27,"{""evolvesFrom"":""milcery"",""evoFromCondition"":""spin while holding a Sweet""}",441,https://bulbapedia.bulbagarden.net/wiki/Alcremie_(Pok%C3%A9mon),https://www.serebii.net/pokedex-sv/alcremie/;https://www.serebii.net/pokedex-swsh/alcremie/
alcremie-caramel-swirl-clover,869,has_findings,E10;E27,"{""evolvesFrom"":""milcery"",""evoFromCondition"":""spin while holding a Sweet""}",441,https://bulbapedia.bulbagarden.net/wiki/Alcremie_(Pok%C3%A9mon),https://www.serebii.net/pokedex-sv/alcremie/;https://www.serebii.net/pokedex-swsh/alcremie/
alcremie-caramel-swirl-flower,869,has_findings,E10;E27,"{""evolvesFrom"":""milcery"",""evoFromCondition"":""spin while holding a Sweet""}",441,https://bulbapedia.bulbagarden.net/wiki/Alcremie_(Pok%C3%A9mon),https://www.serebii.net/pokedex-sv/alcremie/;https://www.serebii.net/pokedex-swsh/alcremie/
alcremie-caramel-swirl-love,869,has_findings,E10;E27,"{""evolvesFrom"":""milcery"",""evoFromCondition"":""spin while holding a Sweet""}",441,https://bulbapedia.bulbagarden.net/wiki/Alcremie_(Pok%C3%A9mon),https://www.serebii.net/pokedex-sv/alcremie/;https://www.serebii.net/pokedex-swsh/alcremie/
alcremie-caramel-swirl-ribbon,869,has_findings,E10;E27,"{""evolvesFrom"":""milcery"",""evoFromCondition"":""spin while holding a Sweet""}",441,https://bulbapedia.bulbagarden.net/wiki/Alcremie_(Pok%C3%A9mon),https://www.serebii.net/pokedex-sv/alcremie/;https://www.serebii.net/pokedex-swsh/alcremie/
alcremie-caramel-swirl-star,869,has_findings,E10;E27,"{""evolvesFrom"":""milcery"",""evoFromCondition"":""spin while holding a Sweet""}",441,https://bulbapedia.bulbagarden.net/wiki/Alcremie_(Pok%C3%A9mon),https://www.serebii.net/pokedex-sv/alcremie/;https://www.serebii.net/pokedex-swsh/alcremie/
alcremie-caramel-swirl-strawberry,869,has_findings,E10;E27,"{""evolvesFrom"":""milcery"",""evoFromCondition"":""spin while holding a Sweet""}",441,https://bulbapedia.bulbagarden.net/wiki/Alcremie_(Pok%C3%A9mon),https://www.serebii.net/pokedex-sv/alcremie/;https://www.serebii.net/pokedex-swsh/alcremie/
alcremie-gmax,869,transformation_not_species_evolution,,{},441,https://bulbapedia.bulbagarden.net/wiki/Alcremie_(Pok%C3%A9mon),https://www.serebii.net/pokedex-sv/alcremie/;https://www.serebii.net/pokedex-swsh/alcremie/
alcremie-lemon-cream-berry,869,has_findings,E10;E27,"{""evolvesFrom"":""milcery"",""evoFromCondition"":""spin while holding a Sweet""}",441,https://bulbapedia.bulbagarden.net/wiki/Alcremie_(Pok%C3%A9mon),https://www.serebii.net/pokedex-sv/alcremie/;https://www.serebii.net/pokedex-swsh/alcremie/
alcremie-lemon-cream-clover,869,has_findings,E10;E27,"{""evolvesFrom"":""milcery"",""evoFromCondition"":""spin while holding a Sweet""}",441,https://bulbapedia.bulbagarden.net/wiki/Alcremie_(Pok%C3%A9mon),https://www.serebii.net/pokedex-sv/alcremie/;https://www.serebii.net/pokedex-swsh/alcremie/
alcremie-lemon-cream-flower,869,has_findings,E10;E27,"{""evolvesFrom"":""milcery"",""evoFromCondition"":""spin while holding a Sweet""}",441,https://bulbapedia.bulbagarden.net/wiki/Alcremie_(Pok%C3%A9mon),https://www.serebii.net/pokedex-sv/alcremie/;https://www.serebii.net/pokedex-swsh/alcremie/
alcremie-lemon-cream-love,869,has_findings,E10;E27,"{""evolvesFrom"":""milcery"",""evoFromCondition"":""spin while holding a Sweet""}",441,https://bulbapedia.bulbagarden.net/wiki/Alcremie_(Pok%C3%A9mon),https://www.serebii.net/pokedex-sv/alcremie/;https://www.serebii.net/pokedex-swsh/alcremie/
alcremie-lemon-cream-ribbon,869,has_findings,E10;E27,"{""evolvesFrom"":""milcery"",""evoFromCondition"":""spin while holding a Sweet""}",441,https://bulbapedia.bulbagarden.net/wiki/Alcremie_(Pok%C3%A9mon),https://www.serebii.net/pokedex-sv/alcremie/;https://www.serebii.net/pokedex-swsh/alcremie/
alcremie-lemon-cream-star,869,has_findings,E10;E27,"{""evolvesFrom"":""milcery"",""evoFromCondition"":""spin while holding a Sweet""}",441,https://bulbapedia.bulbagarden.net/wiki/Alcremie_(Pok%C3%A9mon),https://www.serebii.net/pokedex-sv/alcremie/;https://www.serebii.net/pokedex-swsh/alcremie/
alcremie-lemon-cream-strawberry,869,has_findings,E10;E27,"{""evolvesFrom"":""milcery"",""evoFromCondition"":""spin while holding a Sweet""}",441,https://bulbapedia.bulbagarden.net/wiki/Alcremie_(Pok%C3%A9mon),https://www.serebii.net/pokedex-sv/alcremie/;https://www.serebii.net/pokedex-swsh/alcremie/
alcremie-matcha-cream-berry,869,has_findings,E10;E27,"{""evolvesFrom"":""milcery"",""evoFromCondition"":""spin while holding a Sweet""}",441,https://bulbapedia.bulbagarden.net/wiki/Alcremie_(Pok%C3%A9mon),https://www.serebii.net/pokedex-sv/alcremie/;https://www.serebii.net/pokedex-swsh/alcremie/
alcremie-matcha-cream-clover,869,has_findings,E10;E27,"{""evolvesFrom"":""milcery"",""evoFromCondition"":""spin while holding a Sweet""}",441,https://bulbapedia.bulbagarden.net/wiki/Alcremie_(Pok%C3%A9mon),https://www.serebii.net/pokedex-sv/alcremie/;https://www.serebii.net/pokedex-swsh/alcremie/
alcremie-matcha-cream-flower,869,has_findings,E10;E27,"{""evolvesFrom"":""milcery"",""evoFromCondition"":""spin while holding a Sweet""}",441,https://bulbapedia.bulbagarden.net/wiki/Alcremie_(Pok%C3%A9mon),https://www.serebii.net/pokedex-sv/alcremie/;https://www.serebii.net/pokedex-swsh/alcremie/
alcremie-matcha-cream-love,869,has_findings,E10;E27,"{""evolvesFrom"":""milcery"",""evoFromCondition"":""spin while holding a Sweet""}",441,https://bulbapedia.bulbagarden.net/wiki/Alcremie_(Pok%C3%A9mon),https://www.serebii.net/pokedex-sv/alcremie/;https://www.serebii.net/pokedex-swsh/alcremie/
alcremie-matcha-cream-ribbon,869,has_findings,E10;E27,"{""evolvesFrom"":""milcery"",""evoFromCondition"":""spin while holding a Sweet""}",441,https://bulbapedia.bulbagarden.net/wiki/Alcremie_(Pok%C3%A9mon),https://www.serebii.net/pokedex-sv/alcremie/;https://www.serebii.net/pokedex-swsh/alcremie/
alcremie-matcha-cream-star,869,has_findings,E10;E27,"{""evolvesFrom"":""milcery"",""evoFromCondition"":""spin while holding a Sweet""}",441,https://bulbapedia.bulbagarden.net/wiki/Alcremie_(Pok%C3%A9mon),https://www.serebii.net/pokedex-sv/alcremie/;https://www.serebii.net/pokedex-swsh/alcremie/
alcremie-matcha-cream-strawberry,869,has_findings,E10;E27,"{""evolvesFrom"":""milcery"",""evoFromCondition"":""spin while holding a Sweet""}",441,https://bulbapedia.bulbagarden.net/wiki/Alcremie_(Pok%C3%A9mon),https://www.serebii.net/pokedex-sv/alcremie/;https://www.serebii.net/pokedex-swsh/alcremie/
alcremie-mint-cream-berry,869,has_findings,E10;E27,"{""evolvesFrom"":""milcery"",""evoFromCondition"":""spin while holding a Sweet""}",441,https://bulbapedia.bulbagarden.net/wiki/Alcremie_(Pok%C3%A9mon),https://www.serebii.net/pokedex-sv/alcremie/;https://www.serebii.net/pokedex-swsh/alcremie/
alcremie-mint-cream-clover,869,has_findings,E10;E27,"{""evolvesFrom"":""milcery"",""evoFromCondition"":""spin while holding a Sweet""}",441,https://bulbapedia.bulbagarden.net/wiki/Alcremie_(Pok%C3%A9mon),https://www.serebii.net/pokedex-sv/alcremie/;https://www.serebii.net/pokedex-swsh/alcremie/
alcremie-mint-cream-flower,869,has_findings,E10;E27,"{""evolvesFrom"":""milcery"",""evoFromCondition"":""spin while holding a Sweet""}",441,https://bulbapedia.bulbagarden.net/wiki/Alcremie_(Pok%C3%A9mon),https://www.serebii.net/pokedex-sv/alcremie/;https://www.serebii.net/pokedex-swsh/alcremie/
alcremie-mint-cream-love,869,has_findings,E10;E27,"{""evolvesFrom"":""milcery"",""evoFromCondition"":""spin while holding a Sweet""}",441,https://bulbapedia.bulbagarden.net/wiki/Alcremie_(Pok%C3%A9mon),https://www.serebii.net/pokedex-sv/alcremie/;https://www.serebii.net/pokedex-swsh/alcremie/
alcremie-mint-cream-ribbon,869,has_findings,E10;E27,"{""evolvesFrom"":""milcery"",""evoFromCondition"":""spin while holding a Sweet""}",441,https://bulbapedia.bulbagarden.net/wiki/Alcremie_(Pok%C3%A9mon),https://www.serebii.net/pokedex-sv/alcremie/;https://www.serebii.net/pokedex-swsh/alcremie/
alcremie-mint-cream-star,869,has_findings,E10;E27,"{""evolvesFrom"":""milcery"",""evoFromCondition"":""spin while holding a Sweet""}",441,https://bulbapedia.bulbagarden.net/wiki/Alcremie_(Pok%C3%A9mon),https://www.serebii.net/pokedex-sv/alcremie/;https://www.serebii.net/pokedex-swsh/alcremie/
alcremie-mint-cream-strawberry,869,has_findings,E10;E27,"{""evolvesFrom"":""milcery"",""evoFromCondition"":""spin while holding a Sweet""}",441,https://bulbapedia.bulbagarden.net/wiki/Alcremie_(Pok%C3%A9mon),https://www.serebii.net/pokedex-sv/alcremie/;https://www.serebii.net/pokedex-swsh/alcremie/
alcremie-rainbow-swirl-berry,869,has_findings,E10;E27,"{""evolvesFrom"":""milcery"",""evoFromCondition"":""spin while holding a Sweet""}",441,https://bulbapedia.bulbagarden.net/wiki/Alcremie_(Pok%C3%A9mon),https://www.serebii.net/pokedex-sv/alcremie/;https://www.serebii.net/pokedex-swsh/alcremie/
alcremie-rainbow-swirl-clover,869,has_findings,E10;E27,"{""evolvesFrom"":""milcery"",""evoFromCondition"":""spin while holding a Sweet""}",441,https://bulbapedia.bulbagarden.net/wiki/Alcremie_(Pok%C3%A9mon),https://www.serebii.net/pokedex-sv/alcremie/;https://www.serebii.net/pokedex-swsh/alcremie/
alcremie-rainbow-swirl-flower,869,has_findings,E10;E27,"{""evolvesFrom"":""milcery"",""evoFromCondition"":""spin while holding a Sweet""}",441,https://bulbapedia.bulbagarden.net/wiki/Alcremie_(Pok%C3%A9mon),https://www.serebii.net/pokedex-sv/alcremie/;https://www.serebii.net/pokedex-swsh/alcremie/
alcremie-rainbow-swirl-love,869,has_findings,E10;E27,"{""evolvesFrom"":""milcery"",""evoFromCondition"":""spin while holding a Sweet""}",441,https://bulbapedia.bulbagarden.net/wiki/Alcremie_(Pok%C3%A9mon),https://www.serebii.net/pokedex-sv/alcremie/;https://www.serebii.net/pokedex-swsh/alcremie/
alcremie-rainbow-swirl-ribbon,869,has_findings,E10;E27,"{""evolvesFrom"":""milcery"",""evoFromCondition"":""spin while holding a Sweet""}",441,https://bulbapedia.bulbagarden.net/wiki/Alcremie_(Pok%C3%A9mon),https://www.serebii.net/pokedex-sv/alcremie/;https://www.serebii.net/pokedex-swsh/alcremie/
alcremie-rainbow-swirl-star,869,has_findings,E10;E27,"{""evolvesFrom"":""milcery"",""evoFromCondition"":""spin while holding a Sweet""}",441,https://bulbapedia.bulbagarden.net/wiki/Alcremie_(Pok%C3%A9mon),https://www.serebii.net/pokedex-sv/alcremie/;https://www.serebii.net/pokedex-swsh/alcremie/
alcremie-rainbow-swirl-strawberry,869,has_findings,E10;E27,"{""evolvesFrom"":""milcery"",""evoFromCondition"":""spin while holding a Sweet""}",441,https://bulbapedia.bulbagarden.net/wiki/Alcremie_(Pok%C3%A9mon),https://www.serebii.net/pokedex-sv/alcremie/;https://www.serebii.net/pokedex-swsh/alcremie/
alcremie-ruby-cream-berry,869,has_findings,E10;E27,"{""evolvesFrom"":""milcery"",""evoFromCondition"":""spin while holding a Sweet""}",441,https://bulbapedia.bulbagarden.net/wiki/Alcremie_(Pok%C3%A9mon),https://www.serebii.net/pokedex-sv/alcremie/;https://www.serebii.net/pokedex-swsh/alcremie/
alcremie-ruby-cream-clover,869,has_findings,E10;E27,"{""evolvesFrom"":""milcery"",""evoFromCondition"":""spin while holding a Sweet""}",441,https://bulbapedia.bulbagarden.net/wiki/Alcremie_(Pok%C3%A9mon),https://www.serebii.net/pokedex-sv/alcremie/;https://www.serebii.net/pokedex-swsh/alcremie/
alcremie-ruby-cream-flower,869,has_findings,E10;E27,"{""evolvesFrom"":""milcery"",""evoFromCondition"":""spin while holding a Sweet""}",441,https://bulbapedia.bulbagarden.net/wiki/Alcremie_(Pok%C3%A9mon),https://www.serebii.net/pokedex-sv/alcremie/;https://www.serebii.net/pokedex-swsh/alcremie/
alcremie-ruby-cream-love,869,has_findings,E10;E27,"{""evolvesFrom"":""milcery"",""evoFromCondition"":""spin while holding a Sweet""}",441,https://bulbapedia.bulbagarden.net/wiki/Alcremie_(Pok%C3%A9mon),https://www.serebii.net/pokedex-sv/alcremie/;https://www.serebii.net/pokedex-swsh/alcremie/
alcremie-ruby-cream-ribbon,869,has_findings,E10;E27,"{""evolvesFrom"":""milcery"",""evoFromCondition"":""spin while holding a Sweet""}",441,https://bulbapedia.bulbagarden.net/wiki/Alcremie_(Pok%C3%A9mon),https://www.serebii.net/pokedex-sv/alcremie/;https://www.serebii.net/pokedex-swsh/alcremie/
alcremie-ruby-cream-star,869,has_findings,E10;E27,"{""evolvesFrom"":""milcery"",""evoFromCondition"":""spin while holding a Sweet""}",441,https://bulbapedia.bulbagarden.net/wiki/Alcremie_(Pok%C3%A9mon),https://www.serebii.net/pokedex-sv/alcremie/;https://www.serebii.net/pokedex-swsh/alcremie/
alcremie-ruby-cream-strawberry,869,has_findings,E10;E27,"{""evolvesFrom"":""milcery"",""evoFromCondition"":""spin while holding a Sweet""}",441,https://bulbapedia.bulbagarden.net/wiki/Alcremie_(Pok%C3%A9mon),https://www.serebii.net/pokedex-sv/alcremie/;https://www.serebii.net/pokedex-swsh/alcremie/
alcremie-ruby-swirl-berry,869,has_findings,E10;E27,"{""evolvesFrom"":""milcery"",""evoFromCondition"":""spin while holding a Sweet""}",441,https://bulbapedia.bulbagarden.net/wiki/Alcremie_(Pok%C3%A9mon),https://www.serebii.net/pokedex-sv/alcremie/;https://www.serebii.net/pokedex-swsh/alcremie/
alcremie-ruby-swirl-clover,869,has_findings,E10;E27,"{""evolvesFrom"":""milcery"",""evoFromCondition"":""spin while holding a Sweet""}",441,https://bulbapedia.bulbagarden.net/wiki/Alcremie_(Pok%C3%A9mon),https://www.serebii.net/pokedex-sv/alcremie/;https://www.serebii.net/pokedex-swsh/alcremie/
alcremie-ruby-swirl-flower,869,has_findings,E10;E27,"{""evolvesFrom"":""milcery"",""evoFromCondition"":""spin while holding a Sweet""}",441,https://bulbapedia.bulbagarden.net/wiki/Alcremie_(Pok%C3%A9mon),https://www.serebii.net/pokedex-sv/alcremie/;https://www.serebii.net/pokedex-swsh/alcremie/
alcremie-ruby-swirl-love,869,has_findings,E10;E27,"{""evolvesFrom"":""milcery"",""evoFromCondition"":""spin while holding a Sweet""}",441,https://bulbapedia.bulbagarden.net/wiki/Alcremie_(Pok%C3%A9mon),https://www.serebii.net/pokedex-sv/alcremie/;https://www.serebii.net/pokedex-swsh/alcremie/
alcremie-ruby-swirl-ribbon,869,has_findings,E10;E27,"{""evolvesFrom"":""milcery"",""evoFromCondition"":""spin while holding a Sweet""}",441,https://bulbapedia.bulbagarden.net/wiki/Alcremie_(Pok%C3%A9mon),https://www.serebii.net/pokedex-sv/alcremie/;https://www.serebii.net/pokedex-swsh/alcremie/
alcremie-ruby-swirl-star,869,has_findings,E10;E27,"{""evolvesFrom"":""milcery"",""evoFromCondition"":""spin while holding a Sweet""}",441,https://bulbapedia.bulbagarden.net/wiki/Alcremie_(Pok%C3%A9mon),https://www.serebii.net/pokedex-sv/alcremie/;https://www.serebii.net/pokedex-swsh/alcremie/
alcremie-ruby-swirl-strawberry,869,has_findings,E10;E27,"{""evolvesFrom"":""milcery"",""evoFromCondition"":""spin while holding a Sweet""}",441,https://bulbapedia.bulbagarden.net/wiki/Alcremie_(Pok%C3%A9mon),https://www.serebii.net/pokedex-sv/alcremie/;https://www.serebii.net/pokedex-swsh/alcremie/
alcremie-salted-cream-berry,869,has_findings,E10;E27,"{""evolvesFrom"":""milcery"",""evoFromCondition"":""spin while holding a Sweet""}",441,https://bulbapedia.bulbagarden.net/wiki/Alcremie_(Pok%C3%A9mon),https://www.serebii.net/pokedex-sv/alcremie/;https://www.serebii.net/pokedex-swsh/alcremie/
alcremie-salted-cream-clover,869,has_findings,E10;E27,"{""evolvesFrom"":""milcery"",""evoFromCondition"":""spin while holding a Sweet""}",441,https://bulbapedia.bulbagarden.net/wiki/Alcremie_(Pok%C3%A9mon),https://www.serebii.net/pokedex-sv/alcremie/;https://www.serebii.net/pokedex-swsh/alcremie/
alcremie-salted-cream-flower,869,has_findings,E10;E27,"{""evolvesFrom"":""milcery"",""evoFromCondition"":""spin while holding a Sweet""}",441,https://bulbapedia.bulbagarden.net/wiki/Alcremie_(Pok%C3%A9mon),https://www.serebii.net/pokedex-sv/alcremie/;https://www.serebii.net/pokedex-swsh/alcremie/
alcremie-salted-cream-love,869,has_findings,E10;E27,"{""evolvesFrom"":""milcery"",""evoFromCondition"":""spin while holding a Sweet""}",441,https://bulbapedia.bulbagarden.net/wiki/Alcremie_(Pok%C3%A9mon),https://www.serebii.net/pokedex-sv/alcremie/;https://www.serebii.net/pokedex-swsh/alcremie/
alcremie-salted-cream-ribbon,869,has_findings,E10;E27,"{""evolvesFrom"":""milcery"",""evoFromCondition"":""spin while holding a Sweet""}",441,https://bulbapedia.bulbagarden.net/wiki/Alcremie_(Pok%C3%A9mon),https://www.serebii.net/pokedex-sv/alcremie/;https://www.serebii.net/pokedex-swsh/alcremie/
alcremie-salted-cream-star,869,has_findings,E10;E27,"{""evolvesFrom"":""milcery"",""evoFromCondition"":""spin while holding a Sweet""}",441,https://bulbapedia.bulbagarden.net/wiki/Alcremie_(Pok%C3%A9mon),https://www.serebii.net/pokedex-sv/alcremie/;https://www.serebii.net/pokedex-swsh/alcremie/
alcremie-salted-cream-strawberry,869,has_findings,E10;E27,"{""evolvesFrom"":""milcery"",""evoFromCondition"":""spin while holding a Sweet""}",441,https://bulbapedia.bulbagarden.net/wiki/Alcremie_(Pok%C3%A9mon),https://www.serebii.net/pokedex-sv/alcremie/;https://www.serebii.net/pokedex-swsh/alcremie/
alcremie-vanilla-cream-berry,869,has_findings,E10;E27,"{""evolvesFrom"":""milcery"",""evoFromCondition"":""spin while holding a Sweet""}",441,https://bulbapedia.bulbagarden.net/wiki/Alcremie_(Pok%C3%A9mon),https://www.serebii.net/pokedex-sv/alcremie/;https://www.serebii.net/pokedex-swsh/alcremie/
alcremie-vanilla-cream-clover,869,has_findings,E10;E27,"{""evolvesFrom"":""milcery"",""evoFromCondition"":""spin while holding a Sweet""}",441,https://bulbapedia.bulbagarden.net/wiki/Alcremie_(Pok%C3%A9mon),https://www.serebii.net/pokedex-sv/alcremie/;https://www.serebii.net/pokedex-swsh/alcremie/
alcremie-vanilla-cream-flower,869,has_findings,E10;E27,"{""evolvesFrom"":""milcery"",""evoFromCondition"":""spin while holding a Sweet""}",441,https://bulbapedia.bulbagarden.net/wiki/Alcremie_(Pok%C3%A9mon),https://www.serebii.net/pokedex-sv/alcremie/;https://www.serebii.net/pokedex-swsh/alcremie/
alcremie-vanilla-cream-love,869,has_findings,E10;E27,"{""evolvesFrom"":""milcery"",""evoFromCondition"":""spin while holding a Sweet""}",441,https://bulbapedia.bulbagarden.net/wiki/Alcremie_(Pok%C3%A9mon),https://www.serebii.net/pokedex-sv/alcremie/;https://www.serebii.net/pokedex-swsh/alcremie/
alcremie-vanilla-cream-ribbon,869,has_findings,E10;E27,"{""evolvesFrom"":""milcery"",""evoFromCondition"":""spin while holding a Sweet""}",441,https://bulbapedia.bulbagarden.net/wiki/Alcremie_(Pok%C3%A9mon),https://www.serebii.net/pokedex-sv/alcremie/;https://www.serebii.net/pokedex-swsh/alcremie/
alcremie-vanilla-cream-star,869,has_findings,E10;E27,"{""evolvesFrom"":""milcery"",""evoFromCondition"":""spin while holding a Sweet""}",441,https://bulbapedia.bulbagarden.net/wiki/Alcremie_(Pok%C3%A9mon),https://www.serebii.net/pokedex-sv/alcremie/;https://www.serebii.net/pokedex-swsh/alcremie/
alcremie,869,has_findings,E10;E27,"{""evolvesFrom"":""milcery"",""evoFromCondition"":""spin while holding a Sweet""}",441,https://bulbapedia.bulbagarden.net/wiki/Alcremie_(Pok%C3%A9mon),https://www.serebii.net/pokedex-sv/alcremie/;https://www.serebii.net/pokedex-swsh/alcremie/
alomomola,594,no_predecessor_species,,{},,https://bulbapedia.bulbagarden.net/wiki/Alomomola_(Pok%C3%A9mon),
altaria-mega,334,transformation_not_species_evolution,,{},173,https://bulbapedia.bulbagarden.net/wiki/Altaria_(Pok%C3%A9mon),https://www.serebii.net/pokedex-sm/334.shtml;https://www.serebii.net/pokedex-swsh/altaria/;https://www.serebii.net/pokedex-xy/334.shtml
altaria,334,baseline_match_not_all_games_verified,,"{""evolvesFrom"":""swablu"",""evoFromLevel"":35}",173,https://bulbapedia.bulbagarden.net/wiki/Altaria_(Pok%C3%A9mon),https://www.serebii.net/pokedex-sm/334.shtml;https://www.serebii.net/pokedex-swsh/altaria/;https://www.serebii.net/pokedex-xy/334.shtml
amaura,698,no_predecessor_species,,{},,https://bulbapedia.bulbagarden.net/wiki/Amaura_(Pok%C3%A9mon),
ambipom-f,424,has_findings,E25,"{""evolvesFrom"":""aipom"",""evoFromMove"":""doublehit""}",213,https://bulbapedia.bulbagarden.net/wiki/Ambipom_(Pok%C3%A9mon),https://www.serebii.net/pokedex-sm/424.shtml
ambipom,424,baseline_match_not_all_games_verified,,"{""evolvesFrom"":""aipom"",""evoFromMove"":""doublehit""}",213,https://bulbapedia.bulbagarden.net/wiki/Ambipom_(Pok%C3%A9mon),https://www.serebii.net/pokedex-sm/424.shtml
amoonguss,591,baseline_match_not_all_games_verified,,"{""evolvesFrom"":""foongus"",""evoFromLevel"":39}",298,https://bulbapedia.bulbagarden.net/wiki/Amoonguss_(Pok%C3%A9mon),https://www.serebii.net/pokedex-sm/591.shtml
ampharos-mega,181,transformation_not_species_evolution,,{},99,https://bulbapedia.bulbagarden.net/wiki/Ampharos_(Pok%C3%A9mon),https://www.serebii.net/pokedex-bw/181.shtml;https://www.serebii.net/pokedex-sm/181.shtml;https://www.serebii.net/pokedex-swsh/ampharos/;https://www.serebii.net/pokedex-xy/181.shtml
ampharos,181,baseline_match_not_all_games_verified,,"{""evolvesFrom"":""flaaffy"",""evoFromLevel"":30}",99,https://bulbapedia.bulbagarden.net/wiki/Ampharos_(Pok%C3%A9mon),https://www.serebii.net/pokedex-bw/181.shtml;https://www.serebii.net/pokedex-sm/181.shtml;https://www.serebii.net/pokedex-swsh/ampharos/;https://www.serebii.net/pokedex-xy/181.shtml
annihilape,979,has_findings,E27,"{""evolvesFrom"":""primeape"",""evoFromCondition"":""Use Rage Fist 20 times and level-up""}",504,https://bulbapedia.bulbagarden.net/wiki/Annihilape_(Pok%C3%A9mon),
anorith,347,no_predecessor_species,,{},,https://bulbapedia.bulbagarden.net/wiki/Anorith_(Pok%C3%A9mon),https://www.serebii.net/pokedex-swsh/anorith/
appletun-gmax,842,transformation_not_species_evolution,,{},430,https://bulbapedia.bulbagarden.net/wiki/Appletun_(Pok%C3%A9mon),https://www.serebii.net/pokedex-sv/appletun/;https://www.serebii.net/pokedex-swsh/appletun/
appletun,842,baseline_match_not_all_games_verified,,"{""evolvesFrom"":""applin"",""evoFromItem"":""sweetapple""}",430,https://bulbapedia.bulbagarden.net/wiki/Appletun_(Pok%C3%A9mon),https://www.serebii.net/pokedex-sv/appletun/;https://www.serebii.net/pokedex-swsh/appletun/
applin,840,no_predecessor_species,,{},,https://bulbapedia.bulbagarden.net/wiki/Applin_(Pok%C3%A9mon),
araquanid,752,baseline_match_not_all_games_verified,,"{""evolvesFrom"":""dewpider"",""evoFromLevel"":22}",390,https://bulbapedia.bulbagarden.net/wiki/Araquanid_(Pok%C3%A9mon),
arbok,24,baseline_match_not_all_games_verified,,"{""evolvesFrom"":""ekans"",""evoFromLevel"":22}",15,https://bulbapedia.bulbagarden.net/wiki/Arbok_(Pok%C3%A9mon),https://www.serebii.net/pokedex-sm/024.shtml;https://www.serebii.net/pokedex-swsh/arbok/
arboliva,930,baseline_match_not_all_games_verified,,"{""evolvesFrom"":""dolliv"",""evoFromLevel"":35}",482,https://bulbapedia.bulbagarden.net/wiki/Arboliva_(Pok%C3%A9mon),
arcanine-hisui,59,baseline_match_not_all_games_verified,,"{""evolvesFrom"":""growlithe-hisui"",""evoFromItem"":""firestone""}",523,https://bulbapedia.bulbagarden.net/wiki/Arcanine_(Pok%C3%A9mon),https://www.serebii.net/pokedex-swsh/arcanine/
arcanine,59,baseline_match_not_all_games_verified,,"{""evolvesFrom"":""growlithe"",""evoFromItem"":""firestone""}",37,https://bulbapedia.bulbagarden.net/wiki/Arcanine_(Pok%C3%A9mon),https://www.serebii.net/pokedex-swsh/arcanine/
arceus-bug,493,no_predecessor_species,,{},,https://bulbapedia.bulbagarden.net/wiki/Arceus_(Pok%C3%A9mon),https://www.serebii.net/pokedex-bw/493.shtml;https://www.serebii.net/pokedex-dp/493.shtml;https://www.serebii.net/pokedex-sm/493.shtml;https://www.serebii.net/pokedex-sv/arceus/;https://www.serebii.net/pokedex-swsh/arceus/;https://www.serebii.net/pokedex-xy/493.shtml
arceus-dark,493,no_predecessor_species,,{},,https://bulbapedia.bulbagarden.net/wiki/Arceus_(Pok%C3%A9mon),https://www.serebii.net/pokedex-bw/493.shtml;https://www.serebii.net/pokedex-dp/493.shtml;https://www.serebii.net/pokedex-sm/493.shtml;https://www.serebii.net/pokedex-sv/arceus/;https://www.serebii.net/pokedex-swsh/arceus/;https://www.serebii.net/pokedex-xy/493.shtml
arceus-dragon,493,no_predecessor_species,,{},,https://bulbapedia.bulbagarden.net/wiki/Arceus_(Pok%C3%A9mon),https://www.serebii.net/pokedex-bw/493.shtml;https://www.serebii.net/pokedex-dp/493.shtml;https://www.serebii.net/pokedex-sm/493.shtml;https://www.serebii.net/pokedex-sv/arceus/;https://www.serebii.net/pokedex-swsh/arceus/;https://www.serebii.net/pokedex-xy/493.shtml
arceus-electric,493,no_predecessor_species,,{},,https://bulbapedia.bulbagarden.net/wiki/Arceus_(Pok%C3%A9mon),https://www.serebii.net/pokedex-bw/493.shtml;https://www.serebii.net/pokedex-dp/493.shtml;https://www.serebii.net/pokedex-sm/493.shtml;https://www.serebii.net/pokedex-sv/arceus/;https://www.serebii.net/pokedex-swsh/arceus/;https://www.serebii.net/pokedex-xy/493.shtml
arceus-fairy,493,no_predecessor_species,,{},,https://bulbapedia.bulbagarden.net/wiki/Arceus_(Pok%C3%A9mon),https://www.serebii.net/pokedex-bw/493.shtml;https://www.serebii.net/pokedex-dp/493.shtml;https://www.serebii.net/pokedex-sm/493.shtml;https://www.serebii.net/pokedex-sv/arceus/;https://www.serebii.net/pokedex-swsh/arceus/;https://www.serebii.net/pokedex-xy/493.shtml
arceus-fighting,493,no_predecessor_species,,{},,https://bulbapedia.bulbagarden.net/wiki/Arceus_(Pok%C3%A9mon),https://www.serebii.net/pokedex-bw/493.shtml;https://www.serebii.net/pokedex-dp/493.shtml;https://www.serebii.net/pokedex-sm/493.shtml;https://www.serebii.net/pokedex-sv/arceus/;https://www.serebii.net/pokedex-swsh/arceus/;https://www.serebii.net/pokedex-xy/493.shtml
arceus-fire,493,no_predecessor_species,,{},,https://bulbapedia.bulbagarden.net/wiki/Arceus_(Pok%C3%A9mon),https://www.serebii.net/pokedex-bw/493.shtml;https://www.serebii.net/pokedex-dp/493.shtml;https://www.serebii.net/pokedex-sm/493.shtml;https://www.serebii.net/pokedex-sv/arceus/;https://www.serebii.net/pokedex-swsh/arceus/;https://www.serebii.net/pokedex-xy/493.shtml
arceus-flying,493,no_predecessor_species,,{},,https://bulbapedia.bulbagarden.net/wiki/Arceus_(Pok%C3%A9mon),https://www.serebii.net/pokedex-bw/493.shtml;https://www.serebii.net/pokedex-dp/493.shtml;https://www.serebii.net/pokedex-sm/493.shtml;https://www.serebii.net/pokedex-sv/arceus/;https://www.serebii.net/pokedex-swsh/arceus/;https://www.serebii.net/pokedex-xy/493.shtml
arceus-ghost,493,no_predecessor_species,,{},,https://bulbapedia.bulbagarden.net/wiki/Arceus_(Pok%C3%A9mon),https://www.serebii.net/pokedex-bw/493.shtml;https://www.serebii.net/pokedex-dp/493.shtml;https://www.serebii.net/pokedex-sm/493.shtml;https://www.serebii.net/pokedex-sv/arceus/;https://www.serebii.net/pokedex-swsh/arceus/;https://www.serebii.net/pokedex-xy/493.shtml
arceus-grass,493,no_predecessor_species,,{},,https://bulbapedia.bulbagarden.net/wiki/Arceus_(Pok%C3%A9mon),https://www.serebii.net/pokedex-bw/493.shtml;https://www.serebii.net/pokedex-dp/493.shtml;https://www.serebii.net/pokedex-sm/493.shtml;https://www.serebii.net/pokedex-sv/arceus/;https://www.serebii.net/pokedex-swsh/arceus/;https://www.serebii.net/pokedex-xy/493.shtml
arceus-ground,493,no_predecessor_species,,{},,https://bulbapedia.bulbagarden.net/wiki/Arceus_(Pok%C3%A9mon),https://www.serebii.net/pokedex-bw/493.shtml;https://www.serebii.net/pokedex-dp/493.shtml;https://www.serebii.net/pokedex-sm/493.shtml;https://www.serebii.net/pokedex-sv/arceus/;https://www.serebii.net/pokedex-swsh/arceus/;https://www.serebii.net/pokedex-xy/493.shtml
arceus-ice,493,no_predecessor_species,,{},,https://bulbapedia.bulbagarden.net/wiki/Arceus_(Pok%C3%A9mon),https://www.serebii.net/pokedex-bw/493.shtml;https://www.serebii.net/pokedex-dp/493.shtml;https://www.serebii.net/pokedex-sm/493.shtml;https://www.serebii.net/pokedex-sv/arceus/;https://www.serebii.net/pokedex-swsh/arceus/;https://www.serebii.net/pokedex-xy/493.shtml
arceus-legendary,493,no_predecessor_species,,{},,https://bulbapedia.bulbagarden.net/wiki/Arceus_(Pok%C3%A9mon),https://www.serebii.net/pokedex-bw/493.shtml;https://www.serebii.net/pokedex-dp/493.shtml;https://www.serebii.net/pokedex-sm/493.shtml;https://www.serebii.net/pokedex-sv/arceus/;https://www.serebii.net/pokedex-swsh/arceus/;https://www.serebii.net/pokedex-xy/493.shtml
arceus-poison,493,no_predecessor_species,,{},,https://bulbapedia.bulbagarden.net/wiki/Arceus_(Pok%C3%A9mon),https://www.serebii.net/pokedex-bw/493.shtml;https://www.serebii.net/pokedex-dp/493.shtml;https://www.serebii.net/pokedex-sm/493.shtml;https://www.serebii.net/pokedex-sv/arceus/;https://www.serebii.net/pokedex-swsh/arceus/;https://www.serebii.net/pokedex-xy/493.shtml
arceus-psychic,493,no_predecessor_species,,{},,https://bulbapedia.bulbagarden.net/wiki/Arceus_(Pok%C3%A9mon),https://www.serebii.net/pokedex-bw/493.shtml;https://www.serebii.net/pokedex-dp/493.shtml;https://www.serebii.net/pokedex-sm/493.shtml;https://www.serebii.net/pokedex-sv/arceus/;https://www.serebii.net/pokedex-swsh/arceus/;https://www.serebii.net/pokedex-xy/493.shtml
arceus-rock,493,no_predecessor_species,,{},,https://bulbapedia.bulbagarden.net/wiki/Arceus_(Pok%C3%A9mon),https://www.serebii.net/pokedex-bw/493.shtml;https://www.serebii.net/pokedex-dp/493.shtml;https://www.serebii.net/pokedex-sm/493.shtml;https://www.serebii.net/pokedex-sv/arceus/;https://www.serebii.net/pokedex-swsh/arceus/;https://www.serebii.net/pokedex-xy/493.shtml
arceus-steel,493,no_predecessor_species,,{},,https://bulbapedia.bulbagarden.net/wiki/Arceus_(Pok%C3%A9mon),https://www.serebii.net/pokedex-bw/493.shtml;https://www.serebii.net/pokedex-dp/493.shtml;https://www.serebii.net/pokedex-sm/493.shtml;https://www.serebii.net/pokedex-sv/arceus/;https://www.serebii.net/pokedex-swsh/arceus/;https://www.serebii.net/pokedex-xy/493.shtml
arceus-water,493,no_predecessor_species,,{},,https://bulbapedia.bulbagarden.net/wiki/Arceus_(Pok%C3%A9mon),https://www.serebii.net/pokedex-bw/493.shtml;https://www.serebii.net/pokedex-dp/493.shtml;https://www.serebii.net/pokedex-sm/493.shtml;https://www.serebii.net/pokedex-sv/arceus/;https://www.serebii.net/pokedex-swsh/arceus/;https://www.serebii.net/pokedex-xy/493.shtml
arceus,493,no_predecessor_species,,{},,https://bulbapedia.bulbagarden.net/wiki/Arceus_(Pok%C3%A9mon),https://www.serebii.net/pokedex-bw/493.shtml;https://www.serebii.net/pokedex-dp/493.shtml;https://www.serebii.net/pokedex-sm/493.shtml;https://www.serebii.net/pokedex-sv/arceus/;https://www.serebii.net/pokedex-swsh/arceus/;https://www.serebii.net/pokedex-xy/493.shtml
archaludon,1018,baseline_match_not_all_games_verified,,"{""evolvesFrom"":""duraludon"",""evoFromItem"":""metalalloy""}",542,https://bulbapedia.bulbagarden.net/wiki/Archaludon_(Pok%C3%A9mon),
archen,566,no_predecessor_species,,{},,https://bulbapedia.bulbagarden.net/wiki/Archen_(Pok%C3%A9mon),
archeops,567,baseline_match_not_all_games_verified,,"{""evolvesFrom"":""archen"",""evoFromLevel"":37}",285,https://bulbapedia.bulbagarden.net/wiki/Archeops_(Pok%C3%A9mon),https://www.serebii.net/pokedex-sm/567.shtml
arctibax,997,baseline_match_not_all_games_verified,,"{""evolvesFrom"":""frigibax"",""evoFromLevel"":35}",509,https://bulbapedia.bulbagarden.net/wiki/Arctibax_(Pok%C3%A9mon),
arctovish,883,no_predecessor_species,,{},,https://bulbapedia.bulbagarden.net/wiki/Arctovish_(Pok%C3%A9mon),
arctozolt,881,no_predecessor_species,,{},,https://bulbapedia.bulbagarden.net/wiki/Arctozolt_(Pok%C3%A9mon),
ariados,168,baseline_match_not_all_games_verified,,"{""evolvesFrom"":""spinarak"",""evoFromLevel"":22}",93,https://bulbapedia.bulbagarden.net/wiki/Ariados_(Pok%C3%A9mon),
armaldo,348,baseline_match_not_all_games_verified,,"{""evolvesFrom"":""anorith"",""evoFromLevel"":40}",178,https://bulbapedia.bulbagarden.net/wiki/Armaldo_(Pok%C3%A9mon),https://www.serebii.net/pokedex-dp/348.shtml;https://www.serebii.net/pokedex-sm/348.shtml
armarouge,936,baseline_match_not_all_games_verified,,"{""evolvesFrom"":""charcadet"",""evoFromItem"":""auspiciousarmor""}",485,https://bulbapedia.bulbagarden.net/wiki/Armarouge_(Pok%C3%A9mon),
aromatisse,683,has_findings,E01;E11,"{""evolvesFrom"":""spritzee"",""evoFromItem"":""sachet""}",327,https://bulbapedia.bulbagarden.net/wiki/Aromatisse_(Pok%C3%A9mon),https://www.serebii.net/pokedex-sm/683.shtml;https://www.serebii.net/pokedex-swsh/aromatisse/
aron,304,no_predecessor_species,,{},,https://bulbapedia.bulbagarden.net/wiki/Aron_(Pok%C3%A9mon),https://www.serebii.net/pokedex-bw/304.shtml;https://www.serebii.net/pokedex-sm/304.shtml
arrokuda,846,no_predecessor_species,,{},,https://bulbapedia.bulbagarden.net/wiki/Arrokuda_(Pok%C3%A9mon),
articuno-galar,144,no_predecessor_species,,{},,https://bulbapedia.bulbagarden.net/wiki/Articuno_(Pok%C3%A9mon),https://www.serebii.net/pokedex-sm/144.shtml;https://www.serebii.net/pokedex-swsh/articuno/
articuno,144,no_predecessor_species,,{},,https://bulbapedia.bulbagarden.net/wiki/Articuno_(Pok%C3%A9mon),https://www.serebii.net/pokedex-sm/144.shtml;https://www.serebii.net/pokedex-swsh/articuno/
audino-mega,531,transformation_not_species_evolution,,{},,https://bulbapedia.bulbagarden.net/wiki/Audino_(Pok%C3%A9mon),https://www.serebii.net/pokedex-sm/531.shtml;https://www.serebii.net/pokedex-swsh/audino/;https://www.serebii.net/pokedex-xy/531.shtml
audino,531,no_predecessor_species,,{},,https://bulbapedia.bulbagarden.net/wiki/Audino_(Pok%C3%A9mon),https://www.serebii.net/pokedex-sm/531.shtml;https://www.serebii.net/pokedex-swsh/audino/;https://www.serebii.net/pokedex-xy/531.shtml
aurorus,699,has_findings,E27,"{""evolvesFrom"":""amaura"",""evoFromLevel"":39,""evoFromCondition"":""at night""}",353,https://bulbapedia.bulbagarden.net/wiki/Aurorus_(Pok%C3%A9mon),https://www.serebii.net/pokedex-sm/699.shtml
avalugg-hisui,713,has_findings,E18,"{""evolvesFrom"":""bergmite"",""evoFromLevel"":37}",533,https://bulbapedia.bulbagarden.net/wiki/Avalugg_(Pok%C3%A9mon),https://www.serebii.net/pokedex-sm/713.shtml;https://www.serebii.net/pokedex-swsh/avalugg/
avalugg,713,has_findings,E18,"{""evolvesFrom"":""bergmite"",""evoFromLevel"":37}",354,https://bulbapedia.bulbagarden.net/wiki/Avalugg_(Pok%C3%A9mon),https://www.serebii.net/pokedex-sm/713.shtml;https://www.serebii.net/pokedex-swsh/avalugg/
axew,610,no_predecessor_species,,{},,https://bulbapedia.bulbagarden.net/wiki/Axew_(Pok%C3%A9mon),
azelf,482,no_predecessor_species,,{},,https://bulbapedia.bulbagarden.net/wiki/Azelf_(Pok%C3%A9mon),https://www.serebii.net/pokedex-sm/482.shtml
azumarill,184,baseline_match_not_all_games_verified,,"{""evolvesFrom"":""marill"",""evoFromLevel"":18}",102,https://bulbapedia.bulbagarden.net/wiki/Azumarill_(Pok%C3%A9mon),https://www.serebii.net/pokedex-bw/184.shtml;https://www.serebii.net/pokedex-sm/184.shtml
azurill,298,no_predecessor_species,,{},,https://bulbapedia.bulbagarden.net/wiki/Azurill_(Pok%C3%A9mon),https://www.serebii.net/pokedex-bw/298.shtml;https://www.serebii.net/pokedex-sm/298.shtml
bagon,371,no_predecessor_species,,{},,https://bulbapedia.bulbagarden.net/wiki/Bagon_(Pok%C3%A9mon),https://www.serebii.net/pokedex-bw/371.shtml;https://www.serebii.net/pokedex-swsh/bagon/
baltoy,343,no_predecessor_species,,{},,https://bulbapedia.bulbagarden.net/wiki/Baltoy_(Pok%C3%A9mon),https://www.serebii.net/pokedex-sm/343.shtml
banette-mega,354,transformation_not_species_evolution,,{},180,https://bulbapedia.bulbagarden.net/wiki/Banette_(Pok%C3%A9mon),https://www.serebii.net/pokedex-sm/354.shtml;https://www.serebii.net/pokedex-swsh/banette/;https://www.serebii.net/pokedex-xy/354.shtml
banette,354,baseline_match_not_all_games_verified,,"{""evolvesFrom"":""shuppet"",""evoFromLevel"":37}",180,https://bulbapedia.bulbagarden.net/wiki/Banette_(Pok%C3%A9mon),https://www.serebii.net/pokedex-sm/354.shtml;https://www.serebii.net/pokedex-swsh/banette/;https://www.serebii.net/pokedex-xy/354.shtml
barbaracle-mega,689,transformation_not_species_evolution,,{},343,https://bulbapedia.bulbagarden.net/wiki/Barbaracle_(Pok%C3%A9mon),https://www.serebii.net/pokedex-sm/689.shtml;https://www.serebii.net/pokedex-sv/barbaracle/
barbaracle,689,baseline_match_not_all_games_verified,,"{""evolvesFrom"":""binacle"",""evoFromLevel"":39}",343,https://bulbapedia.bulbagarden.net/wiki/Barbaracle_(Pok%C3%A9mon),https://www.serebii.net/pokedex-sm/689.shtml;https://www.serebii.net/pokedex-sv/barbaracle/
barboach,339,no_predecessor_species,,{},,https://bulbapedia.bulbagarden.net/wiki/Barboach_(Pok%C3%A9mon),
barraskewda,847,baseline_match_not_all_games_verified,,"{""evolvesFrom"":""arrokuda"",""evoFromLevel"":26}",432,https://bulbapedia.bulbagarden.net/wiki/Barraskewda_(Pok%C3%A9mon),
basculegion-f,902,has_findings,E03;E17;E27,"{""evolvesFrom"":""basculin-white-striped"",""evoFromCondition"":""Receive 294+ recoil without fainting""}",562,https://bulbapedia.bulbagarden.net/wiki/Basculegion_(Pok%C3%A9mon),https://www.serebii.net/pokedex-sv/basculegion/
basculegion,902,has_findings,E03;E17;E27,"{""evolvesFrom"":""basculin-white-striped"",""evoFromCondition"":""Receive 294+ recoil without fainting""}",465,https://bulbapedia.bulbagarden.net/wiki/Basculegion_(Pok%C3%A9mon),https://www.serebii.net/pokedex-sv/basculegion/
basculin-blue-striped,550,no_predecessor_species,,{},,https://bulbapedia.bulbagarden.net/wiki/Basculin_(Pok%C3%A9mon),https://www.serebii.net/pokedex-sm/550.shtml;https://www.serebii.net/pokedex-swsh/basculin/;https://www.serebii.net/pokedex-xy/550.shtml
basculin-white-striped,550,no_predecessor_species,,{},,https://bulbapedia.bulbagarden.net/wiki/Basculin_(Pok%C3%A9mon),https://www.serebii.net/pokedex-sm/550.shtml;https://www.serebii.net/pokedex-swsh/basculin/;https://www.serebii.net/pokedex-xy/550.shtml
basculin,550,no_predecessor_species,,{},,https://bulbapedia.bulbagarden.net/wiki/Basculin_(Pok%C3%A9mon),https://www.serebii.net/pokedex-sm/550.shtml;https://www.serebii.net/pokedex-swsh/basculin/;https://www.serebii.net/pokedex-xy/550.shtml
bastiodon,411,baseline_match_not_all_games_verified,,"{""evolvesFrom"":""shieldon"",""evoFromLevel"":30}",206,https://bulbapedia.bulbagarden.net/wiki/Bastiodon_(Pok%C3%A9mon),https://www.serebii.net/pokedex-sm/411.shtml;https://www.serebii.net/pokedex-swsh/bastiodon/
baxcalibur-mega,998,transformation_not_species_evolution,,{},510,https://bulbapedia.bulbagarden.net/wiki/Baxcalibur_(Pok%C3%A9mon),https://www.serebii.net/pokedex-sv/baxcalibur/
baxcalibur,998,baseline_match_not_all_games_verified,,"{""evolvesFrom"":""arctibax"",""evoFromLevel"":54}",510,https://bulbapedia.bulbagarden.net/wiki/Baxcalibur_(Pok%C3%A9mon),https://www.serebii.net/pokedex-sv/baxcalibur/
bayleef,153,baseline_match_not_all_games_verified,,"{""evolvesFrom"":""chikorita"",""evoFromLevel"":16}",84,https://bulbapedia.bulbagarden.net/wiki/Bayleef_(Pok%C3%A9mon),https://www.serebii.net/pokedex-sm/153.shtml
beartic,614,baseline_match_not_all_games_verified,,"{""evolvesFrom"":""cubchoo"",""evoFromLevel"":37}",311,https://bulbapedia.bulbagarden.net/wiki/Beartic_(Pok%C3%A9mon),https://www.serebii.net/pokedex-sm/614.shtml
beautifly-f,267,baseline_match_not_all_games_verified,,"{""evolvesFrom"":""silcoon"",""evoFromLevel"":10}",139,https://bulbapedia.bulbagarden.net/wiki/Beautifly_(Pok%C3%A9mon),https://www.serebii.net/pokedex-bw/267.shtml;https://www.serebii.net/pokedex-sm/267.shtml
beautifly,267,baseline_match_not_all_games_verified,,"{""evolvesFrom"":""silcoon"",""evoFromLevel"":10}",139,https://bulbapedia.bulbagarden.net/wiki/Beautifly_(Pok%C3%A9mon),https://www.serebii.net/pokedex-bw/267.shtml;https://www.serebii.net/pokedex-sm/267.shtml
beedrill-mega,15,transformation_not_species_evolution,,{},10,https://bulbapedia.bulbagarden.net/wiki/Beedrill_(Pok%C3%A9mon),https://www.serebii.net/pokedex-sm/015.shtml;https://www.serebii.net/pokedex-swsh/beedrill/;https://www.serebii.net/pokedex-xy/015.shtml
beedrill,15,baseline_match_not_all_games_verified,,"{""evolvesFrom"":""kakuna"",""evoFromLevel"":10}",10,https://bulbapedia.bulbagarden.net/wiki/Beedrill_(Pok%C3%A9mon),https://www.serebii.net/pokedex-sm/015.shtml;https://www.serebii.net/pokedex-swsh/beedrill/;https://www.serebii.net/pokedex-xy/015.shtml
beheeyem,606,baseline_match_not_all_games_verified,,"{""evolvesFrom"":""elgyem"",""evoFromLevel"":42}",306,https://bulbapedia.bulbagarden.net/wiki/Beheeyem_(Pok%C3%A9mon),https://www.serebii.net/pokedex-sm/606.shtml
beldum,374,no_predecessor_species,,{},,https://bulbapedia.bulbagarden.net/wiki/Beldum_(Pok%C3%A9mon),
bellibolt,939,baseline_match_not_all_games_verified,,"{""evolvesFrom"":""tadbulb"",""evoFromItem"":""thunderstone""}",487,https://bulbapedia.bulbagarden.net/wiki/Bellibolt_(Pok%C3%A9mon),
bellossom,182,baseline_match_not_all_games_verified,,"{""evolvesFrom"":""gloom"",""evoFromItem"":""sunstone""}",100,https://bulbapedia.bulbagarden.net/wiki/Bellossom_(Pok%C3%A9mon),https://www.serebii.net/pokedex-bw/182.shtml;https://www.serebii.net/pokedex-sm/182.shtml
bellsprout,69,no_predecessor_species,,{},,https://bulbapedia.bulbagarden.net/wiki/Bellsprout_(Pok%C3%A9mon),https://www.serebii.net/pokedex-bw/069.shtml;https://www.serebii.net/pokedex-sm/069.shtml
bergmite,712,no_predecessor_species,,{},,https://bulbapedia.bulbagarden.net/wiki/Bergmite_(Pok%C3%A9mon),https://www.serebii.net/pokedex-sm/712.shtml
bewear,760,baseline_match_not_all_games_verified,,"{""evolvesFrom"":""stufful"",""evoFromLevel"":27}",394,https://bulbapedia.bulbagarden.net/wiki/Bewear_(Pok%C3%A9mon),https://www.serebii.net/pokedex-swsh/bewear/
bibarel-f,400,has_findings,E25,"{""evolvesFrom"":""bidoof"",""evoFromLevel"":15}",200,https://bulbapedia.bulbagarden.net/wiki/Bibarel_(Pok%C3%A9mon),https://www.serebii.net/pokedex-sm/400.shtml
bibarel,400,baseline_match_not_all_games_verified,,"{""evolvesFrom"":""bidoof"",""evoFromLevel"":15}",200,https://bulbapedia.bulbagarden.net/wiki/Bibarel_(Pok%C3%A9mon),https://www.serebii.net/pokedex-sm/400.shtml
bidoof-f,399,no_predecessor_species,,{},,https://bulbapedia.bulbagarden.net/wiki/Bidoof_(Pok%C3%A9mon),https://www.serebii.net/pokedex-sm/399.shtml
bidoof,399,no_predecessor_species,,{},,https://bulbapedia.bulbagarden.net/wiki/Bidoof_(Pok%C3%A9mon),https://www.serebii.net/pokedex-sm/399.shtml
binacle,688,no_predecessor_species,,{},,https://bulbapedia.bulbagarden.net/wiki/Binacle_(Pok%C3%A9mon),https://www.serebii.net/pokedex-sm/688.shtml
bisharp,625,baseline_match_not_all_games_verified,,"{""evolvesFrom"":""pawniard"",""evoFromLevel"":52}",315,https://bulbapedia.bulbagarden.net/wiki/Bisharp_(Pok%C3%A9mon),https://www.serebii.net/pokedex-sm/625.shtml
blacephalon,806,no_predecessor_species,,{},,https://bulbapedia.bulbagarden.net/wiki/Blacephalon_(Pok%C3%A9mon),https://www.serebii.net/pokedex-sm/806.shtml
blastoise-gmax,9,transformation_not_species_evolution,,{},6,https://bulbapedia.bulbagarden.net/wiki/Blastoise_(Pok%C3%A9mon),https://www.serebii.net/pokedex-sm/009.shtml;https://www.serebii.net/pokedex-sv/blastoise/;https://www.serebii.net/pokedex-swsh/blastoise/;https://www.serebii.net/pokedex-xy/009.shtml
blastoise-mega,9,transformation_not_species_evolution,,{},6,https://bulbapedia.bulbagarden.net/wiki/Blastoise_(Pok%C3%A9mon),https://www.serebii.net/pokedex-sm/009.shtml;https://www.serebii.net/pokedex-sv/blastoise/;https://www.serebii.net/pokedex-swsh/blastoise/;https://www.serebii.net/pokedex-xy/009.shtml
blastoise,9,baseline_match_not_all_games_verified,,"{""evolvesFrom"":""wartortle"",""evoFromLevel"":36}",6,https://bulbapedia.bulbagarden.net/wiki/Blastoise_(Pok%C3%A9mon),https://www.serebii.net/pokedex-sm/009.shtml;https://www.serebii.net/pokedex-sv/blastoise/;https://www.serebii.net/pokedex-swsh/blastoise/;https://www.serebii.net/pokedex-xy/009.shtml
blaziken-f,257,has_findings,E25,"{""evolvesFrom"":""combusken"",""evoFromLevel"":36}",133,https://bulbapedia.bulbagarden.net/wiki/Blaziken_(Pok%C3%A9mon),https://www.serebii.net/pokedex-sm/257.shtml;https://www.serebii.net/pokedex-swsh/blaziken/;https://www.serebii.net/pokedex-xy/257.shtml
blaziken-mega,257,transformation_not_species_evolution,,{},133,https://bulbapedia.bulbagarden.net/wiki/Blaziken_(Pok%C3%A9mon),https://www.serebii.net/pokedex-sm/257.shtml;https://www.serebii.net/pokedex-swsh/blaziken/;https://www.serebii.net/pokedex-xy/257.shtml
blaziken,257,baseline_match_not_all_games_verified,,"{""evolvesFrom"":""combusken"",""evoFromLevel"":36}",133,https://bulbapedia.bulbagarden.net/wiki/Blaziken_(Pok%C3%A9mon),https://www.serebii.net/pokedex-sm/257.shtml;https://www.serebii.net/pokedex-swsh/blaziken/;https://www.serebii.net/pokedex-xy/257.shtml
blipbug,824,no_predecessor_species,,{},,https://bulbapedia.bulbagarden.net/wiki/Blipbug_(Pok%C3%A9mon),
blissey,242,has_findings,E02,"{""evolvesFrom"":""chansey""}",127,https://bulbapedia.bulbagarden.net/wiki/Blissey_(Pok%C3%A9mon),https://www.serebii.net/pokedex-bw/242.shtml
blitzle,522,no_predecessor_species,,{},,https://bulbapedia.bulbagarden.net/wiki/Blitzle_(Pok%C3%A9mon),https://www.serebii.net/pokedex-sm/522.shtml
boldore,525,baseline_match_not_all_games_verified,,"{""evolvesFrom"":""roggenrola"",""evoFromLevel"":25}",264,https://bulbapedia.bulbagarden.net/wiki/Boldore_(Pok%C3%A9mon),
boltund,836,baseline_match_not_all_games_verified,,"{""evolvesFrom"":""yamper"",""evoFromLevel"":25}",426,https://bulbapedia.bulbagarden.net/wiki/Boltund_(Pok%C3%A9mon),
bombirdier,962,no_predecessor_species,,{},,https://bulbapedia.bulbagarden.net/wiki/Bombirdier_(Pok%C3%A9mon),
bonsly,438,no_predecessor_species,,{},,https://bulbapedia.bulbagarden.net/wiki/Bonsly_(Pok%C3%A9mon),https://www.serebii.net/pokedex-swsh/bonsly/
bouffalant,626,no_predecessor_species,,{},,https://bulbapedia.bulbagarden.net/wiki/Bouffalant_(Pok%C3%A9mon),https://www.serebii.net/pokedex-sm/626.shtml
bounsweet,761,no_predecessor_species,,{},,https://bulbapedia.bulbagarden.net/wiki/Bounsweet_(Pok%C3%A9mon),
braixen,654,baseline_match_not_all_games_verified,,"{""evolvesFrom"":""fennekin"",""evoFromLevel"":16}",331,https://bulbapedia.bulbagarden.net/wiki/Braixen_(Pok%C3%A9mon),https://www.serebii.net/pokedex-sm/654.shtml
brambleghast,947,has_findings,E21;E27,"{""evolvesFrom"":""bramblin"",""evoFromCondition"":""Walk 1000 steps in Let's Go""}",491,https://bulbapedia.bulbagarden.net/wiki/Brambleghast_(Pok%C3%A9mon),
bramblin,946,no_predecessor_species,,{},,https://bulbapedia.bulbagarden.net/wiki/Bramblin_(Pok%C3%A9mon),
braviary-hisui,628,has_findings,E18,"{""evolvesFrom"":""rufflet"",""evoFromLevel"":54}",530,https://bulbapedia.bulbagarden.net/wiki/Braviary_(Pok%C3%A9mon),https://www.serebii.net/pokedex-sm/628.shtml;https://www.serebii.net/pokedex-swsh/braviary/
braviary,628,has_findings,E18,"{""evolvesFrom"":""rufflet"",""evoFromLevel"":54}",316,https://bulbapedia.bulbagarden.net/wiki/Braviary_(Pok%C3%A9mon),https://www.serebii.net/pokedex-sm/628.shtml;https://www.serebii.net/pokedex-swsh/braviary/
breloom,286,baseline_match_not_all_games_verified,,"{""evolvesFrom"":""shroomish"",""evoFromLevel"":23}",151,https://bulbapedia.bulbagarden.net/wiki/Breloom_(Pok%C3%A9mon),https://www.serebii.net/pokedex-sm/286.shtml
brionne,729,baseline_match_not_all_games_verified,,"{""evolvesFrom"":""popplio"",""evoFromLevel"":17}",377,https://bulbapedia.bulbagarden.net/wiki/Brionne_(Pok%C3%A9mon),
bronzong,437,baseline_match_not_all_games_verified,,"{""evolvesFrom"":""bronzor"",""evoFromLevel"":33}",220,https://bulbapedia.bulbagarden.net/wiki/Bronzong_(Pok%C3%A9mon),https://www.serebii.net/pokedex-sm/437.shtml
bronzor,436,no_predecessor_species,,{},,https://bulbapedia.bulbagarden.net/wiki/Bronzor_(Pok%C3%A9mon),https://www.serebii.net/pokedex-sm/436.shtml;https://www.serebii.net/pokedex-swsh/bronzor/
brutebonnet,986,no_predecessor_species,,{},,https://bulbapedia.bulbagarden.net/wiki/Brute_Bonnet_(Pok%C3%A9mon),
bruxish,779,no_predecessor_species,,{},,https://bulbapedia.bulbagarden.net/wiki/Bruxish_(Pok%C3%A9mon),
budew,406,no_predecessor_species,,{},,https://bulbapedia.bulbagarden.net/wiki/Budew_(Pok%C3%A9mon),https://www.serebii.net/pokedex-bw/406.shtml;https://www.serebii.net/pokedex-sm/406.shtml
buizel-f,418,no_predecessor_species,,{},,https://bulbapedia.bulbagarden.net/wiki/Buizel_(Pok%C3%A9mon),https://www.serebii.net/pokedex-sm/418.shtml
buizel,418,no_predecessor_species,,{},,https://bulbapedia.bulbagarden.net/wiki/Buizel_(Pok%C3%A9mon),https://www.serebii.net/pokedex-sm/418.shtml
bulbasaur,1,no_predecessor_species,,{},,https://bulbapedia.bulbagarden.net/wiki/Bulbasaur_(Pok%C3%A9mon),
buneary,427,no_predecessor_species,,{},,https://bulbapedia.bulbagarden.net/wiki/Buneary_(Pok%C3%A9mon),https://www.serebii.net/pokedex-sm/427.shtml
bunnelby,659,no_predecessor_species,,{},,https://bulbapedia.bulbagarden.net/wiki/Bunnelby_(Pok%C3%A9mon),https://www.serebii.net/pokedex-sm/659.shtml
burmy-sandy,412,no_predecessor_species,,{},,https://bulbapedia.bulbagarden.net/wiki/Burmy_(Pok%C3%A9mon),https://www.serebii.net/pokedex-bw/412.shtml;https://www.serebii.net/pokedex-dp/412.shtml;https://www.serebii.net/pokedex-sm/412.shtml;https://www.serebii.net/pokedex-xy/412.shtml
burmy-trash,412,no_predecessor_species,,{},,https://bulbapedia.bulbagarden.net/wiki/Burmy_(Pok%C3%A9mon),https://www.serebii.net/pokedex-bw/412.shtml;https://www.serebii.net/pokedex-dp/412.shtml;https://www.serebii.net/pokedex-sm/412.shtml;https://www.serebii.net/pokedex-xy/412.shtml
burmy,412,no_predecessor_species,,{},,https://bulbapedia.bulbagarden.net/wiki/Burmy_(Pok%C3%A9mon),https://www.serebii.net/pokedex-bw/412.shtml;https://www.serebii.net/pokedex-dp/412.shtml;https://www.serebii.net/pokedex-sm/412.shtml;https://www.serebii.net/pokedex-xy/412.shtml
butterfree-f,12,baseline_match_not_all_games_verified,,"{""evolvesFrom"":""metapod"",""evoFromLevel"":10}",8,https://bulbapedia.bulbagarden.net/wiki/Butterfree_(Pok%C3%A9mon),https://www.serebii.net/pokedex-swsh/butterfree/
butterfree-gmax,12,transformation_not_species_evolution,,{},8,https://bulbapedia.bulbagarden.net/wiki/Butterfree_(Pok%C3%A9mon),https://www.serebii.net/pokedex-swsh/butterfree/
butterfree,12,baseline_match_not_all_games_verified,,"{""evolvesFrom"":""metapod"",""evoFromLevel"":10}",8,https://bulbapedia.bulbagarden.net/wiki/Butterfree_(Pok%C3%A9mon),https://www.serebii.net/pokedex-swsh/butterfree/
buzzwole,794,no_predecessor_species,,{},,https://bulbapedia.bulbagarden.net/wiki/Buzzwole_(Pok%C3%A9mon),https://www.serebii.net/pokedex-sm/794.shtml
cacnea,331,no_predecessor_species,,{},,https://bulbapedia.bulbagarden.net/wiki/Cacnea_(Pok%C3%A9mon),https://www.serebii.net/pokedex-sm/331.shtml
cacturne-f,332,baseline_match_not_all_games_verified,,"{""evolvesFrom"":""cacnea"",""evoFromLevel"":32}",172,https://bulbapedia.bulbagarden.net/wiki/Cacturne_(Pok%C3%A9mon),https://www.serebii.net/pokedex-sm/332.shtml
cacturne,332,baseline_match_not_all_games_verified,,"{""evolvesFrom"":""cacnea"",""evoFromLevel"":32}",172,https://bulbapedia.bulbagarden.net/wiki/Cacturne_(Pok%C3%A9mon),https://www.serebii.net/pokedex-sm/332.shtml
calyrex-ice,898,transformation_not_species_evolution,,{},,https://bulbapedia.bulbagarden.net/wiki/Calyrex_(Pok%C3%A9mon),https://www.serebii.net/pokedex-sv/calyrex/;https://www.serebii.net/pokedex-swsh/calyrex/
calyrex-shadow,898,transformation_not_species_evolution,,{},,https://bulbapedia.bulbagarden.net/wiki/Calyrex_(Pok%C3%A9mon),https://www.serebii.net/pokedex-sv/calyrex/;https://www.serebii.net/pokedex-swsh/calyrex/
calyrex,898,no_predecessor_species,,{},,https://bulbapedia.bulbagarden.net/wiki/Calyrex_(Pok%C3%A9mon),https://www.serebii.net/pokedex-sv/calyrex/;https://www.serebii.net/pokedex-swsh/calyrex/
camerupt-f,323,has_findings,E25,"{""evolvesFrom"":""numel"",""evoFromLevel"":33}",168,https://bulbapedia.bulbagarden.net/wiki/Camerupt_(Pok%C3%A9mon),https://www.serebii.net/pokedex-sm/323.shtml;https://www.serebii.net/pokedex-swsh/camerupt/;https://www.serebii.net/pokedex-xy/323.shtml
camerupt-mega,323,transformation_not_species_evolution,,{},168,https://bulbapedia.bulbagarden.net/wiki/Camerupt_(Pok%C3%A9mon),https://www.serebii.net/pokedex-sm/323.shtml;https://www.serebii.net/pokedex-swsh/camerupt/;https://www.serebii.net/pokedex-xy/323.shtml
camerupt,323,baseline_match_not_all_games_verified,,"{""evolvesFrom"":""numel"",""evoFromLevel"":33}",168,https://bulbapedia.bulbagarden.net/wiki/Camerupt_(Pok%C3%A9mon),https://www.serebii.net/pokedex-sm/323.shtml;https://www.serebii.net/pokedex-swsh/camerupt/;https://www.serebii.net/pokedex-xy/323.shtml
capsakid,951,no_predecessor_species,,{},,https://bulbapedia.bulbagarden.net/wiki/Capsakid_(Pok%C3%A9mon),
carbink,703,no_predecessor_species,,{},,https://bulbapedia.bulbagarden.net/wiki/Carbink_(Pok%C3%A9mon),
carkol,838,baseline_match_not_all_games_verified,,"{""evolvesFrom"":""rolycoly"",""evoFromLevel"":18}",427,https://bulbapedia.bulbagarden.net/wiki/Carkol_(Pok%C3%A9mon),https://www.serebii.net/pokedex-swsh/carkol/
carnivine,455,no_predecessor_species,,{},,https://bulbapedia.bulbagarden.net/wiki/Carnivine_(Pok%C3%A9mon),https://www.serebii.net/pokedex-sm/455.shtml
carracosta,565,baseline_match_not_all_games_verified,,"{""evolvesFrom"":""tirtouga"",""evoFromLevel"":37}",284,https://bulbapedia.bulbagarden.net/wiki/Carracosta_(Pok%C3%A9mon),https://www.serebii.net/pokedex-sm/565.shtml
carvanha,318,no_predecessor_species,,{},,https://bulbapedia.bulbagarden.net/wiki/Carvanha_(Pok%C3%A9mon),https://www.serebii.net/pokedex-dp/318.shtml
cascoon,268,has_findings,E08,"{""evolvesFrom"":""wurmple"",""evoFromLevel"":7}",140;564,https://bulbapedia.bulbagarden.net/wiki/Cascoon_(Pok%C3%A9mon),https://www.serebii.net/pokedex-bw/268.shtml;https://www.serebii.net/pokedex-sm/268.shtml
castform-rainy,351,transformation_not_species_evolution,,{},,https://bulbapedia.bulbagarden.net/wiki/Castform_(Pok%C3%A9mon),https://www.serebii.net/pokedex-bw/351.shtml;https://www.serebii.net/pokedex-dp/351.shtml;https://www.serebii.net/pokedex-rs/351.shtml
castform-snowy,351,transformation_not_species_evolution,,{},,https://bulbapedia.bulbagarden.net/wiki/Castform_(Pok%C3%A9mon),https://www.serebii.net/pokedex-bw/351.shtml;https://www.serebii.net/pokedex-dp/351.shtml;https://www.serebii.net/pokedex-rs/351.shtml
castform-sunny,351,transformation_not_species_evolution,,{},,https://bulbapedia.bulbagarden.net/wiki/Castform_(Pok%C3%A9mon),https://www.serebii.net/pokedex-bw/351.shtml;https://www.serebii.net/pokedex-dp/351.shtml;https://www.serebii.net/pokedex-rs/351.shtml
castform,351,no_predecessor_species,,{},,https://bulbapedia.bulbagarden.net/wiki/Castform_(Pok%C3%A9mon),https://www.serebii.net/pokedex-bw/351.shtml;https://www.serebii.net/pokedex-dp/351.shtml;https://www.serebii.net/pokedex-rs/351.shtml
caterpie,10,no_predecessor_species,,{},,https://bulbapedia.bulbagarden.net/wiki/Caterpie_(Pok%C3%A9mon),
celebi,251,no_predecessor_species,,{},,https://bulbapedia.bulbagarden.net/wiki/Celebi_(Pok%C3%A9mon),https://www.serebii.net/pokedex-gs/251.shtml;https://www.serebii.net/pokedex-rs/251.shtml;https://www.serebii.net/pokedex-sm/251.shtml;https://www.serebii.net/pokedex-swsh/celebi/
celesteela,797,no_predecessor_species,,{},,https://bulbapedia.bulbagarden.net/wiki/Celesteela_(Pok%C3%A9mon),https://www.serebii.net/pokedex-sm/797.shtml
centiskorch-gmax,851,transformation_not_species_evolution,,{},434,https://bulbapedia.bulbagarden.net/wiki/Centiskorch_(Pok%C3%A9mon),https://www.serebii.net/pokedex-swsh/centiskorch/
centiskorch,851,baseline_match_not_all_games_verified,,"{""evolvesFrom"":""sizzlipede"",""evoFromLevel"":28}",434,https://bulbapedia.bulbagarden.net/wiki/Centiskorch_(Pok%C3%A9mon),https://www.serebii.net/pokedex-swsh/centiskorch/
ceruledge,937,baseline_match_not_all_games_verified,,"{""evolvesFrom"":""charcadet"",""evoFromItem"":""maliciousarmor""}",486,https://bulbapedia.bulbagarden.net/wiki/Ceruledge_(Pok%C3%A9mon),
cetitan,975,baseline_match_not_all_games_verified,,"{""evolvesFrom"":""cetoddle"",""evoFromItem"":""icestone""}",503,https://bulbapedia.bulbagarden.net/wiki/Cetitan_(Pok%C3%A9mon),
cetoddle,974,no_predecessor_species,,{},,https://bulbapedia.bulbagarden.net/wiki/Cetoddle_(Pok%C3%A9mon),
chandelure-mega,609,transformation_not_species_evolution,,{},308,https://bulbapedia.bulbagarden.net/wiki/Chandelure_(Pok%C3%A9mon),https://www.serebii.net/pokedex-sv/chandelure/
chandelure,609,baseline_match_not_all_games_verified,,"{""evolvesFrom"":""lampent"",""evoFromItem"":""duskstone""}",308,https://bulbapedia.bulbagarden.net/wiki/Chandelure_(Pok%C3%A9mon),https://www.serebii.net/pokedex-sv/chandelure/
chansey,113,has_findings,E11;E14;E27,"{""evolvesFrom"":""happiny"",""evoFromItem"":""ovalstone"",""evoFromCondition"":""during the day""}",67,https://bulbapedia.bulbagarden.net/wiki/Chansey_(Pok%C3%A9mon),https://www.serebii.net/pokedex-bw/113.shtml
charcadet,935,no_predecessor_species,,{},,https://bulbapedia.bulbagarden.net/wiki/Charcadet_(Pok%C3%A9mon),
charizard-gmax,6,transformation_not_species_evolution,,{},4,https://bulbapedia.bulbagarden.net/wiki/Charizard_(Pok%C3%A9mon),https://www.serebii.net/pokedex-sm/006.shtml;https://www.serebii.net/pokedex-sv/charizard/;https://www.serebii.net/pokedex-swsh/charizard/;https://www.serebii.net/pokedex-xy/006.shtml
charizard-mega-x,6,transformation_not_species_evolution,,{},4,https://bulbapedia.bulbagarden.net/wiki/Charizard_(Pok%C3%A9mon),https://www.serebii.net/pokedex-sm/006.shtml;https://www.serebii.net/pokedex-sv/charizard/;https://www.serebii.net/pokedex-swsh/charizard/;https://www.serebii.net/pokedex-xy/006.shtml
charizard-mega-y,6,transformation_not_species_evolution,,{},4,https://bulbapedia.bulbagarden.net/wiki/Charizard_(Pok%C3%A9mon),https://www.serebii.net/pokedex-sm/006.shtml;https://www.serebii.net/pokedex-sv/charizard/;https://www.serebii.net/pokedex-swsh/charizard/;https://www.serebii.net/pokedex-xy/006.shtml
charizard,6,baseline_match_not_all_games_verified,,"{""evolvesFrom"":""charmeleon"",""evoFromLevel"":36}",4,https://bulbapedia.bulbagarden.net/wiki/Charizard_(Pok%C3%A9mon),https://www.serebii.net/pokedex-sm/006.shtml;https://www.serebii.net/pokedex-sv/charizard/;https://www.serebii.net/pokedex-swsh/charizard/;https://www.serebii.net/pokedex-xy/006.shtml
charjabug,737,baseline_match_not_all_games_verified,,"{""evolvesFrom"":""grubbin"",""evoFromLevel"":20}",382,https://bulbapedia.bulbagarden.net/wiki/Charjabug_(Pok%C3%A9mon),
charmander,4,no_predecessor_species,,{},,https://bulbapedia.bulbagarden.net/wiki/Charmander_(Pok%C3%A9mon),https://www.serebii.net/pokedex-bw/004.shtml;https://www.serebii.net/pokedex-dp/004.shtml;https://www.serebii.net/pokedex-gs/004.shtml;https://www.serebii.net/pokedex-rs/004.shtml;https://www.serebii.net/pokedex-sm/004.shtml;https://www.serebii.net/pokedex-sv/charmander/;https://www.serebii.net/pokedex-swsh/charmander/;https://www.serebii.net/pokedex-xy/004.shtml;https://www.serebii.net/pokedex/004.shtml
charmeleon,5,baseline_match_not_all_games_verified,,"{""evolvesFrom"":""charmander"",""evoFromLevel"":16}",3,https://bulbapedia.bulbagarden.net/wiki/Charmeleon_(Pok%C3%A9mon),
chatot,441,no_predecessor_species,,{},,https://bulbapedia.bulbagarden.net/wiki/Chatot_(Pok%C3%A9mon),https://www.serebii.net/pokedex-sm/441.shtml
cherrim-sunshine,421,transformation_not_species_evolution,,{},211,https://bulbapedia.bulbagarden.net/wiki/Cherrim_(Pok%C3%A9mon),https://www.serebii.net/pokedex-bw/421.shtml;https://www.serebii.net/pokedex-dp/421.shtml;https://www.serebii.net/pokedex-sm/421.shtml;https://www.serebii.net/pokedex-xy/421.shtml
cherrim,421,baseline_match_not_all_games_verified,,"{""evolvesFrom"":""cherubi"",""evoFromLevel"":25}",211,https://bulbapedia.bulbagarden.net/wiki/Cherrim_(Pok%C3%A9mon),https://www.serebii.net/pokedex-bw/421.shtml;https://www.serebii.net/pokedex-dp/421.shtml;https://www.serebii.net/pokedex-sm/421.shtml;https://www.serebii.net/pokedex-xy/421.shtml
cherubi,420,no_predecessor_species,,{},,https://bulbapedia.bulbagarden.net/wiki/Cherubi_(Pok%C3%A9mon),https://www.serebii.net/pokedex-sm/420.shtml;https://www.serebii.net/pokedex-swsh/cherubi/
chesnaught-mega,652,transformation_not_species_evolution,,{},336,https://bulbapedia.bulbagarden.net/wiki/Chesnaught_(Pok%C3%A9mon),https://www.serebii.net/pokedex-sm/652.shtml;https://www.serebii.net/pokedex-sv/chesnaught/
chesnaught,652,baseline_match_not_all_games_verified,,"{""evolvesFrom"":""quilladin"",""evoFromLevel"":36}",336,https://bulbapedia.bulbagarden.net/wiki/Chesnaught_(Pok%C3%A9mon),https://www.serebii.net/pokedex-sm/652.shtml;https://www.serebii.net/pokedex-sv/chesnaught/
chespin,650,no_predecessor_species,,{},,https://bulbapedia.bulbagarden.net/wiki/Chespin_(Pok%C3%A9mon),https://www.serebii.net/pokedex-sm/650.shtml
chewtle,833,no_predecessor_species,,{},,https://bulbapedia.bulbagarden.net/wiki/Chewtle_(Pok%C3%A9mon),
chienpao,1002,no_predecessor_species,,{},,https://bulbapedia.bulbagarden.net/wiki/Chien-Pao_(Pok%C3%A9mon),
chikorita,152,no_predecessor_species,,{},,https://bulbapedia.bulbagarden.net/wiki/Chikorita_(Pok%C3%A9mon),https://www.serebii.net/pokedex-sm/152.shtml
chimchar,390,no_predecessor_species,,{},,https://bulbapedia.bulbagarden.net/wiki/Chimchar_(Pok%C3%A9mon),https://www.serebii.net/pokedex-sm/390.shtml
chimecho-mega,358,transformation_not_species_evolution,,{},182,https://bulbapedia.bulbagarden.net/wiki/Chimecho_(Pok%C3%A9mon),https://www.serebii.net/pokedex-sm/358.shtml;https://www.serebii.net/pokedex-sv/chimecho/
chimecho,358,has_findings,E02;E27,"{""evolvesFrom"":""chingling"",""evoFromCondition"":""at night""}",182,https://bulbapedia.bulbagarden.net/wiki/Chimecho_(Pok%C3%A9mon),https://www.serebii.net/pokedex-sm/358.shtml;https://www.serebii.net/pokedex-sv/chimecho/
chinchou,170,no_predecessor_species,,{},,https://bulbapedia.bulbagarden.net/wiki/Chinchou_(Pok%C3%A9mon),
chingling,433,no_predecessor_species,,{},,https://bulbapedia.bulbagarden.net/wiki/Chingling_(Pok%C3%A9mon),https://www.serebii.net/pokedex-sm/433.shtml
chiyu,1004,no_predecessor_species,,{},,https://bulbapedia.bulbagarden.net/wiki/Chi-Yu_(Pok%C3%A9mon),
cinccino,573,baseline_match_not_all_games_verified,,"{""evolvesFrom"":""minccino"",""evoFromItem"":""shinystone""}",288,https://bulbapedia.bulbagarden.net/wiki/Cinccino_(Pok%C3%A9mon),https://www.serebii.net/pokedex-sm/573.shtml
cinderace-gmax,815,transformation_not_species_evolution,,{},414,https://bulbapedia.bulbagarden.net/wiki/Cinderace_(Pok%C3%A9mon),https://www.serebii.net/pokedex-sv/cinderace/;https://www.serebii.net/pokedex-swsh/cinderace/
cinderace,815,baseline_match_not_all_games_verified,,"{""evolvesFrom"":""raboot"",""evoFromLevel"":35}",414,https://bulbapedia.bulbagarden.net/wiki/Cinderace_(Pok%C3%A9mon),https://www.serebii.net/pokedex-sv/cinderace/;https://www.serebii.net/pokedex-swsh/cinderace/
clamperl,366,no_predecessor_species,,{},,https://bulbapedia.bulbagarden.net/wiki/Clamperl_(Pok%C3%A9mon),https://www.serebii.net/pokedex-sm/366.shtml
clauncher,692,no_predecessor_species,,{},,https://bulbapedia.bulbagarden.net/wiki/Clauncher_(Pok%C3%A9mon),https://www.serebii.net/pokedex-sm/692.shtml;https://www.serebii.net/pokedex-swsh/clauncher/
clawitzer,693,baseline_match_not_all_games_verified,,"{""evolvesFrom"":""clauncher"",""evoFromLevel"":37}",335,https://bulbapedia.bulbagarden.net/wiki/Clawitzer_(Pok%C3%A9mon),https://www.serebii.net/pokedex-sm/693.shtml;https://www.serebii.net/pokedex-swsh/clawitzer/
claydol,344,baseline_match_not_all_games_verified,,"{""evolvesFrom"":""baltoy"",""evoFromLevel"":36}",176,https://bulbapedia.bulbagarden.net/wiki/Claydol_(Pok%C3%A9mon),https://www.serebii.net/pokedex-sm/344.shtml
clefable-mega,36,transformation_not_species_evolution,,{},24,https://bulbapedia.bulbagarden.net/wiki/Clefable_(Pok%C3%A9mon),https://www.serebii.net/pokedex-sv/clefable/
clefable,36,baseline_match_not_all_games_verified,,"{""evolvesFrom"":""clefairy"",""evoFromItem"":""moonstone""}",24,https://bulbapedia.bulbagarden.net/wiki/Clefable_(Pok%C3%A9mon),https://www.serebii.net/pokedex-sv/clefable/
clefairy,35,has_findings,E02,"{""evolvesFrom"":""cleffa""}",23,https://bulbapedia.bulbagarden.net/wiki/Clefairy_(Pok%C3%A9mon),
cleffa,173,no_predecessor_species,,{},,https://bulbapedia.bulbagarden.net/wiki/Cleffa_(Pok%C3%A9mon),
clobbopus,852,no_predecessor_species,,{},,https://bulbapedia.bulbagarden.net/wiki/Clobbopus_(Pok%C3%A9mon),
clodsire,980,baseline_match_not_all_games_verified,,"{""evolvesFrom"":""wooper-paldea"",""evoFromLevel"":20}",505,https://bulbapedia.bulbagarden.net/wiki/Clodsire_(Pok%C3%A9mon),
cloyster,91,baseline_match_not_all_games_verified,,"{""evolvesFrom"":""shellder"",""evoFromItem"":""waterstone""}",55,https://bulbapedia.bulbagarden.net/wiki/Cloyster_(Pok%C3%A9mon),
coalossal-gmax,839,transformation_not_species_evolution,,{},428,https://bulbapedia.bulbagarden.net/wiki/Coalossal_(Pok%C3%A9mon),https://www.serebii.net/pokedex-sv/coalossal/;https://www.serebii.net/pokedex-swsh/coalossal/
coalossal,839,baseline_match_not_all_games_verified,,"{""evolvesFrom"":""carkol"",""evoFromLevel"":34}",428,https://bulbapedia.bulbagarden.net/wiki/Coalossal_(Pok%C3%A9mon),https://www.serebii.net/pokedex-sv/coalossal/;https://www.serebii.net/pokedex-swsh/coalossal/
cobalion,638,no_predecessor_species,,{},,https://bulbapedia.bulbagarden.net/wiki/Cobalion_(Pok%C3%A9mon),https://www.serebii.net/pokedex-sm/638.shtml
cofagrigus,563,baseline_match_not_all_games_verified,,"{""evolvesFrom"":""yamask"",""evoFromLevel"":34}",283,https://bulbapedia.bulbagarden.net/wiki/Cofagrigus_(Pok%C3%A9mon),https://www.serebii.net/pokedex-sm/563.shtml
combee-f,415,no_predecessor_species,,{},,https://bulbapedia.bulbagarden.net/wiki/Combee_(Pok%C3%A9mon),https://www.serebii.net/pokedex-sm/415.shtml;https://www.serebii.net/pokedex-swsh/combee/
combee,415,no_predecessor_species,,{},,https://bulbapedia.bulbagarden.net/wiki/Combee_(Pok%C3%A9mon),https://www.serebii.net/pokedex-sm/415.shtml;https://www.serebii.net/pokedex-swsh/combee/
combusken-f,256,has_findings,E25,"{""evolvesFrom"":""torchic"",""evoFromLevel"":16}",132,https://bulbapedia.bulbagarden.net/wiki/Combusken_(Pok%C3%A9mon),https://www.serebii.net/pokedex-sm/256.shtml
combusken,256,baseline_match_not_all_games_verified,,"{""evolvesFrom"":""torchic"",""evoFromLevel"":16}",132,https://bulbapedia.bulbagarden.net/wiki/Combusken_(Pok%C3%A9mon),https://www.serebii.net/pokedex-sm/256.shtml
comfey,764,no_predecessor_species,,{},,https://bulbapedia.bulbagarden.net/wiki/Comfey_(Pok%C3%A9mon),
conkeldurr,534,has_findings,E01,"{""evolvesFrom"":""gurdurr""}",269,https://bulbapedia.bulbagarden.net/wiki/Conkeldurr_(Pok%C3%A9mon),https://www.serebii.net/pokedex-sm/534.shtml
copperajah-gmax,879,transformation_not_species_evolution,,{},443,https://bulbapedia.bulbagarden.net/wiki/Copperajah_(Pok%C3%A9mon),https://www.serebii.net/pokedex-sv/copperajah/;https://www.serebii.net/pokedex-swsh/copperajah/
copperajah,879,baseline_match_not_all_games_verified,,"{""evolvesFrom"":""cufant"",""evoFromLevel"":34}",443,https://bulbapedia.bulbagarden.net/wiki/Copperajah_(Pok%C3%A9mon),https://www.serebii.net/pokedex-sv/copperajah/;https://www.serebii.net/pokedex-swsh/copperajah/
corphish,341,no_predecessor_species,,{},,https://bulbapedia.bulbagarden.net/wiki/Corphish_(Pok%C3%A9mon),https://www.serebii.net/pokedex-bw/341.shtml;https://www.serebii.net/pokedex-sm/341.shtml
corsola-galar,222,no_predecessor_species,,{},,https://bulbapedia.bulbagarden.net/wiki/Corsola_(Pok%C3%A9mon),https://www.serebii.net/pokedex-swsh/corsola/
corsola,222,no_predecessor_species,,{},,https://bulbapedia.bulbagarden.net/wiki/Corsola_(Pok%C3%A9mon),https://www.serebii.net/pokedex-swsh/corsola/
corviknight-gmax,823,transformation_not_species_evolution,,{},419,https://bulbapedia.bulbagarden.net/wiki/Corviknight_(Pok%C3%A9mon),https://www.serebii.net/pokedex-sv/corviknight/;https://www.serebii.net/pokedex-swsh/corviknight/
corviknight,823,baseline_match_not_all_games_verified,,"{""evolvesFrom"":""corvisquire"",""evoFromLevel"":38}",419,https://bulbapedia.bulbagarden.net/wiki/Corviknight_(Pok%C3%A9mon),https://www.serebii.net/pokedex-sv/corviknight/;https://www.serebii.net/pokedex-swsh/corviknight/
corvisquire,822,baseline_match_not_all_games_verified,,"{""evolvesFrom"":""rookidee"",""evoFromLevel"":18}",418,https://bulbapedia.bulbagarden.net/wiki/Corvisquire_(Pok%C3%A9mon),
cosmoem,790,baseline_match_not_all_games_verified,,"{""evolvesFrom"":""cosmog"",""evoFromLevel"":43}",402,https://bulbapedia.bulbagarden.net/wiki/Cosmoem_(Pok%C3%A9mon),
cosmog,789,no_predecessor_species,,{},,https://bulbapedia.bulbagarden.net/wiki/Cosmog_(Pok%C3%A9mon),
cottonee,546,no_predecessor_species,,{},,https://bulbapedia.bulbagarden.net/wiki/Cottonee_(Pok%C3%A9mon),https://www.serebii.net/pokedex-sm/546.shtml
crabominable-mega,740,transformation_not_species_evolution,,{},384;512,https://bulbapedia.bulbagarden.net/wiki/Crabominable_(Pok%C3%A9mon),https://www.serebii.net/pokedex-sv/crabominable/
crabominable,740,has_findings,E13,"{""evolvesFrom"":""crabrawler"",""evoFromItem"":""icestone""}",384;512,https://bulbapedia.bulbagarden.net/wiki/Crabominable_(Pok%C3%A9mon),https://www.serebii.net/pokedex-sv/crabominable/
crabrawler,739,no_predecessor_species,,{},,https://bulbapedia.bulbagarden.net/wiki/Crabrawler_(Pok%C3%A9mon),
cradily,346,baseline_match_not_all_games_verified,,"{""evolvesFrom"":""lileep"",""evoFromLevel"":40}",177,https://bulbapedia.bulbagarden.net/wiki/Cradily_(Pok%C3%A9mon),https://www.serebii.net/pokedex-dp/346.shtml;https://www.serebii.net/pokedex-sm/346.shtml
cramorant-gorging,845,transformation_not_species_evolution,,{},,https://bulbapedia.bulbagarden.net/wiki/Cramorant_(Pok%C3%A9mon),https://www.serebii.net/pokedex-sv/cramorant/;https://www.serebii.net/pokedex-swsh/cramorant/
cramorant-gulping,845,transformation_not_species_evolution,,{},,https://bulbapedia.bulbagarden.net/wiki/Cramorant_(Pok%C3%A9mon),https://www.serebii.net/pokedex-sv/cramorant/;https://www.serebii.net/pokedex-swsh/cramorant/
cramorant,845,no_predecessor_species,,{},,https://bulbapedia.bulbagarden.net/wiki/Cramorant_(Pok%C3%A9mon),https://www.serebii.net/pokedex-sv/cramorant/;https://www.serebii.net/pokedex-swsh/cramorant/
cranidos,408,no_predecessor_species,,{},,https://bulbapedia.bulbagarden.net/wiki/Cranidos_(Pok%C3%A9mon),
crawdaunt,342,baseline_match_not_all_games_verified,,"{""evolvesFrom"":""corphish"",""evoFromLevel"":30}",175,https://bulbapedia.bulbagarden.net/wiki/Crawdaunt_(Pok%C3%A9mon),https://www.serebii.net/pokedex-bw/342.shtml;https://www.serebii.net/pokedex-sm/342.shtml
cresselia,488,no_predecessor_species,,{},,https://bulbapedia.bulbagarden.net/wiki/Cresselia_(Pok%C3%A9mon),https://www.serebii.net/pokedex-sm/488.shtml
croagunk-f,453,no_predecessor_species,,{},,https://bulbapedia.bulbagarden.net/wiki/Croagunk_(Pok%C3%A9mon),https://www.serebii.net/pokedex-sm/453.shtml;https://www.serebii.net/pokedex-swsh/croagunk/
croagunk,453,no_predecessor_species,,{},,https://bulbapedia.bulbagarden.net/wiki/Croagunk_(Pok%C3%A9mon),https://www.serebii.net/pokedex-sm/453.shtml;https://www.serebii.net/pokedex-swsh/croagunk/
crobat,169,has_findings,E02,"{""evolvesFrom"":""golbat""}",94,https://bulbapedia.bulbagarden.net/wiki/Crobat_(Pok%C3%A9mon),
crocalor,910,baseline_match_not_all_games_verified,,"{""evolvesFrom"":""fuecoco"",""evoFromLevel"":16}",470,https://bulbapedia.bulbagarden.net/wiki/Crocalor_(Pok%C3%A9mon),
croconaw,159,baseline_match_not_all_games_verified,,"{""evolvesFrom"":""totodile"",""evoFromLevel"":18}",88,https://bulbapedia.bulbagarden.net/wiki/Croconaw_(Pok%C3%A9mon),https://www.serebii.net/pokedex-sm/159.shtml
crustle,558,baseline_match_not_all_games_verified,,"{""evolvesFrom"":""dwebble"",""evoFromLevel"":34}",281,https://bulbapedia.bulbagarden.net/wiki/Crustle_(Pok%C3%A9mon),https://www.serebii.net/pokedex-sm/558.shtml
cryogonal,615,no_predecessor_species,,{},,https://bulbapedia.bulbagarden.net/wiki/Cryogonal_(Pok%C3%A9mon),https://www.serebii.net/pokedex-sm/615.shtml
cubchoo,613,no_predecessor_species,,{},,https://bulbapedia.bulbagarden.net/wiki/Cubchoo_(Pok%C3%A9mon),https://www.serebii.net/pokedex-sm/613.shtml
cubone,104,no_predecessor_species,,{},,https://bulbapedia.bulbagarden.net/wiki/Cubone_(Pok%C3%A9mon),
cufant,878,no_predecessor_species,,{},,https://bulbapedia.bulbagarden.net/wiki/Cufant_(Pok%C3%A9mon),
cursola,864,baseline_match_not_all_games_verified,,"{""evolvesFrom"":""corsola-galar"",""evoFromLevel"":38}",456,https://bulbapedia.bulbagarden.net/wiki/Cursola_(Pok%C3%A9mon),https://www.serebii.net/pokedex-swsh/cursola/
cutiefly,742,no_predecessor_species,,{},,https://bulbapedia.bulbagarden.net/wiki/Cutiefly_(Pok%C3%A9mon),
cyclizar,967,no_predecessor_species,,{},,https://bulbapedia.bulbagarden.net/wiki/Cyclizar_(Pok%C3%A9mon),
cyndaquil,155,no_predecessor_species,,{},,https://bulbapedia.bulbagarden.net/wiki/Cyndaquil_(Pok%C3%A9mon),https://www.serebii.net/pokedex-sm/155.shtml
dachsbun,927,baseline_match_not_all_games_verified,,"{""evolvesFrom"":""fidough"",""evoFromLevel"":26}",480,https://bulbapedia.bulbagarden.net/wiki/Dachsbun_(Pok%C3%A9mon),
darkrai-mega,491,transformation_not_species_evolution,,{},,https://bulbapedia.bulbagarden.net/wiki/Darkrai_(Pok%C3%A9mon),https://www.serebii.net/pokedex-sm/491.shtml;https://www.serebii.net/pokedex-sv/darkrai/
darkrai,491,no_predecessor_species,,{},,https://bulbapedia.bulbagarden.net/wiki/Darkrai_(Pok%C3%A9mon),https://www.serebii.net/pokedex-sm/491.shtml;https://www.serebii.net/pokedex-sv/darkrai/
darmanitan-galar-zen,555,transformation_not_species_evolution,,{},,https://bulbapedia.bulbagarden.net/wiki/Darmanitan_(Pok%C3%A9mon),https://www.serebii.net/pokedex-bw/555.shtml;https://www.serebii.net/pokedex-sm/555.shtml;https://www.serebii.net/pokedex-swsh/darmanitan/;https://www.serebii.net/pokedex-xy/555.shtml
darmanitan-galar,555,baseline_match_not_all_games_verified,,"{""evolvesFrom"":""darumaka-galar"",""evoFromItem"":""icestone""}",458,https://bulbapedia.bulbagarden.net/wiki/Darmanitan_(Pok%C3%A9mon),https://www.serebii.net/pokedex-bw/555.shtml;https://www.serebii.net/pokedex-sm/555.shtml;https://www.serebii.net/pokedex-swsh/darmanitan/;https://www.serebii.net/pokedex-xy/555.shtml
darmanitan-zen,555,transformation_not_species_evolution,,{},,https://bulbapedia.bulbagarden.net/wiki/Darmanitan_(Pok%C3%A9mon),https://www.serebii.net/pokedex-bw/555.shtml;https://www.serebii.net/pokedex-sm/555.shtml;https://www.serebii.net/pokedex-swsh/darmanitan/;https://www.serebii.net/pokedex-xy/555.shtml
darmanitan,555,baseline_match_not_all_games_verified,,"{""evolvesFrom"":""darumaka"",""evoFromLevel"":35}",280,https://bulbapedia.bulbagarden.net/wiki/Darmanitan_(Pok%C3%A9mon),https://www.serebii.net/pokedex-bw/555.shtml;https://www.serebii.net/pokedex-sm/555.shtml;https://www.serebii.net/pokedex-swsh/darmanitan/;https://www.serebii.net/pokedex-xy/555.shtml
dartrix,723,baseline_match_not_all_games_verified,,"{""evolvesFrom"":""rowlet"",""evoFromLevel"":17}",373,https://bulbapedia.bulbagarden.net/wiki/Dartrix_(Pok%C3%A9mon),
darumaka-galar,554,no_predecessor_species,,{},,https://bulbapedia.bulbagarden.net/wiki/Darumaka_(Pok%C3%A9mon),https://www.serebii.net/pokedex-sm/554.shtml;https://www.serebii.net/pokedex-swsh/darumaka/
darumaka,554,no_predecessor_species,,{},,https://bulbapedia.bulbagarden.net/wiki/Darumaka_(Pok%C3%A9mon),https://www.serebii.net/pokedex-sm/554.shtml;https://www.serebii.net/pokedex-swsh/darumaka/
decidueye-hisui,724,has_findings,E18,"{""evolvesFrom"":""dartrix"",""evoFromLevel"":36}",534,https://bulbapedia.bulbagarden.net/wiki/Decidueye_(Pok%C3%A9mon),https://www.serebii.net/pokedex-swsh/decidueye/
decidueye,724,has_findings,E18,"{""evolvesFrom"":""dartrix"",""evoFromLevel"":34}",374,https://bulbapedia.bulbagarden.net/wiki/Decidueye_(Pok%C3%A9mon),https://www.serebii.net/pokedex-swsh/decidueye/
dedenne,702,no_predecessor_species,,{},,https://bulbapedia.bulbagarden.net/wiki/Dedenne_(Pok%C3%A9mon),https://www.serebii.net/pokedex-sm/702.shtml
deerling-autumn,585,no_predecessor_species,,{},,https://bulbapedia.bulbagarden.net/wiki/Deerling_(Pok%C3%A9mon),https://www.serebii.net/pokedex-bw/585.shtml;https://www.serebii.net/pokedex-sm/585.shtml;https://www.serebii.net/pokedex-xy/585.shtml
deerling-summer,585,no_predecessor_species,,{},,https://bulbapedia.bulbagarden.net/wiki/Deerling_(Pok%C3%A9mon),https://www.serebii.net/pokedex-bw/585.shtml;https://www.serebii.net/pokedex-sm/585.shtml;https://www.serebii.net/pokedex-xy/585.shtml
deerling-winter,585,no_predecessor_species,,{},,https://bulbapedia.bulbagarden.net/wiki/Deerling_(Pok%C3%A9mon),https://www.serebii.net/pokedex-bw/585.shtml;https://www.serebii.net/pokedex-sm/585.shtml;https://www.serebii.net/pokedex-xy/585.shtml
deerling,585,no_predecessor_species,,{},,https://bulbapedia.bulbagarden.net/wiki/Deerling_(Pok%C3%A9mon),https://www.serebii.net/pokedex-bw/585.shtml;https://www.serebii.net/pokedex-sm/585.shtml;https://www.serebii.net/pokedex-xy/585.shtml
deino,633,no_predecessor_species,,{},,https://bulbapedia.bulbagarden.net/wiki/Deino_(Pok%C3%A9mon),https://www.serebii.net/pokedex-sm/633.shtml;https://www.serebii.net/pokedex-swsh/deino/
delcatty,301,baseline_match_not_all_games_verified,,"{""evolvesFrom"":""skitty"",""evoFromItem"":""moonstone""}",159,https://bulbapedia.bulbagarden.net/wiki/Delcatty_(Pok%C3%A9mon),https://www.serebii.net/pokedex-bw/301.shtml;https://www.serebii.net/pokedex-dp/301.shtml;https://www.serebii.net/pokedex-sm/301.shtml
delibird,225,no_predecessor_species,,{},,https://bulbapedia.bulbagarden.net/wiki/Delibird_(Pok%C3%A9mon),
delphox-mega,655,transformation_not_species_evolution,,{},333,https://bulbapedia.bulbagarden.net/wiki/Delphox_(Pok%C3%A9mon),https://www.serebii.net/pokedex-sm/655.shtml;https://www.serebii.net/pokedex-sv/delphox/
delphox,655,baseline_match_not_all_games_verified,,"{""evolvesFrom"":""braixen"",""evoFromLevel"":36}",333,https://bulbapedia.bulbagarden.net/wiki/Delphox_(Pok%C3%A9mon),https://www.serebii.net/pokedex-sm/655.shtml;https://www.serebii.net/pokedex-sv/delphox/
deoxys-attack,386,no_predecessor_species,,{},,https://bulbapedia.bulbagarden.net/wiki/Deoxys_(Pok%C3%A9mon),https://www.serebii.net/pokedex-bw/386.shtml;https://www.serebii.net/pokedex-dp/386.shtml;https://www.serebii.net/pokedex-rs/386.shtml;https://www.serebii.net/pokedex-sm/386.shtml;https://www.serebii.net/pokedex-swsh/deoxys/
deoxys-defense,386,no_predecessor_species,,{},,https://bulbapedia.bulbagarden.net/wiki/Deoxys_(Pok%C3%A9mon),https://www.serebii.net/pokedex-bw/386.shtml;https://www.serebii.net/pokedex-dp/386.shtml;https://www.serebii.net/pokedex-rs/386.shtml;https://www.serebii.net/pokedex-sm/386.shtml;https://www.serebii.net/pokedex-swsh/deoxys/
deoxys-speed,386,no_predecessor_species,,{},,https://bulbapedia.bulbagarden.net/wiki/Deoxys_(Pok%C3%A9mon),https://www.serebii.net/pokedex-bw/386.shtml;https://www.serebii.net/pokedex-dp/386.shtml;https://www.serebii.net/pokedex-rs/386.shtml;https://www.serebii.net/pokedex-sm/386.shtml;https://www.serebii.net/pokedex-swsh/deoxys/
deoxys,386,no_predecessor_species,,{},,https://bulbapedia.bulbagarden.net/wiki/Deoxys_(Pok%C3%A9mon),https://www.serebii.net/pokedex-bw/386.shtml;https://www.serebii.net/pokedex-dp/386.shtml;https://www.serebii.net/pokedex-rs/386.shtml;https://www.serebii.net/pokedex-sm/386.shtml;https://www.serebii.net/pokedex-swsh/deoxys/
dewgong,87,baseline_match_not_all_games_verified,,"{""evolvesFrom"":""seel"",""evoFromLevel"":34}",53,https://bulbapedia.bulbagarden.net/wiki/Dewgong_(Pok%C3%A9mon),https://www.serebii.net/pokedex-sm/087.shtml;https://www.serebii.net/pokedex-swsh/dewgong/
dewott,502,baseline_match_not_all_games_verified,,"{""evolvesFrom"":""oshawott"",""evoFromLevel"":17}",251,https://bulbapedia.bulbagarden.net/wiki/Dewott_(Pok%C3%A9mon),https://www.serebii.net/pokedex-sm/502.shtml
dewpider,751,no_predecessor_species,,{},,https://bulbapedia.bulbagarden.net/wiki/Dewpider_(Pok%C3%A9mon),
dhelmise,781,no_predecessor_species,,{},,https://bulbapedia.bulbagarden.net/wiki/Dhelmise_(Pok%C3%A9mon),
dialga-origin,483,no_predecessor_species,,{},,https://bulbapedia.bulbagarden.net/wiki/Dialga_(Pok%C3%A9mon),https://www.serebii.net/pokedex-dp/483.shtml;https://www.serebii.net/pokedex-sm/483.shtml;https://www.serebii.net/pokedex-sv/dialga/;https://www.serebii.net/pokedex-swsh/dialga/
dialga,483,no_predecessor_species,,{},,https://bulbapedia.bulbagarden.net/wiki/Dialga_(Pok%C3%A9mon),https://www.serebii.net/pokedex-dp/483.shtml;https://www.serebii.net/pokedex-sm/483.shtml;https://www.serebii.net/pokedex-sv/dialga/;https://www.serebii.net/pokedex-swsh/dialga/
diancie-mega,719,transformation_not_species_evolution,,{},,https://bulbapedia.bulbagarden.net/wiki/Diancie_(Pok%C3%A9mon),https://www.serebii.net/pokedex-sm/719.shtml;https://www.serebii.net/pokedex-swsh/diancie/;https://www.serebii.net/pokedex-xy/719.shtml
diancie,719,no_predecessor_species,,{},,https://bulbapedia.bulbagarden.net/wiki/Diancie_(Pok%C3%A9mon),https://www.serebii.net/pokedex-sm/719.shtml;https://www.serebii.net/pokedex-swsh/diancie/;https://www.serebii.net/pokedex-xy/719.shtml
diggersby,660,baseline_match_not_all_games_verified,,"{""evolvesFrom"":""bunnelby"",""evoFromLevel"":20}",345,https://bulbapedia.bulbagarden.net/wiki/Diggersby_(Pok%C3%A9mon),https://www.serebii.net/pokedex-sm/660.shtml
diglett-alola,50,no_predecessor_species,,{},,https://bulbapedia.bulbagarden.net/wiki/Diglett_(Pok%C3%A9mon),https://www.serebii.net/pokedex-sm/050.shtml;https://www.serebii.net/pokedex-swsh/diglett/
diglett,50,no_predecessor_species,,{},,https://bulbapedia.bulbagarden.net/wiki/Diglett_(Pok%C3%A9mon),https://www.serebii.net/pokedex-sm/050.shtml;https://www.serebii.net/pokedex-swsh/diglett/
dipplin,1011,baseline_match_not_all_games_verified,,"{""evolvesFrom"":""applin"",""evoFromItem"":""syrupyapple""}",541,https://bulbapedia.bulbagarden.net/wiki/Dipplin_(Pok%C3%A9mon),
ditto,132,no_predecessor_species,,{},,https://bulbapedia.bulbagarden.net/wiki/Ditto_(Pok%C3%A9mon),
dodrio-f,85,has_findings,E25,"{""evolvesFrom"":""doduo"",""evoFromLevel"":31}",52,https://bulbapedia.bulbagarden.net/wiki/Dodrio_(Pok%C3%A9mon),https://www.serebii.net/pokedex-sm/085.shtml
dodrio,85,baseline_match_not_all_games_verified,,"{""evolvesFrom"":""doduo"",""evoFromLevel"":31}",52,https://bulbapedia.bulbagarden.net/wiki/Dodrio_(Pok%C3%A9mon),https://www.serebii.net/pokedex-sm/085.shtml
doduo-f,84,no_predecessor_species,,{},,https://bulbapedia.bulbagarden.net/wiki/Doduo_(Pok%C3%A9mon),https://www.serebii.net/pokedex-sm/084.shtml
doduo,84,no_predecessor_species,,{},,https://bulbapedia.bulbagarden.net/wiki/Doduo_(Pok%C3%A9mon),https://www.serebii.net/pokedex-sm/084.shtml
dolliv,929,baseline_match_not_all_games_verified,,"{""evolvesFrom"":""smoliv"",""evoFromLevel"":25}",481,https://bulbapedia.bulbagarden.net/wiki/Dolliv_(Pok%C3%A9mon),
dondozo,977,no_predecessor_species,,{},,https://bulbapedia.bulbagarden.net/wiki/Dondozo_(Pok%C3%A9mon),
donphan-f,232,baseline_match_not_all_games_verified,,"{""evolvesFrom"":""phanpy"",""evoFromLevel"":25}",124,https://bulbapedia.bulbagarden.net/wiki/Donphan_(Pok%C3%A9mon),https://www.serebii.net/pokedex-sm/232.shtml
donphan,232,baseline_match_not_all_games_verified,,"{""evolvesFrom"":""phanpy"",""evoFromLevel"":25}",124,https://bulbapedia.bulbagarden.net/wiki/Donphan_(Pok%C3%A9mon),https://www.serebii.net/pokedex-sm/232.shtml
dottler,825,baseline_match_not_all_games_verified,,"{""evolvesFrom"":""blipbug"",""evoFromLevel"":10}",420,https://bulbapedia.bulbagarden.net/wiki/Dottler_(Pok%C3%A9mon),
doublade,680,baseline_match_not_all_games_verified,,"{""evolvesFrom"":""honedge"",""evoFromLevel"":35}",339,https://bulbapedia.bulbagarden.net/wiki/Doublade_(Pok%C3%A9mon),https://www.serebii.net/pokedex-swsh/doublade/
dracovish,882,no_predecessor_species,,{},,https://bulbapedia.bulbagarden.net/wiki/Dracovish_(Pok%C3%A9mon),
dracozolt,880,no_predecessor_species,,{},,https://bulbapedia.bulbagarden.net/wiki/Dracozolt_(Pok%C3%A9mon),
dragalge-mega,691,transformation_not_species_evolution,,{},351,https://bulbapedia.bulbagarden.net/wiki/Dragalge_(Pok%C3%A9mon),https://www.serebii.net/pokedex-sm/691.shtml;https://www.serebii.net/pokedex-sv/dragalge/;https://www.serebii.net/pokedex-swsh/dragalge/
dragalge,691,baseline_match_not_all_games_verified,,"{""evolvesFrom"":""skrelp"",""evoFromLevel"":48}",351,https://bulbapedia.bulbagarden.net/wiki/Dragalge_(Pok%C3%A9mon),https://www.serebii.net/pokedex-sm/691.shtml;https://www.serebii.net/pokedex-sv/dragalge/;https://www.serebii.net/pokedex-swsh/dragalge/
dragapult,887,baseline_match_not_all_games_verified,,"{""evolvesFrom"":""drakloak"",""evoFromLevel"":60}",445,https://bulbapedia.bulbagarden.net/wiki/Dragapult_(Pok%C3%A9mon),
dragonair,148,baseline_match_not_all_games_verified,,"{""evolvesFrom"":""dratini"",""evoFromLevel"":30}",82,https://bulbapedia.bulbagarden.net/wiki/Dragonair_(Pok%C3%A9mon),
dragonite-mega,149,transformation_not_species_evolution,,{},83,https://bulbapedia.bulbagarden.net/wiki/Dragonite_(Pok%C3%A9mon),https://www.serebii.net/pokedex-sv/dragonite/
dragonite,149,baseline_match_not_all_games_verified,,"{""evolvesFrom"":""dragonair"",""evoFromLevel"":55}",83,https://bulbapedia.bulbagarden.net/wiki/Dragonite_(Pok%C3%A9mon),https://www.serebii.net/pokedex-sv/dragonite/
drakloak,886,baseline_match_not_all_games_verified,,"{""evolvesFrom"":""dreepy"",""evoFromLevel"":50}",444,https://bulbapedia.bulbagarden.net/wiki/Drakloak_(Pok%C3%A9mon),
drampa-mega,780,transformation_not_species_evolution,,{},,https://bulbapedia.bulbagarden.net/wiki/Drampa_(Pok%C3%A9mon),https://www.serebii.net/pokedex-sm/780.shtml;https://www.serebii.net/pokedex-sv/drampa/;https://www.serebii.net/pokedex-swsh/drampa/
drampa,780,no_predecessor_species,,{},,https://bulbapedia.bulbagarden.net/wiki/Drampa_(Pok%C3%A9mon),https://www.serebii.net/pokedex-sm/780.shtml;https://www.serebii.net/pokedex-sv/drampa/;https://www.serebii.net/pokedex-swsh/drampa/
drapion,452,baseline_match_not_all_games_verified,,"{""evolvesFrom"":""skorupi"",""evoFromLevel"":40}",225,https://bulbapedia.bulbagarden.net/wiki/Drapion_(Pok%C3%A9mon),https://www.serebii.net/pokedex-sm/452.shtml
dratini,147,no_predecessor_species,,{},,https://bulbapedia.bulbagarden.net/wiki/Dratini_(Pok%C3%A9mon),
drednaw-gmax,834,transformation_not_species_evolution,,{},425,https://bulbapedia.bulbagarden.net/wiki/Drednaw_(Pok%C3%A9mon),https://www.serebii.net/pokedex-sv/drednaw/;https://www.serebii.net/pokedex-swsh/drednaw/
drednaw,834,baseline_match_not_all_games_verified,,"{""evolvesFrom"":""chewtle"",""evoFromLevel"":22}",425,https://bulbapedia.bulbagarden.net/wiki/Drednaw_(Pok%C3%A9mon),https://www.serebii.net/pokedex-sv/drednaw/;https://www.serebii.net/pokedex-swsh/drednaw/
dreepy,885,no_predecessor_species,,{},,https://bulbapedia.bulbagarden.net/wiki/Dreepy_(Pok%C3%A9mon),
drifblim,426,baseline_match_not_all_games_verified,,"{""evolvesFrom"":""drifloon"",""evoFromLevel"":28}",214,https://bulbapedia.bulbagarden.net/wiki/Drifblim_(Pok%C3%A9mon),
drifloon,425,no_predecessor_species,,{},,https://bulbapedia.bulbagarden.net/wiki/Drifloon_(Pok%C3%A9mon),
drilbur,529,no_predecessor_species,,{},,https://bulbapedia.bulbagarden.net/wiki/Drilbur_(Pok%C3%A9mon),https://www.serebii.net/pokedex-sm/529.shtml
drizzile,817,baseline_match_not_all_games_verified,,"{""evolvesFrom"":""sobble"",""evoFromLevel"":16}",415,https://bulbapedia.bulbagarden.net/wiki/Drizzile_(Pok%C3%A9mon),
drowzee,96,no_predecessor_species,,{},,https://bulbapedia.bulbagarden.net/wiki/Drowzee_(Pok%C3%A9mon),
druddigon,621,no_predecessor_species,,{},,https://bulbapedia.bulbagarden.net/wiki/Druddigon_(Pok%C3%A9mon),https://www.serebii.net/pokedex-sm/621.shtml
dubwool,832,baseline_match_not_all_games_verified,,"{""evolvesFrom"":""wooloo"",""evoFromLevel"":24}",424,https://bulbapedia.bulbagarden.net/wiki/Dubwool_(Pok%C3%A9mon),
ducklett,580,no_predecessor_species,,{},,https://bulbapedia.bulbagarden.net/wiki/Ducklett_(Pok%C3%A9mon),https://www.serebii.net/pokedex-sm/580.shtml
dudunsparce-three-segment,982,has_findings,E08,"{""evolvesFrom"":""dunsparce"",""evoFromMove"":""hyperdrill""}",561,https://bulbapedia.bulbagarden.net/wiki/Dudunsparce_(Pok%C3%A9mon),https://www.serebii.net/pokedex-sv/dudunsparce/
dudunsparce,982,has_findings,E08,"{""evolvesFrom"":""dunsparce"",""evoFromMove"":""hyperdrill""}",507,https://bulbapedia.bulbagarden.net/wiki/Dudunsparce_(Pok%C3%A9mon),https://www.serebii.net/pokedex-sv/dudunsparce/
dugtrio-alola,51,baseline_match_not_all_games_verified,,"{""evolvesFrom"":""diglett-alola"",""evoFromLevel"":26}",518,https://bulbapedia.bulbagarden.net/wiki/Dugtrio_(Pok%C3%A9mon),https://www.serebii.net/pokedex-sm/051.shtml;https://www.serebii.net/pokedex-swsh/dugtrio/
dugtrio,51,baseline_match_not_all_games_verified,,"{""evolvesFrom"":""diglett"",""evoFromLevel"":26}",33,https://bulbapedia.bulbagarden.net/wiki/Dugtrio_(Pok%C3%A9mon),https://www.serebii.net/pokedex-sm/051.shtml;https://www.serebii.net/pokedex-swsh/dugtrio/
dunsparce,206,no_predecessor_species,,{},,https://bulbapedia.bulbagarden.net/wiki/Dunsparce_(Pok%C3%A9mon),https://www.serebii.net/pokedex-bw/206.shtml;https://www.serebii.net/pokedex-sm/206.shtml
duosion,578,baseline_match_not_all_games_verified,,"{""evolvesFrom"":""solosis"",""evoFromLevel"":32}",291,https://bulbapedia.bulbagarden.net/wiki/Duosion_(Pok%C3%A9mon),https://www.serebii.net/pokedex-sm/578.shtml;https://www.serebii.net/pokedex-swsh/duosion/
duraludon-gmax,884,transformation_not_species_evolution,,{},,https://bulbapedia.bulbagarden.net/wiki/Duraludon_(Pok%C3%A9mon),https://www.serebii.net/pokedex-sv/duraludon/;https://www.serebii.net/pokedex-swsh/duraludon/
duraludon,884,no_predecessor_species,,{},,https://bulbapedia.bulbagarden.net/wiki/Duraludon_(Pok%C3%A9mon),https://www.serebii.net/pokedex-sv/duraludon/;https://www.serebii.net/pokedex-swsh/duraludon/
durant,632,no_predecessor_species,,{},,https://bulbapedia.bulbagarden.net/wiki/Durant_(Pok%C3%A9mon),https://www.serebii.net/pokedex-sm/632.shtml
dusclops,356,baseline_match_not_all_games_verified,,"{""evolvesFrom"":""duskull"",""evoFromLevel"":37}",181,https://bulbapedia.bulbagarden.net/wiki/Dusclops_(Pok%C3%A9mon),https://www.serebii.net/pokedex-sm/356.shtml
dusknoir,477,has_findings,E01;E11;E14,"{""evolvesFrom"":""dusclops"",""evoFromItem"":""reapercloth""}",245,https://bulbapedia.bulbagarden.net/wiki/Dusknoir_(Pok%C3%A9mon),https://www.serebii.net/pokedex-sm/477.shtml
duskull,355,no_predecessor_species,,{},,https://bulbapedia.bulbagarden.net/wiki/Duskull_(Pok%C3%A9mon),https://www.serebii.net/pokedex-sm/355.shtml
dustox-f,269,baseline_match_not_all_games_verified,,"{""evolvesFrom"":""cascoon"",""evoFromLevel"":10}",141,https://bulbapedia.bulbagarden.net/wiki/Dustox_(Pok%C3%A9mon),https://www.serebii.net/pokedex-bw/269.shtml;https://www.serebii.net/pokedex-sm/269.shtml
dustox,269,baseline_match_not_all_games_verified,,"{""evolvesFrom"":""cascoon"",""evoFromLevel"":10}",141,https://bulbapedia.bulbagarden.net/wiki/Dustox_(Pok%C3%A9mon),https://www.serebii.net/pokedex-bw/269.shtml;https://www.serebii.net/pokedex-sm/269.shtml
dwebble,557,no_predecessor_species,,{},,https://bulbapedia.bulbagarden.net/wiki/Dwebble_(Pok%C3%A9mon),https://www.serebii.net/pokedex-sm/557.shtml
eelektrik,603,baseline_match_not_all_games_verified,,"{""evolvesFrom"":""tynamo"",""evoFromLevel"":39}",304,https://bulbapedia.bulbagarden.net/wiki/Eelektrik_(Pok%C3%A9mon),
eelektross-mega,604,transformation_not_species_evolution,,{},305,https://bulbapedia.bulbagarden.net/wiki/Eelektross_(Pok%C3%A9mon),https://www.serebii.net/pokedex-sv/eelektross/
eelektross,604,baseline_match_not_all_games_verified,,"{""evolvesFrom"":""eelektrik"",""evoFromItem"":""thunderstone""}",305,https://bulbapedia.bulbagarden.net/wiki/Eelektross_(Pok%C3%A9mon),https://www.serebii.net/pokedex-sv/eelektross/
eevee-f,133,no_predecessor_species,,{},,https://bulbapedia.bulbagarden.net/wiki/Eevee_(Pok%C3%A9mon),https://www.serebii.net/pokedex-sm/133.shtml;https://www.serebii.net/pokedex-sv/eevee/;https://www.serebii.net/pokedex-swsh/eevee/
eevee-gmax,133,transformation_not_species_evolution,,{},,https://bulbapedia.bulbagarden.net/wiki/Eevee_(Pok%C3%A9mon),https://www.serebii.net/pokedex-sm/133.shtml;https://www.serebii.net/pokedex-sv/eevee/;https://www.serebii.net/pokedex-swsh/eevee/
eevee,133,no_predecessor_species,,{},,https://bulbapedia.bulbagarden.net/wiki/Eevee_(Pok%C3%A9mon),https://www.serebii.net/pokedex-sm/133.shtml;https://www.serebii.net/pokedex-sv/eevee/;https://www.serebii.net/pokedex-swsh/eevee/
eiscue-noice,875,transformation_not_species_evolution,,{},,https://bulbapedia.bulbagarden.net/wiki/Eiscue_(Pok%C3%A9mon),https://www.serebii.net/pokedex-sv/eiscue/;https://www.serebii.net/pokedex-swsh/eiscue/
eiscue,875,no_predecessor_species,,{},,https://bulbapedia.bulbagarden.net/wiki/Eiscue_(Pok%C3%A9mon),https://www.serebii.net/pokedex-sv/eiscue/;https://www.serebii.net/pokedex-swsh/eiscue/
ekans,23,no_predecessor_species,,{},,https://bulbapedia.bulbagarden.net/wiki/Ekans_(Pok%C3%A9mon),https://www.serebii.net/pokedex-sm/023.shtml;https://www.serebii.net/pokedex-swsh/ekans/
eldegoss,830,baseline_match_not_all_games_verified,,"{""evolvesFrom"":""gossifleur"",""evoFromLevel"":20}",423,https://bulbapedia.bulbagarden.net/wiki/Eldegoss_(Pok%C3%A9mon),
electabuzz,125,baseline_match_not_all_games_verified,,"{""evolvesFrom"":""elekid"",""evoFromLevel"":30}",73,https://bulbapedia.bulbagarden.net/wiki/Electabuzz_(Pok%C3%A9mon),https://www.serebii.net/pokedex-bw/125.shtml;https://www.serebii.net/pokedex-swsh/electabuzz/
electivire,466,has_findings,E01;E11;E14,"{""evolvesFrom"":""electabuzz"",""evoFromItem"":""electirizer""}",234,https://bulbapedia.bulbagarden.net/wiki/Electivire_(Pok%C3%A9mon),https://www.serebii.net/pokedex-bw/466.shtml;https://www.serebii.net/pokedex-swsh/electivire/
electrike,309,no_predecessor_species,,{},,https://bulbapedia.bulbagarden.net/wiki/Electrike_(Pok%C3%A9mon),https://www.serebii.net/pokedex-sm/309.shtml
electrode-hisui,101,baseline_match_not_all_games_verified,,"{""evolvesFrom"":""voltorb-hisui"",""evoFromItem"":""leafstone""}",524,https://bulbapedia.bulbagarden.net/wiki/Electrode_(Pok%C3%A9mon),https://www.serebii.net/pokedex-sm/101.shtml;https://www.serebii.net/pokedex-swsh/electrode/
electrode,101,baseline_match_not_all_games_verified,,"{""evolvesFrom"":""voltorb"",""evoFromLevel"":30}",60,https://bulbapedia.bulbagarden.net/wiki/Electrode_(Pok%C3%A9mon),https://www.serebii.net/pokedex-sm/101.shtml;https://www.serebii.net/pokedex-swsh/electrode/
elekid,239,no_predecessor_species,,{},,https://bulbapedia.bulbagarden.net/wiki/Elekid_(Pok%C3%A9mon),https://www.serebii.net/pokedex-bw/239.shtml;https://www.serebii.net/pokedex-swsh/elekid/
elgyem,605,no_predecessor_species,,{},,https://bulbapedia.bulbagarden.net/wiki/Elgyem_(Pok%C3%A9mon),https://www.serebii.net/pokedex-sm/605.shtml
emboar-mega,500,transformation_not_species_evolution,,{},250,https://bulbapedia.bulbagarden.net/wiki/Emboar_(Pok%C3%A9mon),https://www.serebii.net/pokedex-sm/500.shtml;https://www.serebii.net/pokedex-sv/emboar/
emboar,500,baseline_match_not_all_games_verified,,"{""evolvesFrom"":""pignite"",""evoFromLevel"":36}",250,https://bulbapedia.bulbagarden.net/wiki/Emboar_(Pok%C3%A9mon),https://www.serebii.net/pokedex-sm/500.shtml;https://www.serebii.net/pokedex-sv/emboar/
emolga,587,no_predecessor_species,,{},,https://bulbapedia.bulbagarden.net/wiki/Emolga_(Pok%C3%A9mon),
empoleon,395,baseline_match_not_all_games_verified,,"{""evolvesFrom"":""prinplup"",""evoFromLevel"":36}",197,https://bulbapedia.bulbagarden.net/wiki/Empoleon_(Pok%C3%A9mon),https://www.serebii.net/pokedex-sm/395.shtml
enamorus-therian,905,no_predecessor_species,,{},,https://bulbapedia.bulbagarden.net/wiki/Enamorus_(Pok%C3%A9mon),https://www.serebii.net/pokedex-sv/enamorus/;https://www.serebii.net/pokedex-swsh/enamorus/
enamorus,905,no_predecessor_species,,{},,https://bulbapedia.bulbagarden.net/wiki/Enamorus_(Pok%C3%A9mon),https://www.serebii.net/pokedex-sv/enamorus/;https://www.serebii.net/pokedex-swsh/enamorus/
entei,244,no_predecessor_species,,{},,https://bulbapedia.bulbagarden.net/wiki/Entei_(Pok%C3%A9mon),https://www.serebii.net/pokedex-sm/244.shtml;https://www.serebii.net/pokedex-swsh/entei/
escavalier,589,has_findings,E01;E27,"{""evolvesFrom"":""karrablast"",""evoFromCondition"":""with a Shelmet""}",297,https://bulbapedia.bulbagarden.net/wiki/Escavalier_(Pok%C3%A9mon),https://www.serebii.net/pokedex-sm/589.shtml
espathra,956,baseline_match_not_all_games_verified,,"{""evolvesFrom"":""flittle"",""evoFromLevel"":35}",495,https://bulbapedia.bulbagarden.net/wiki/Espathra_(Pok%C3%A9mon),
espeon,196,has_findings,E02;E27,"{""evolvesFrom"":""eevee"",""evoFromCondition"":""during the day""}",109,https://bulbapedia.bulbagarden.net/wiki/Espeon_(Pok%C3%A9mon),https://www.serebii.net/pokedex-bw/196.shtml
espurr,677,no_predecessor_species,,{},,https://bulbapedia.bulbagarden.net/wiki/Espurr_(Pok%C3%A9mon),https://www.serebii.net/pokedex-sm/677.shtml
eternatus-eternamax,890,transformation_not_species_evolution,,{},,https://bulbapedia.bulbagarden.net/wiki/Eternatus_(Pok%C3%A9mon),https://www.serebii.net/pokedex-sv/eternatus/;https://www.serebii.net/pokedex-swsh/eternatus/
eternatus,890,no_predecessor_species,,{},,https://bulbapedia.bulbagarden.net/wiki/Eternatus_(Pok%C3%A9mon),https://www.serebii.net/pokedex-sv/eternatus/;https://www.serebii.net/pokedex-swsh/eternatus/
excadrill-mega,530,transformation_not_species_evolution,,{},267,https://bulbapedia.bulbagarden.net/wiki/Excadrill_(Pok%C3%A9mon),https://www.serebii.net/pokedex-sm/530.shtml;https://www.serebii.net/pokedex-sv/excadrill/
excadrill,530,baseline_match_not_all_games_verified,,"{""evolvesFrom"":""drilbur"",""evoFromLevel"":31}",267,https://bulbapedia.bulbagarden.net/wiki/Excadrill_(Pok%C3%A9mon),https://www.serebii.net/pokedex-sm/530.shtml;https://www.serebii.net/pokedex-sv/excadrill/
exeggcute,102,no_predecessor_species,,{},,https://bulbapedia.bulbagarden.net/wiki/Exeggcute_(Pok%C3%A9mon),
exeggutor-alola,103,has_findings,E18,"{""evolvesFrom"":""exeggcute"",""evoFromItem"":""leafstone""}",522,https://bulbapedia.bulbagarden.net/wiki/Exeggutor_(Pok%C3%A9mon),https://www.serebii.net/pokedex-sm/103.shtml;https://www.serebii.net/pokedex-sv/exeggutor/;https://www.serebii.net/pokedex-swsh/exeggutor/
exeggutor,103,has_findings,E18,"{""evolvesFrom"":""exeggcute"",""evoFromItem"":""leafstone""}",61,https://bulbapedia.bulbagarden.net/wiki/Exeggutor_(Pok%C3%A9mon),https://www.serebii.net/pokedex-sm/103.shtml;https://www.serebii.net/pokedex-sv/exeggutor/;https://www.serebii.net/pokedex-swsh/exeggutor/
exploud,295,baseline_match_not_all_games_verified,,"{""evolvesFrom"":""loudred"",""evoFromLevel"":40}",157,https://bulbapedia.bulbagarden.net/wiki/Exploud_(Pok%C3%A9mon),https://www.serebii.net/pokedex-bw/295.shtml;https://www.serebii.net/pokedex-sm/295.shtml
falinks-mega,870,transformation_not_species_evolution,,{},,https://bulbapedia.bulbagarden.net/wiki/Falinks_(Pok%C3%A9mon),https://www.serebii.net/pokedex-sv/falinks/
falinks,870,no_predecessor_species,,{},,https://bulbapedia.bulbagarden.net/wiki/Falinks_(Pok%C3%A9mon),https://www.serebii.net/pokedex-sv/falinks/
farfetchd-galar,83,no_predecessor_species,,{},,https://bulbapedia.bulbagarden.net/wiki/Farfetch'd_(Pok%C3%A9mon),https://www.serebii.net/pokedex-sm/083.shtml;https://www.serebii.net/pokedex-sv/farfetch'd/;https://www.serebii.net/pokedex-swsh/farfetch'd/
farfetchd,83,no_predecessor_species,,{},,https://bulbapedia.bulbagarden.net/wiki/Farfetch'd_(Pok%C3%A9mon),https://www.serebii.net/pokedex-sm/083.shtml;https://www.serebii.net/pokedex-sv/farfetch'd/;https://www.serebii.net/pokedex-swsh/farfetch'd/
farigiraf,981,baseline_match_not_all_games_verified,,"{""evolvesFrom"":""girafarig"",""evoFromMove"":""twinbeam""}",506,https://bulbapedia.bulbagarden.net/wiki/Farigiraf_(Pok%C3%A9mon),
fearow,22,baseline_match_not_all_games_verified,,"{""evolvesFrom"":""spearow"",""evoFromLevel"":20}",14,https://bulbapedia.bulbagarden.net/wiki/Fearow_(Pok%C3%A9mon),
feebas,349,no_predecessor_species,,{},,https://bulbapedia.bulbagarden.net/wiki/Feebas_(Pok%C3%A9mon),https://www.serebii.net/pokedex-dp/349.shtml
fennekin,653,no_predecessor_species,,{},,https://bulbapedia.bulbagarden.net/wiki/Fennekin_(Pok%C3%A9mon),https://www.serebii.net/pokedex-sm/653.shtml
feraligatr-mega,160,transformation_not_species_evolution,,{},89,https://bulbapedia.bulbagarden.net/wiki/Feraligatr_(Pok%C3%A9mon),https://www.serebii.net/pokedex-sm/160.shtml;https://www.serebii.net/pokedex-sv/feraligatr/
feraligatr,160,baseline_match_not_all_games_verified,,"{""evolvesFrom"":""croconaw"",""evoFromLevel"":30}",89,https://bulbapedia.bulbagarden.net/wiki/Feraligatr_(Pok%C3%A9mon),https://www.serebii.net/pokedex-sm/160.shtml;https://www.serebii.net/pokedex-sv/feraligatr/
ferroseed,597,no_predecessor_species,,{},,https://bulbapedia.bulbagarden.net/wiki/Ferroseed_(Pok%C3%A9mon),https://www.serebii.net/pokedex-sm/597.shtml
ferrothorn,598,baseline_match_not_all_games_verified,,"{""evolvesFrom"":""ferroseed"",""evoFromLevel"":40}",301,https://bulbapedia.bulbagarden.net/wiki/Ferrothorn_(Pok%C3%A9mon),https://www.serebii.net/pokedex-sm/598.shtml
fezandipiti,1016,no_predecessor_species,,{},,https://bulbapedia.bulbagarden.net/wiki/Fezandipiti_(Pok%C3%A9mon),
fidough,926,no_predecessor_species,,{},,https://bulbapedia.bulbagarden.net/wiki/Fidough_(Pok%C3%A9mon),
finizen,963,no_predecessor_species,,{},,https://bulbapedia.bulbagarden.net/wiki/Finizen_(Pok%C3%A9mon),
finneon-f,456,no_predecessor_species,,{},,https://bulbapedia.bulbagarden.net/wiki/Finneon_(Pok%C3%A9mon),https://www.serebii.net/pokedex-dp/456.shtml
finneon,456,no_predecessor_species,,{},,https://bulbapedia.bulbagarden.net/wiki/Finneon_(Pok%C3%A9mon),https://www.serebii.net/pokedex-dp/456.shtml
flaaffy,180,baseline_match_not_all_games_verified,,"{""evolvesFrom"":""mareep"",""evoFromLevel"":15}",98,https://bulbapedia.bulbagarden.net/wiki/Flaaffy_(Pok%C3%A9mon),https://www.serebii.net/pokedex-bw/180.shtml;https://www.serebii.net/pokedex-sm/180.shtml
flabebe-blue,669,no_predecessor_species,,{},,https://bulbapedia.bulbagarden.net/wiki/Flab%C3%A9b%C3%A9_(Pok%C3%A9mon),https://www.serebii.net/pokedex-sm/669.shtml;https://www.serebii.net/pokedex-xy/669.shtml
flabebe-orange,669,no_predecessor_species,,{},,https://bulbapedia.bulbagarden.net/wiki/Flab%C3%A9b%C3%A9_(Pok%C3%A9mon),https://www.serebii.net/pokedex-sm/669.shtml;https://www.serebii.net/pokedex-xy/669.shtml
flabebe-white,669,no_predecessor_species,,{},,https://bulbapedia.bulbagarden.net/wiki/Flab%C3%A9b%C3%A9_(Pok%C3%A9mon),https://www.serebii.net/pokedex-sm/669.shtml;https://www.serebii.net/pokedex-xy/669.shtml
flabebe-yellow,669,no_predecessor_species,,{},,https://bulbapedia.bulbagarden.net/wiki/Flab%C3%A9b%C3%A9_(Pok%C3%A9mon),https://www.serebii.net/pokedex-sm/669.shtml;https://www.serebii.net/pokedex-xy/669.shtml
flabebe,669,no_predecessor_species,,{},,https://bulbapedia.bulbagarden.net/wiki/Flab%C3%A9b%C3%A9_(Pok%C3%A9mon),https://www.serebii.net/pokedex-sm/669.shtml;https://www.serebii.net/pokedex-xy/669.shtml
flamigo,973,no_predecessor_species,,{},,https://bulbapedia.bulbagarden.net/wiki/Flamigo_(Pok%C3%A9mon),
flapple-gmax,841,transformation_not_species_evolution,,{},429,https://bulbapedia.bulbagarden.net/wiki/Flapple_(Pok%C3%A9mon),https://www.serebii.net/pokedex-sv/flapple/;https://www.serebii.net/pokedex-swsh/flapple/
flapple,841,baseline_match_not_all_games_verified,,"{""evolvesFrom"":""applin"",""evoFromItem"":""tartapple""}",429,https://bulbapedia.bulbagarden.net/wiki/Flapple_(Pok%C3%A9mon),https://www.serebii.net/pokedex-sv/flapple/;https://www.serebii.net/pokedex-swsh/flapple/
flareon,136,baseline_match_not_all_games_verified,,"{""evolvesFrom"":""eevee"",""evoFromItem"":""firestone""}",78,https://bulbapedia.bulbagarden.net/wiki/Flareon_(Pok%C3%A9mon),
fletchinder,662,baseline_match_not_all_games_verified,,"{""evolvesFrom"":""fletchling"",""evoFromLevel"":17}",328,https://bulbapedia.bulbagarden.net/wiki/Fletchinder_(Pok%C3%A9mon),
fletchling,661,no_predecessor_species,,{},,https://bulbapedia.bulbagarden.net/wiki/Fletchling_(Pok%C3%A9mon),
flittle,955,no_predecessor_species,,{},,https://bulbapedia.bulbagarden.net/wiki/Flittle_(Pok%C3%A9mon),
floatzel-f,419,has_findings,E25,"{""evolvesFrom"":""buizel"",""evoFromLevel"":26}",210,https://bulbapedia.bulbagarden.net/wiki/Floatzel_(Pok%C3%A9mon),https://www.serebii.net/pokedex-sm/419.shtml
floatzel,419,baseline_match_not_all_games_verified,,"{""evolvesFrom"":""buizel"",""evoFromLevel"":26}",210,https://bulbapedia.bulbagarden.net/wiki/Floatzel_(Pok%C3%A9mon),https://www.serebii.net/pokedex-sm/419.shtml
floette-blue,670,baseline_match_not_all_games_verified,,"{""evolvesFrom"":""flabebe-blue"",""evoFromLevel"":19}",572,https://bulbapedia.bulbagarden.net/wiki/Floette_(Pok%C3%A9mon),https://www.serebii.net/pokedex-sm/670.shtml;https://www.serebii.net/pokedex-sv/floette/;https://www.serebii.net/pokedex-xy/670.shtml
floette-eternal-mega,670,transformation_not_species_evolution,,{},346,https://bulbapedia.bulbagarden.net/wiki/Floette_(Pok%C3%A9mon),https://www.serebii.net/pokedex-sm/670.shtml;https://www.serebii.net/pokedex-sv/floette/;https://www.serebii.net/pokedex-xy/670.shtml
floette-eternal,670,intentional_non_evolution_form,,{},346,https://bulbapedia.bulbagarden.net/wiki/Floette_(Pok%C3%A9mon),https://www.serebii.net/pokedex-sm/670.shtml;https://www.serebii.net/pokedex-sv/floette/;https://www.serebii.net/pokedex-xy/670.shtml
floette-orange,670,baseline_match_not_all_games_verified,,"{""evolvesFrom"":""flabebe-orange"",""evoFromLevel"":19}",571,https://bulbapedia.bulbagarden.net/wiki/Floette_(Pok%C3%A9mon),https://www.serebii.net/pokedex-sm/670.shtml;https://www.serebii.net/pokedex-sv/floette/;https://www.serebii.net/pokedex-xy/670.shtml
floette-white,670,baseline_match_not_all_games_verified,,"{""evolvesFrom"":""flabebe-white"",""evoFromLevel"":19}",573,https://bulbapedia.bulbagarden.net/wiki/Floette_(Pok%C3%A9mon),https://www.serebii.net/pokedex-sm/670.shtml;https://www.serebii.net/pokedex-sv/floette/;https://www.serebii.net/pokedex-xy/670.shtml
floette-yellow,670,baseline_match_not_all_games_verified,,"{""evolvesFrom"":""flabebe-yellow"",""evoFromLevel"":19}",570,https://bulbapedia.bulbagarden.net/wiki/Floette_(Pok%C3%A9mon),https://www.serebii.net/pokedex-sm/670.shtml;https://www.serebii.net/pokedex-sv/floette/;https://www.serebii.net/pokedex-xy/670.shtml
floette,670,baseline_match_not_all_games_verified,,"{""evolvesFrom"":""flabebe"",""evoFromLevel"":19}",346,https://bulbapedia.bulbagarden.net/wiki/Floette_(Pok%C3%A9mon),https://www.serebii.net/pokedex-sm/670.shtml;https://www.serebii.net/pokedex-sv/floette/;https://www.serebii.net/pokedex-xy/670.shtml
floragato,907,baseline_match_not_all_games_verified,,"{""evolvesFrom"":""sprigatito"",""evoFromLevel"":16}",468,https://bulbapedia.bulbagarden.net/wiki/Floragato_(Pok%C3%A9mon),
florges-blue,671,baseline_match_not_all_games_verified,,"{""evolvesFrom"":""floette-blue"",""evoFromItem"":""shinystone""}",576,https://bulbapedia.bulbagarden.net/wiki/Florges_(Pok%C3%A9mon),https://www.serebii.net/pokedex-sm/671.shtml;https://www.serebii.net/pokedex-xy/671.shtml
florges-orange,671,baseline_match_not_all_games_verified,,"{""evolvesFrom"":""floette-orange"",""evoFromItem"":""shinystone""}",575,https://bulbapedia.bulbagarden.net/wiki/Florges_(Pok%C3%A9mon),https://www.serebii.net/pokedex-sm/671.shtml;https://www.serebii.net/pokedex-xy/671.shtml
florges-white,671,baseline_match_not_all_games_verified,,"{""evolvesFrom"":""floette-white"",""evoFromItem"":""shinystone""}",577,https://bulbapedia.bulbagarden.net/wiki/Florges_(Pok%C3%A9mon),https://www.serebii.net/pokedex-sm/671.shtml;https://www.serebii.net/pokedex-xy/671.shtml
florges-yellow,671,baseline_match_not_all_games_verified,,"{""evolvesFrom"":""floette-yellow"",""evoFromItem"":""shinystone""}",574,https://bulbapedia.bulbagarden.net/wiki/Florges_(Pok%C3%A9mon),https://www.serebii.net/pokedex-sm/671.shtml;https://www.serebii.net/pokedex-xy/671.shtml
florges,671,baseline_match_not_all_games_verified,,"{""evolvesFrom"":""floette"",""evoFromItem"":""shinystone""}",347,https://bulbapedia.bulbagarden.net/wiki/Florges_(Pok%C3%A9mon),https://www.serebii.net/pokedex-sm/671.shtml;https://www.serebii.net/pokedex-xy/671.shtml
fluttermane,987,no_predecessor_species,,{},,https://bulbapedia.bulbagarden.net/wiki/Flutter_Mane_(Pok%C3%A9mon),
flygon,330,baseline_match_not_all_games_verified,,"{""evolvesFrom"":""vibrava"",""evoFromLevel"":45}",171,https://bulbapedia.bulbagarden.net/wiki/Flygon_(Pok%C3%A9mon),https://www.serebii.net/pokedex-bw/330.shtml;https://www.serebii.net/pokedex-swsh/flygon/
fomantis,753,no_predecessor_species,,{},,https://bulbapedia.bulbagarden.net/wiki/Fomantis_(Pok%C3%A9mon),
foongus,590,no_predecessor_species,,{},,https://bulbapedia.bulbagarden.net/wiki/Foongus_(Pok%C3%A9mon),https://www.serebii.net/pokedex-sm/590.shtml
forretress,205,baseline_match_not_all_games_verified,,"{""evolvesFrom"":""pineco"",""evoFromLevel"":31}",113,https://bulbapedia.bulbagarden.net/wiki/Forretress_(Pok%C3%A9mon),https://www.serebii.net/pokedex-sm/205.shtml
fraxure,611,baseline_match_not_all_games_verified,,"{""evolvesFrom"":""axew"",""evoFromLevel"":38}",309,https://bulbapedia.bulbagarden.net/wiki/Fraxure_(Pok%C3%A9mon),https://www.serebii.net/pokedex-swsh/fraxure/
frigibax,996,no_predecessor_species,,{},,https://bulbapedia.bulbagarden.net/wiki/Frigibax_(Pok%C3%A9mon),
frillish-f,592,no_predecessor_species,,{},,https://bulbapedia.bulbagarden.net/wiki/Frillish_(Pok%C3%A9mon),https://www.serebii.net/pokedex-sm/592.shtml
frillish,592,no_predecessor_species,,{},,https://bulbapedia.bulbagarden.net/wiki/Frillish_(Pok%C3%A9mon),https://www.serebii.net/pokedex-sm/592.shtml
froakie,656,no_predecessor_species,,{},,https://bulbapedia.bulbagarden.net/wiki/Froakie_(Pok%C3%A9mon),https://www.serebii.net/pokedex-sm/656.shtml
frogadier,657,baseline_match_not_all_games_verified,,"{""evolvesFrom"":""froakie"",""evoFromLevel"":16}",337,https://bulbapedia.bulbagarden.net/wiki/Frogadier_(Pok%C3%A9mon),https://www.serebii.net/pokedex-sm/657.shtml
froslass-mega,478,transformation_not_species_evolution,,{},246,https://bulbapedia.bulbagarden.net/wiki/Froslass_(Pok%C3%A9mon),https://www.serebii.net/pokedex-dp/478.shtml;https://www.serebii.net/pokedex-sv/froslass/
froslass,478,has_findings,E03,"{""evolvesFrom"":""snorunt"",""evoFromItem"":""dawnstone""}",246,https://bulbapedia.bulbagarden.net/wiki/Froslass_(Pok%C3%A9mon),https://www.serebii.net/pokedex-dp/478.shtml;https://www.serebii.net/pokedex-sv/froslass/
frosmoth,873,has_findings,E02;E27,"{""evolvesFrom"":""snom"",""evoFromCondition"":""at night""}",442,https://bulbapedia.bulbagarden.net/wiki/Frosmoth_(Pok%C3%A9mon),
fuecoco,909,no_predecessor_species,,{},,https://bulbapedia.bulbagarden.net/wiki/Fuecoco_(Pok%C3%A9mon),
furfrou-dandy,676,no_predecessor_species,,{},,https://bulbapedia.bulbagarden.net/wiki/Furfrou_(Pok%C3%A9mon),https://www.serebii.net/pokedex-sm/676.shtml;https://www.serebii.net/pokedex-xy/676.shtml
furfrou-debutante,676,no_predecessor_species,,{},,https://bulbapedia.bulbagarden.net/wiki/Furfrou_(Pok%C3%A9mon),https://www.serebii.net/pokedex-sm/676.shtml;https://www.serebii.net/pokedex-xy/676.shtml
furfrou-diamond,676,no_predecessor_species,,{},,https://bulbapedia.bulbagarden.net/wiki/Furfrou_(Pok%C3%A9mon),https://www.serebii.net/pokedex-sm/676.shtml;https://www.serebii.net/pokedex-xy/676.shtml
furfrou-heart,676,no_predecessor_species,,{},,https://bulbapedia.bulbagarden.net/wiki/Furfrou_(Pok%C3%A9mon),https://www.serebii.net/pokedex-sm/676.shtml;https://www.serebii.net/pokedex-xy/676.shtml
furfrou-kabuki,676,no_predecessor_species,,{},,https://bulbapedia.bulbagarden.net/wiki/Furfrou_(Pok%C3%A9mon),https://www.serebii.net/pokedex-sm/676.shtml;https://www.serebii.net/pokedex-xy/676.shtml
furfrou-la-reine,676,no_predecessor_species,,{},,https://bulbapedia.bulbagarden.net/wiki/Furfrou_(Pok%C3%A9mon),https://www.serebii.net/pokedex-sm/676.shtml;https://www.serebii.net/pokedex-xy/676.shtml
furfrou-matron,676,no_predecessor_species,,{},,https://bulbapedia.bulbagarden.net/wiki/Furfrou_(Pok%C3%A9mon),https://www.serebii.net/pokedex-sm/676.shtml;https://www.serebii.net/pokedex-xy/676.shtml
furfrou-pharaoh,676,no_predecessor_species,,{},,https://bulbapedia.bulbagarden.net/wiki/Furfrou_(Pok%C3%A9mon),https://www.serebii.net/pokedex-sm/676.shtml;https://www.serebii.net/pokedex-xy/676.shtml
furfrou-star,676,no_predecessor_species,,{},,https://bulbapedia.bulbagarden.net/wiki/Furfrou_(Pok%C3%A9mon),https://www.serebii.net/pokedex-sm/676.shtml;https://www.serebii.net/pokedex-xy/676.shtml
furfrou,676,no_predecessor_species,,{},,https://bulbapedia.bulbagarden.net/wiki/Furfrou_(Pok%C3%A9mon),https://www.serebii.net/pokedex-sm/676.shtml;https://www.serebii.net/pokedex-xy/676.shtml
furret,162,baseline_match_not_all_games_verified,,"{""evolvesFrom"":""sentret"",""evoFromLevel"":15}",90,https://bulbapedia.bulbagarden.net/wiki/Furret_(Pok%C3%A9mon),https://www.serebii.net/pokedex-sm/162.shtml
gabite-f,444,has_findings,E25,"{""evolvesFrom"":""gible"",""evoFromLevel"":24}",221,https://bulbapedia.bulbagarden.net/wiki/Gabite_(Pok%C3%A9mon),https://www.serebii.net/pokedex-swsh/gabite/
gabite,444,baseline_match_not_all_games_verified,,"{""evolvesFrom"":""gible"",""evoFromLevel"":24}",221,https://bulbapedia.bulbagarden.net/wiki/Gabite_(Pok%C3%A9mon),https://www.serebii.net/pokedex-swsh/gabite/
gallade-mega,475,transformation_not_species_evolution,,{},243,https://bulbapedia.bulbagarden.net/wiki/Gallade_(Pok%C3%A9mon),https://www.serebii.net/pokedex-bw/475.shtml;https://www.serebii.net/pokedex-sm/475.shtml;https://www.serebii.net/pokedex-swsh/gallade/;https://www.serebii.net/pokedex-xy/475.shtml
gallade,475,has_findings,E03,"{""evolvesFrom"":""kirlia"",""evoFromItem"":""dawnstone""}",243,https://bulbapedia.bulbagarden.net/wiki/Gallade_(Pok%C3%A9mon),https://www.serebii.net/pokedex-bw/475.shtml;https://www.serebii.net/pokedex-sm/475.shtml;https://www.serebii.net/pokedex-swsh/gallade/;https://www.serebii.net/pokedex-xy/475.shtml
galvantula,596,baseline_match_not_all_games_verified,,"{""evolvesFrom"":""joltik"",""evoFromLevel"":36}",300,https://bulbapedia.bulbagarden.net/wiki/Galvantula_(Pok%C3%A9mon),https://www.serebii.net/pokedex-sm/596.shtml
garbodor-gmax,569,transformation_not_species_evolution,,{},286,https://bulbapedia.bulbagarden.net/wiki/Garbodor_(Pok%C3%A9mon),https://www.serebii.net/pokedex-sv/garbodor/;https://www.serebii.net/pokedex-swsh/garbodor/
garbodor,569,baseline_match_not_all_games_verified,,"{""evolvesFrom"":""trubbish"",""evoFromLevel"":36}",286,https://bulbapedia.bulbagarden.net/wiki/Garbodor_(Pok%C3%A9mon),https://www.serebii.net/pokedex-sv/garbodor/;https://www.serebii.net/pokedex-swsh/garbodor/
garchomp-f,445,has_findings,E25,"{""evolvesFrom"":""gabite"",""evoFromLevel"":48}",222,https://bulbapedia.bulbagarden.net/wiki/Garchomp_(Pok%C3%A9mon),https://www.serebii.net/pokedex-sm/445.shtml;https://www.serebii.net/pokedex-sv/garchomp/;https://www.serebii.net/pokedex-swsh/garchomp/;https://www.serebii.net/pokedex-xy/445.shtml
garchomp-mega-z,445,transformation_not_species_evolution,,{},222,https://bulbapedia.bulbagarden.net/wiki/Garchomp_(Pok%C3%A9mon),https://www.serebii.net/pokedex-sm/445.shtml;https://www.serebii.net/pokedex-sv/garchomp/;https://www.serebii.net/pokedex-swsh/garchomp/;https://www.serebii.net/pokedex-xy/445.shtml
garchomp-mega,445,transformation_not_species_evolution,,{},222,https://bulbapedia.bulbagarden.net/wiki/Garchomp_(Pok%C3%A9mon),https://www.serebii.net/pokedex-sm/445.shtml;https://www.serebii.net/pokedex-sv/garchomp/;https://www.serebii.net/pokedex-swsh/garchomp/;https://www.serebii.net/pokedex-xy/445.shtml
garchomp,445,baseline_match_not_all_games_verified,,"{""evolvesFrom"":""gabite"",""evoFromLevel"":48}",222,https://bulbapedia.bulbagarden.net/wiki/Garchomp_(Pok%C3%A9mon),https://www.serebii.net/pokedex-sm/445.shtml;https://www.serebii.net/pokedex-sv/garchomp/;https://www.serebii.net/pokedex-swsh/garchomp/;https://www.serebii.net/pokedex-xy/445.shtml
gardevoir-mega,282,transformation_not_species_evolution,,{},149,https://bulbapedia.bulbagarden.net/wiki/Gardevoir_(Pok%C3%A9mon),https://www.serebii.net/pokedex-bw/282.shtml;https://www.serebii.net/pokedex-sm/282.shtml;https://www.serebii.net/pokedex-swsh/gardevoir/;https://www.serebii.net/pokedex-xy/282.shtml
gardevoir,282,baseline_match_not_all_games_verified,,"{""evolvesFrom"":""kirlia"",""evoFromLevel"":30}",149,https://bulbapedia.bulbagarden.net/wiki/Gardevoir_(Pok%C3%A9mon),https://www.serebii.net/pokedex-bw/282.shtml;https://www.serebii.net/pokedex-sm/282.shtml;https://www.serebii.net/pokedex-swsh/gardevoir/;https://www.serebii.net/pokedex-xy/282.shtml
garganacl,934,baseline_match_not_all_games_verified,,"{""evolvesFrom"":""naclstack"",""evoFromLevel"":38}",484,https://bulbapedia.bulbagarden.net/wiki/Garganacl_(Pok%C3%A9mon),
gastly,92,no_predecessor_species,,{},,https://bulbapedia.bulbagarden.net/wiki/Gastly_(Pok%C3%A9mon),https://www.serebii.net/pokedex-bw/092.shtml
gastrodon-east,423,has_findings,E04,"{""evolvesFrom"":""shellos"",""evoFromLevel"":30}",578,https://bulbapedia.bulbagarden.net/wiki/Gastrodon_(Pok%C3%A9mon),https://www.serebii.net/pokedex-bw/423.shtml;https://www.serebii.net/pokedex-dp/423.shtml;https://www.serebii.net/pokedex-sm/423.shtml;https://www.serebii.net/pokedex-sv/gastrodon/;https://www.serebii.net/pokedex-swsh/gastrodon/;https://www.serebii.net/pokedex-xy/423.shtml
gastrodon,423,baseline_match_not_all_games_verified,,"{""evolvesFrom"":""shellos"",""evoFromLevel"":30}",212,https://bulbapedia.bulbagarden.net/wiki/Gastrodon_(Pok%C3%A9mon),https://www.serebii.net/pokedex-bw/423.shtml;https://www.serebii.net/pokedex-dp/423.shtml;https://www.serebii.net/pokedex-sm/423.shtml;https://www.serebii.net/pokedex-sv/gastrodon/;https://www.serebii.net/pokedex-swsh/gastrodon/;https://www.serebii.net/pokedex-xy/423.shtml
genesect-burn,649,no_predecessor_species,,{},,https://bulbapedia.bulbagarden.net/wiki/Genesect_(Pok%C3%A9mon),https://www.serebii.net/pokedex-bw/649.shtml;https://www.serebii.net/pokedex-sm/649.shtml;https://www.serebii.net/pokedex-swsh/genesect/;https://www.serebii.net/pokedex-xy/649.shtml
genesect-chill,649,no_predecessor_species,,{},,https://bulbapedia.bulbagarden.net/wiki/Genesect_(Pok%C3%A9mon),https://www.serebii.net/pokedex-bw/649.shtml;https://www.serebii.net/pokedex-sm/649.shtml;https://www.serebii.net/pokedex-swsh/genesect/;https://www.serebii.net/pokedex-xy/649.shtml
genesect-douse,649,no_predecessor_species,,{},,https://bulbapedia.bulbagarden.net/wiki/Genesect_(Pok%C3%A9mon),https://www.serebii.net/pokedex-bw/649.shtml;https://www.serebii.net/pokedex-sm/649.shtml;https://www.serebii.net/pokedex-swsh/genesect/;https://www.serebii.net/pokedex-xy/649.shtml
genesect-shock,649,no_predecessor_species,,{},,https://bulbapedia.bulbagarden.net/wiki/Genesect_(Pok%C3%A9mon),https://www.serebii.net/pokedex-bw/649.shtml;https://www.serebii.net/pokedex-sm/649.shtml;https://www.serebii.net/pokedex-swsh/genesect/;https://www.serebii.net/pokedex-xy/649.shtml
genesect,649,no_predecessor_species,,{},,https://bulbapedia.bulbagarden.net/wiki/Genesect_(Pok%C3%A9mon),https://www.serebii.net/pokedex-bw/649.shtml;https://www.serebii.net/pokedex-sm/649.shtml;https://www.serebii.net/pokedex-swsh/genesect/;https://www.serebii.net/pokedex-xy/649.shtml
gengar-gmax,94,transformation_not_species_evolution,,{},57,https://bulbapedia.bulbagarden.net/wiki/Gengar_(Pok%C3%A9mon),https://www.serebii.net/pokedex-bw/094.shtml;https://www.serebii.net/pokedex-sm/094.shtml;https://www.serebii.net/pokedex-sv/gengar/;https://www.serebii.net/pokedex-swsh/gengar/;https://www.serebii.net/pokedex-xy/094.shtml
gengar-mega,94,transformation_not_species_evolution,,{},57,https://bulbapedia.bulbagarden.net/wiki/Gengar_(Pok%C3%A9mon),https://www.serebii.net/pokedex-bw/094.shtml;https://www.serebii.net/pokedex-sm/094.shtml;https://www.serebii.net/pokedex-sv/gengar/;https://www.serebii.net/pokedex-swsh/gengar/;https://www.serebii.net/pokedex-xy/094.shtml
gengar,94,has_findings,E01;E14;E30,"{""evolvesFrom"":""haunter""}",57,https://bulbapedia.bulbagarden.net/wiki/Gengar_(Pok%C3%A9mon),https://www.serebii.net/pokedex-bw/094.shtml;https://www.serebii.net/pokedex-sm/094.shtml;https://www.serebii.net/pokedex-sv/gengar/;https://www.serebii.net/pokedex-swsh/gengar/;https://www.serebii.net/pokedex-xy/094.shtml
geodude-alola,74,no_predecessor_species,,{},,https://bulbapedia.bulbagarden.net/wiki/Geodude_(Pok%C3%A9mon),https://www.serebii.net/pokedex-sm/074.shtml;https://www.serebii.net/pokedex-sv/geodude/;https://www.serebii.net/pokedex-swsh/geodude/
geodude,74,no_predecessor_species,,{},,https://bulbapedia.bulbagarden.net/wiki/Geodude_(Pok%C3%A9mon),https://www.serebii.net/pokedex-sm/074.shtml;https://www.serebii.net/pokedex-sv/geodude/;https://www.serebii.net/pokedex-swsh/geodude/
gholdengo,1000,has_findings,E24;E27;E30,"{""evolvesFrom"":""gimmighoul"",""evoFromCondition"":""Level up with 999 Coins in the bag""}",511,https://bulbapedia.bulbagarden.net/wiki/Gholdengo_(Pok%C3%A9mon),
gible-f,443,no_predecessor_species,,{},,https://bulbapedia.bulbagarden.net/wiki/Gible_(Pok%C3%A9mon),https://www.serebii.net/pokedex-swsh/gible/
gible,443,no_predecessor_species,,{},,https://bulbapedia.bulbagarden.net/wiki/Gible_(Pok%C3%A9mon),https://www.serebii.net/pokedex-swsh/gible/
gigalith,526,has_findings,E01,"{""evolvesFrom"":""boldore""}",265,https://bulbapedia.bulbagarden.net/wiki/Gigalith_(Pok%C3%A9mon),
gimmighoul-roaming,999,no_predecessor_species,,{},,https://bulbapedia.bulbagarden.net/wiki/Gimmighoul_(Pok%C3%A9mon),https://www.serebii.net/pokedex-sv/gimmighoul/
gimmighoul,999,no_predecessor_species,,{},,https://bulbapedia.bulbagarden.net/wiki/Gimmighoul_(Pok%C3%A9mon),https://www.serebii.net/pokedex-sv/gimmighoul/
girafarig-f,203,no_predecessor_species,,{},,https://bulbapedia.bulbagarden.net/wiki/Girafarig_(Pok%C3%A9mon),https://www.serebii.net/pokedex-sm/203.shtml
girafarig,203,no_predecessor_species,,{},,https://bulbapedia.bulbagarden.net/wiki/Girafarig_(Pok%C3%A9mon),https://www.serebii.net/pokedex-sm/203.shtml
giratina-origin,487,no_predecessor_species,,{},,https://bulbapedia.bulbagarden.net/wiki/Giratina_(Pok%C3%A9mon),https://www.serebii.net/pokedex-bw/487.shtml;https://www.serebii.net/pokedex-dp/487.shtml;https://www.serebii.net/pokedex-sm/487.shtml;https://www.serebii.net/pokedex-swsh/giratina/;https://www.serebii.net/pokedex-xy/487.shtml
giratina,487,no_predecessor_species,,{},,https://bulbapedia.bulbagarden.net/wiki/Giratina_(Pok%C3%A9mon),https://www.serebii.net/pokedex-bw/487.shtml;https://www.serebii.net/pokedex-dp/487.shtml;https://www.serebii.net/pokedex-sm/487.shtml;https://www.serebii.net/pokedex-swsh/giratina/;https://www.serebii.net/pokedex-xy/487.shtml
glaceon,471,has_findings,E13,"{""evolvesFrom"":""eevee"",""evoFromItem"":""icestone""}",239;325;364;408;549;551,https://bulbapedia.bulbagarden.net/wiki/Glaceon_(Pok%C3%A9mon),
glalie-mega,362,transformation_not_species_evolution,,{},183,https://bulbapedia.bulbagarden.net/wiki/Glalie_(Pok%C3%A9mon),https://www.serebii.net/pokedex-dp/362.shtml;https://www.serebii.net/pokedex-sm/362.shtml;https://www.serebii.net/pokedex-swsh/glalie/;https://www.serebii.net/pokedex-xy/362.shtml
glalie,362,baseline_match_not_all_games_verified,,"{""evolvesFrom"":""snorunt"",""evoFromLevel"":42}",183,https://bulbapedia.bulbagarden.net/wiki/Glalie_(Pok%C3%A9mon),https://www.serebii.net/pokedex-dp/362.shtml;https://www.serebii.net/pokedex-sm/362.shtml;https://www.serebii.net/pokedex-swsh/glalie/;https://www.serebii.net/pokedex-xy/362.shtml
glameow,431,no_predecessor_species,,{},,https://bulbapedia.bulbagarden.net/wiki/Glameow_(Pok%C3%A9mon),https://www.serebii.net/pokedex-bw/431.shtml;https://www.serebii.net/pokedex-sm/431.shtml;https://www.serebii.net/pokedex-swsh/glameow/
glastrier,896,no_predecessor_species,,{},,https://bulbapedia.bulbagarden.net/wiki/Glastrier_(Pok%C3%A9mon),
gligar-f,207,no_predecessor_species,,{},,https://bulbapedia.bulbagarden.net/wiki/Gligar_(Pok%C3%A9mon),https://www.serebii.net/pokedex-sm/207.shtml;https://www.serebii.net/pokedex-swsh/gligar/
gligar,207,no_predecessor_species,,{},,https://bulbapedia.bulbagarden.net/wiki/Gligar_(Pok%C3%A9mon),https://www.serebii.net/pokedex-sm/207.shtml;https://www.serebii.net/pokedex-swsh/gligar/
glimmet,969,no_predecessor_species,,{},,https://bulbapedia.bulbagarden.net/wiki/Glimmet_(Pok%C3%A9mon),
glimmora-mega,970,transformation_not_species_evolution,,{},501,https://bulbapedia.bulbagarden.net/wiki/Glimmora_(Pok%C3%A9mon),https://www.serebii.net/pokedex-sv/glimmora/
glimmora,970,baseline_match_not_all_games_verified,,"{""evolvesFrom"":""glimmet"",""evoFromLevel"":35}",501,https://bulbapedia.bulbagarden.net/wiki/Glimmora_(Pok%C3%A9mon),https://www.serebii.net/pokedex-sv/glimmora/
gliscor,472,has_findings,E11;E14;E27,"{""evolvesFrom"":""gligar"",""evoFromItem"":""razorfang"",""evoFromCondition"":""at night""}",240,https://bulbapedia.bulbagarden.net/wiki/Gliscor_(Pok%C3%A9mon),https://www.serebii.net/pokedex-sm/472.shtml;https://www.serebii.net/pokedex-swsh/gliscor/
gloom-f,44,baseline_match_not_all_games_verified,,"{""evolvesFrom"":""oddish"",""evoFromLevel"":21}",29,https://bulbapedia.bulbagarden.net/wiki/Gloom_(Pok%C3%A9mon),https://www.serebii.net/pokedex-bw/044.shtml;https://www.serebii.net/pokedex-sm/044.shtml
gloom,44,baseline_match_not_all_games_verified,,"{""evolvesFrom"":""oddish"",""evoFromLevel"":21}",29,https://bulbapedia.bulbagarden.net/wiki/Gloom_(Pok%C3%A9mon),https://www.serebii.net/pokedex-bw/044.shtml;https://www.serebii.net/pokedex-sm/044.shtml
gogoat,673,baseline_match_not_all_games_verified,,"{""evolvesFrom"":""skiddo"",""evoFromLevel"":32}",357,https://bulbapedia.bulbagarden.net/wiki/Gogoat_(Pok%C3%A9mon),https://www.serebii.net/pokedex-sm/673.shtml
golbat-f,42,has_findings,E25,"{""evolvesFrom"":""zubat"",""evoFromLevel"":22}",28,https://bulbapedia.bulbagarden.net/wiki/Golbat_(Pok%C3%A9mon),
golbat,42,baseline_match_not_all_games_verified,,"{""evolvesFrom"":""zubat"",""evoFromLevel"":22}",28,https://bulbapedia.bulbagarden.net/wiki/Golbat_(Pok%C3%A9mon),
goldeen-f,118,no_predecessor_species,,{},,https://bulbapedia.bulbagarden.net/wiki/Goldeen_(Pok%C3%A9mon),
goldeen,118,no_predecessor_species,,{},,https://bulbapedia.bulbagarden.net/wiki/Goldeen_(Pok%C3%A9mon),
golduck,55,baseline_match_not_all_games_verified,,"{""evolvesFrom"":""psyduck"",""evoFromLevel"":33}",35,https://bulbapedia.bulbagarden.net/wiki/Golduck_(Pok%C3%A9mon),
golem-alola,76,has_findings,E01,"{""evolvesFrom"":""graveler-alola""}",520,https://bulbapedia.bulbagarden.net/wiki/Golem_(Pok%C3%A9mon),https://www.serebii.net/pokedex-sm/076.shtml;https://www.serebii.net/pokedex-sv/golem/;https://www.serebii.net/pokedex-swsh/golem/
golem,76,has_findings,E01;E14;E30,"{""evolvesFrom"":""graveler""}",48,https://bulbapedia.bulbagarden.net/wiki/Golem_(Pok%C3%A9mon),https://www.serebii.net/pokedex-sm/076.shtml;https://www.serebii.net/pokedex-sv/golem/;https://www.serebii.net/pokedex-swsh/golem/
golett,622,no_predecessor_species,,{},,https://bulbapedia.bulbagarden.net/wiki/Golett_(Pok%C3%A9mon),https://www.serebii.net/pokedex-sm/622.shtml
golisopod-mega,768,transformation_not_species_evolution,,{},397,https://bulbapedia.bulbagarden.net/wiki/Golisopod_(Pok%C3%A9mon),https://www.serebii.net/pokedex-sv/golisopod/
golisopod,768,baseline_match_not_all_games_verified,,"{""evolvesFrom"":""wimpod"",""evoFromLevel"":30}",397,https://bulbapedia.bulbagarden.net/wiki/Golisopod_(Pok%C3%A9mon),https://www.serebii.net/pokedex-sv/golisopod/
golurk-mega,623,transformation_not_species_evolution,,{},314,https://bulbapedia.bulbagarden.net/wiki/Golurk_(Pok%C3%A9mon),https://www.serebii.net/pokedex-sm/623.shtml;https://www.serebii.net/pokedex-sv/golurk/
golurk,623,baseline_match_not_all_games_verified,,"{""evolvesFrom"":""golett"",""evoFromLevel"":43}",314,https://bulbapedia.bulbagarden.net/wiki/Golurk_(Pok%C3%A9mon),https://www.serebii.net/pokedex-sm/623.shtml;https://www.serebii.net/pokedex-sv/golurk/
goodra-hisui,706,has_findings,E27;E28,"{""evolvesFrom"":""sliggoo-hisui"",""evoFromLevel"":50,""evoFromCondition"":""during rain""}",532,https://bulbapedia.bulbagarden.net/wiki/Goodra_(Pok%C3%A9mon),https://www.serebii.net/pokedex-swsh/goodra/
goodra,706,has_findings,E27;E28,"{""evolvesFrom"":""sliggoo"",""evoFromLevel"":50,""evoFromCondition"":""during rain""}",358,https://bulbapedia.bulbagarden.net/wiki/Goodra_(Pok%C3%A9mon),https://www.serebii.net/pokedex-swsh/goodra/
goomy,704,no_predecessor_species,,{},,https://bulbapedia.bulbagarden.net/wiki/Goomy_(Pok%C3%A9mon),https://www.serebii.net/pokedex-swsh/goomy/
gorebyss,368,has_findings,E01;E11,"{""evolvesFrom"":""clamperl"",""evoFromItem"":""deepseascale""}",187,https://bulbapedia.bulbagarden.net/wiki/Gorebyss_(Pok%C3%A9mon),https://www.serebii.net/pokedex-sm/368.shtml
gossifleur,829,no_predecessor_species,,{},,https://bulbapedia.bulbagarden.net/wiki/Gossifleur_(Pok%C3%A9mon),
gothita,574,no_predecessor_species,,{},,https://bulbapedia.bulbagarden.net/wiki/Gothita_(Pok%C3%A9mon),https://www.serebii.net/pokedex-sm/574.shtml;https://www.serebii.net/pokedex-swsh/gothita/
gothitelle,576,baseline_match_not_all_games_verified,,"{""evolvesFrom"":""gothorita"",""evoFromLevel"":41}",290,https://bulbapedia.bulbagarden.net/wiki/Gothitelle_(Pok%C3%A9mon),https://www.serebii.net/pokedex-sm/576.shtml;https://www.serebii.net/pokedex-swsh/gothitelle/
gothorita,575,baseline_match_not_all_games_verified,,"{""evolvesFrom"":""gothita"",""evoFromLevel"":32}",289,https://bulbapedia.bulbagarden.net/wiki/Gothorita_(Pok%C3%A9mon),https://www.serebii.net/pokedex-sm/575.shtml;https://www.serebii.net/pokedex-swsh/gothorita/
gougingfire,1020,no_predecessor_species,,{},,https://bulbapedia.bulbagarden.net/wiki/Gouging_Fire_(Pok%C3%A9mon),
gourgeist-large,711,has_findings,E01,"{""evolvesFrom"":""pumpkaboo-large""}",555,https://bulbapedia.bulbagarden.net/wiki/Gourgeist_(Pok%C3%A9mon),https://www.serebii.net/pokedex-sm/711.shtml;https://www.serebii.net/pokedex-swsh/gourgeist/;https://www.serebii.net/pokedex-xy/711.shtml
gourgeist-small,711,has_findings,E01,"{""evolvesFrom"":""pumpkaboo-small""}",554,https://bulbapedia.bulbagarden.net/wiki/Gourgeist_(Pok%C3%A9mon),https://www.serebii.net/pokedex-sm/711.shtml;https://www.serebii.net/pokedex-swsh/gourgeist/;https://www.serebii.net/pokedex-xy/711.shtml
gourgeist-super,711,has_findings,E01,"{""evolvesFrom"":""pumpkaboo-super""}",556,https://bulbapedia.bulbagarden.net/wiki/Gourgeist_(Pok%C3%A9mon),https://www.serebii.net/pokedex-sm/711.shtml;https://www.serebii.net/pokedex-swsh/gourgeist/;https://www.serebii.net/pokedex-xy/711.shtml
gourgeist,711,has_findings,E01,"{""evolvesFrom"":""pumpkaboo""}",344,https://bulbapedia.bulbagarden.net/wiki/Gourgeist_(Pok%C3%A9mon),https://www.serebii.net/pokedex-sm/711.shtml;https://www.serebii.net/pokedex-swsh/gourgeist/;https://www.serebii.net/pokedex-xy/711.shtml
grafaiai,945,baseline_match_not_all_games_verified,,"{""evolvesFrom"":""shroodle"",""evoFromLevel"":28}",490,https://bulbapedia.bulbagarden.net/wiki/Grafaiai_(Pok%C3%A9mon),
granbull,210,baseline_match_not_all_games_verified,,"{""evolvesFrom"":""snubbull"",""evoFromLevel"":23}",115,https://bulbapedia.bulbagarden.net/wiki/Granbull_(Pok%C3%A9mon),
grapploct,853,baseline_match_not_all_games_verified,,"{""evolvesFrom"":""clobbopus"",""evoFromMove"":""taunt""}",435,https://bulbapedia.bulbagarden.net/wiki/Grapploct_(Pok%C3%A9mon),
graveler-alola,75,baseline_match_not_all_games_verified,,"{""evolvesFrom"":""geodude-alola"",""evoFromLevel"":25}",519,https://bulbapedia.bulbagarden.net/wiki/Graveler_(Pok%C3%A9mon),https://www.serebii.net/pokedex-sm/075.shtml;https://www.serebii.net/pokedex-sv/graveler/;https://www.serebii.net/pokedex-swsh/graveler/
graveler,75,baseline_match_not_all_games_verified,,"{""evolvesFrom"":""geodude"",""evoFromLevel"":25}",47,https://bulbapedia.bulbagarden.net/wiki/Graveler_(Pok%C3%A9mon),https://www.serebii.net/pokedex-sm/075.shtml;https://www.serebii.net/pokedex-sv/graveler/;https://www.serebii.net/pokedex-swsh/graveler/
greattusk,984,no_predecessor_species,,{},,https://bulbapedia.bulbagarden.net/wiki/Great_Tusk_(Pok%C3%A9mon),
greavard,971,no_predecessor_species,,{},,https://bulbapedia.bulbagarden.net/wiki/Greavard_(Pok%C3%A9mon),
greedent,820,baseline_match_not_all_games_verified,,"{""evolvesFrom"":""skwovet"",""evoFromLevel"":24}",417,https://bulbapedia.bulbagarden.net/wiki/Greedent_(Pok%C3%A9mon),
greninja-ash,658,transformation_not_species_evolution,,{},338,https://bulbapedia.bulbagarden.net/wiki/Greninja_(Pok%C3%A9mon),https://www.serebii.net/pokedex-sm/658.shtml;https://www.serebii.net/pokedex-sv/greninja/
greninja-mega,658,transformation_not_species_evolution,,{},338,https://bulbapedia.bulbagarden.net/wiki/Greninja_(Pok%C3%A9mon),https://www.serebii.net/pokedex-sm/658.shtml;https://www.serebii.net/pokedex-sv/greninja/
greninja,658,baseline_match_not_all_games_verified,,"{""evolvesFrom"":""frogadier"",""evoFromLevel"":36}",338,https://bulbapedia.bulbagarden.net/wiki/Greninja_(Pok%C3%A9mon),https://www.serebii.net/pokedex-sm/658.shtml;https://www.serebii.net/pokedex-sv/greninja/
grimer-alola,88,no_predecessor_species,,{},,https://bulbapedia.bulbagarden.net/wiki/Grimer_(Pok%C3%A9mon),https://www.serebii.net/pokedex-sm/088.shtml;https://www.serebii.net/pokedex-swsh/grimer/
grimer,88,no_predecessor_species,,{},,https://bulbapedia.bulbagarden.net/wiki/Grimer_(Pok%C3%A9mon),https://www.serebii.net/pokedex-sm/088.shtml;https://www.serebii.net/pokedex-swsh/grimer/
grimmsnarl-gmax,861,transformation_not_species_evolution,,{},440,https://bulbapedia.bulbagarden.net/wiki/Grimmsnarl_(Pok%C3%A9mon),https://www.serebii.net/pokedex-sv/grimmsnarl/;https://www.serebii.net/pokedex-swsh/grimmsnarl/
grimmsnarl,861,baseline_match_not_all_games_verified,,"{""evolvesFrom"":""morgrem"",""evoFromLevel"":42}",440,https://bulbapedia.bulbagarden.net/wiki/Grimmsnarl_(Pok%C3%A9mon),https://www.serebii.net/pokedex-sv/grimmsnarl/;https://www.serebii.net/pokedex-swsh/grimmsnarl/
grookey,810,no_predecessor_species,,{},,https://bulbapedia.bulbagarden.net/wiki/Grookey_(Pok%C3%A9mon),
grotle,388,baseline_match_not_all_games_verified,,"{""evolvesFrom"":""turtwig"",""evoFromLevel"":18}",192,https://bulbapedia.bulbagarden.net/wiki/Grotle_(Pok%C3%A9mon),https://www.serebii.net/pokedex-sm/388.shtml
groudon-primal,383,transformation_not_species_evolution,,{},,https://bulbapedia.bulbagarden.net/wiki/Groudon_(Pok%C3%A9mon),https://www.serebii.net/pokedex-sm/383.shtml;https://www.serebii.net/pokedex-swsh/groudon/;https://www.serebii.net/pokedex-xy/383.shtml
groudon,383,no_predecessor_species,,{},,https://bulbapedia.bulbagarden.net/wiki/Groudon_(Pok%C3%A9mon),https://www.serebii.net/pokedex-sm/383.shtml;https://www.serebii.net/pokedex-swsh/groudon/;https://www.serebii.net/pokedex-xy/383.shtml
grovyle,253,baseline_match_not_all_games_verified,,"{""evolvesFrom"":""treecko"",""evoFromLevel"":16}",130,https://bulbapedia.bulbagarden.net/wiki/Grovyle_(Pok%C3%A9mon),https://www.serebii.net/pokedex-sm/253.shtml
growlithe-hisui,58,no_predecessor_species,,{},,https://bulbapedia.bulbagarden.net/wiki/Growlithe_(Pok%C3%A9mon),https://www.serebii.net/pokedex-sm/058.shtml;https://www.serebii.net/pokedex-swsh/growlithe/
growlithe,58,no_predecessor_species,,{},,https://bulbapedia.bulbagarden.net/wiki/Growlithe_(Pok%C3%A9mon),https://www.serebii.net/pokedex-sm/058.shtml;https://www.serebii.net/pokedex-swsh/growlithe/
grubbin,736,no_predecessor_species,,{},,https://bulbapedia.bulbagarden.net/wiki/Grubbin_(Pok%C3%A9mon),
grumpig,326,baseline_match_not_all_games_verified,,"{""evolvesFrom"":""spoink"",""evoFromLevel"":32}",169,https://bulbapedia.bulbagarden.net/wiki/Grumpig_(Pok%C3%A9mon),https://www.serebii.net/pokedex-sm/326.shtml
gulpin-f,316,no_predecessor_species,,{},,https://bulbapedia.bulbagarden.net/wiki/Gulpin_(Pok%C3%A9mon),https://www.serebii.net/pokedex-sm/316.shtml
gulpin,316,no_predecessor_species,,{},,https://bulbapedia.bulbagarden.net/wiki/Gulpin_(Pok%C3%A9mon),https://www.serebii.net/pokedex-sm/316.shtml
gumshoos,735,has_findings,E27,"{""evolvesFrom"":""yungoos"",""evoFromLevel"":20,""evoFromCondition"":""during the day""}",381,https://bulbapedia.bulbagarden.net/wiki/Gumshoos_(Pok%C3%A9mon),
gurdurr,533,baseline_match_not_all_games_verified,,"{""evolvesFrom"":""timburr"",""evoFromLevel"":25}",268,https://bulbapedia.bulbagarden.net/wiki/Gurdurr_(Pok%C3%A9mon),https://www.serebii.net/pokedex-sm/533.shtml
guzzlord,799,no_predecessor_species,,{},,https://bulbapedia.bulbagarden.net/wiki/Guzzlord_(Pok%C3%A9mon),
gyarados-f,130,has_findings,E25,"{""evolvesFrom"":""magikarp"",""evoFromLevel"":20}",75,https://bulbapedia.bulbagarden.net/wiki/Gyarados_(Pok%C3%A9mon),https://www.serebii.net/pokedex-sm/130.shtml;https://www.serebii.net/pokedex-swsh/gyarados/;https://www.serebii.net/pokedex-xy/130.shtml
gyarados-mega,130,transformation_not_species_evolution,,{},75,https://bulbapedia.bulbagarden.net/wiki/Gyarados_(Pok%C3%A9mon),https://www.serebii.net/pokedex-sm/130.shtml;https://www.serebii.net/pokedex-swsh/gyarados/;https://www.serebii.net/pokedex-xy/130.shtml
gyarados,130,baseline_match_not_all_games_verified,,"{""evolvesFrom"":""magikarp"",""evoFromLevel"":20}",75,https://bulbapedia.bulbagarden.net/wiki/Gyarados_(Pok%C3%A9mon),https://www.serebii.net/pokedex-sm/130.shtml;https://www.serebii.net/pokedex-swsh/gyarados/;https://www.serebii.net/pokedex-xy/130.shtml
hakamoo,783,baseline_match_not_all_games_verified,,"{""evolvesFrom"":""jangmoo"",""evoFromLevel"":35}",400,https://bulbapedia.bulbagarden.net/wiki/Hakamo-o_(Pok%C3%A9mon),https://www.serebii.net/pokedex-swsh/hakamo-o/
happiny,440,no_predecessor_species,,{},,https://bulbapedia.bulbagarden.net/wiki/Happiny_(Pok%C3%A9mon),https://www.serebii.net/pokedex-bw/440.shtml
hariyama,297,baseline_match_not_all_games_verified,,"{""evolvesFrom"":""makuhita"",""evoFromLevel"":24}",158,https://bulbapedia.bulbagarden.net/wiki/Hariyama_(Pok%C3%A9mon),
hatenna,856,no_predecessor_species,,{},,https://bulbapedia.bulbagarden.net/wiki/Hatenna_(Pok%C3%A9mon),https://www.serebii.net/pokedex-swsh/hatenna/
hatterene-gmax,858,transformation_not_species_evolution,,{},438,https://bulbapedia.bulbagarden.net/wiki/Hatterene_(Pok%C3%A9mon),https://www.serebii.net/pokedex-sv/hatterene/;https://www.serebii.net/pokedex-swsh/hatterene/
hatterene,858,baseline_match_not_all_games_verified,,"{""evolvesFrom"":""hattrem"",""evoFromLevel"":42}",438,https://bulbapedia.bulbagarden.net/wiki/Hatterene_(Pok%C3%A9mon),https://www.serebii.net/pokedex-sv/hatterene/;https://www.serebii.net/pokedex-swsh/hatterene/
hattrem,857,baseline_match_not_all_games_verified,,"{""evolvesFrom"":""hatenna"",""evoFromLevel"":32}",437,https://bulbapedia.bulbagarden.net/wiki/Hattrem_(Pok%C3%A9mon),
haunter,93,baseline_match_not_all_games_verified,,"{""evolvesFrom"":""gastly"",""evoFromLevel"":25}",56,https://bulbapedia.bulbagarden.net/wiki/Haunter_(Pok%C3%A9mon),https://www.serebii.net/pokedex-bw/093.shtml
hawlucha-mega,701,transformation_not_species_evolution,,{},,https://bulbapedia.bulbagarden.net/wiki/Hawlucha_(Pok%C3%A9mon),https://www.serebii.net/pokedex-sm/701.shtml;https://www.serebii.net/pokedex-sv/hawlucha/;https://www.serebii.net/pokedex-swsh/hawlucha/
hawlucha,701,no_predecessor_species,,{},,https://bulbapedia.bulbagarden.net/wiki/Hawlucha_(Pok%C3%A9mon),https://www.serebii.net/pokedex-sm/701.shtml;https://www.serebii.net/pokedex-sv/hawlucha/;https://www.serebii.net/pokedex-swsh/hawlucha/
haxorus,612,baseline_match_not_all_games_verified,,"{""evolvesFrom"":""fraxure"",""evoFromLevel"":48}",310,https://bulbapedia.bulbagarden.net/wiki/Haxorus_(Pok%C3%A9mon),https://www.serebii.net/pokedex-swsh/haxorus/
heatmor,631,no_predecessor_species,,{},,https://bulbapedia.bulbagarden.net/wiki/Heatmor_(Pok%C3%A9mon),https://www.serebii.net/pokedex-sm/631.shtml
heatran-mega,485,transformation_not_species_evolution,,{},,https://bulbapedia.bulbagarden.net/wiki/Heatran_(Pok%C3%A9mon),https://www.serebii.net/pokedex-sm/485.shtml;https://www.serebii.net/pokedex-sv/heatran/
heatran,485,no_predecessor_species,,{},,https://bulbapedia.bulbagarden.net/wiki/Heatran_(Pok%C3%A9mon),https://www.serebii.net/pokedex-sm/485.shtml;https://www.serebii.net/pokedex-sv/heatran/
heliolisk,695,baseline_match_not_all_games_verified,,"{""evolvesFrom"":""helioptile"",""evoFromItem"":""sunstone""}",355,https://bulbapedia.bulbagarden.net/wiki/Heliolisk_(Pok%C3%A9mon),https://www.serebii.net/pokedex-sm/695.shtml
helioptile,694,no_predecessor_species,,{},,https://bulbapedia.bulbagarden.net/wiki/Helioptile_(Pok%C3%A9mon),https://www.serebii.net/pokedex-sm/694.shtml
heracross-f,214,no_predecessor_species,,{},,https://bulbapedia.bulbagarden.net/wiki/Heracross_(Pok%C3%A9mon),https://www.serebii.net/pokedex-sm/214.shtml;https://www.serebii.net/pokedex-swsh/heracross/;https://www.serebii.net/pokedex-xy/214.shtml
heracross-mega,214,transformation_not_species_evolution,,{},,https://bulbapedia.bulbagarden.net/wiki/Heracross_(Pok%C3%A9mon),https://www.serebii.net/pokedex-sm/214.shtml;https://www.serebii.net/pokedex-swsh/heracross/;https://www.serebii.net/pokedex-xy/214.shtml
heracross,214,no_predecessor_species,,{},,https://bulbapedia.bulbagarden.net/wiki/Heracross_(Pok%C3%A9mon),https://www.serebii.net/pokedex-sm/214.shtml;https://www.serebii.net/pokedex-swsh/heracross/;https://www.serebii.net/pokedex-xy/214.shtml
herdier,507,baseline_match_not_all_games_verified,,"{""evolvesFrom"":""lillipup"",""evoFromLevel"":16}",254,https://bulbapedia.bulbagarden.net/wiki/Herdier_(Pok%C3%A9mon),
hippopotas-f,449,no_predecessor_species,,{},,https://bulbapedia.bulbagarden.net/wiki/Hippopotas_(Pok%C3%A9mon),https://www.serebii.net/pokedex-sm/449.shtml
hippopotas,449,no_predecessor_species,,{},,https://bulbapedia.bulbagarden.net/wiki/Hippopotas_(Pok%C3%A9mon),https://www.serebii.net/pokedex-sm/449.shtml
hippowdon-f,450,has_findings,E25,"{""evolvesFrom"":""hippopotas"",""evoFromLevel"":34}",224,https://bulbapedia.bulbagarden.net/wiki/Hippowdon_(Pok%C3%A9mon),https://www.serebii.net/pokedex-sm/450.shtml
hippowdon,450,baseline_match_not_all_games_verified,,"{""evolvesFrom"":""hippopotas"",""evoFromLevel"":34}",224,https://bulbapedia.bulbagarden.net/wiki/Hippowdon_(Pok%C3%A9mon),https://www.serebii.net/pokedex-sm/450.shtml
hitmonchan,107,has_findings,E27,"{""evolvesFrom"":""tyrogue"",""evoFromLevel"":20,""evoFromCondition"":""with an Atk stat < its Def stat""}",64,https://bulbapedia.bulbagarden.net/wiki/Hitmonchan_(Pok%C3%A9mon),https://www.serebii.net/pokedex-sm/107.shtml
hitmonlee,106,has_findings,E27,"{""evolvesFrom"":""tyrogue"",""evoFromLevel"":20,""evoFromCondition"":""with an Atk stat > its Def stat""}",63,https://bulbapedia.bulbagarden.net/wiki/Hitmonlee_(Pok%C3%A9mon),https://www.serebii.net/pokedex-sm/106.shtml
hitmontop,237,has_findings,E27,"{""evolvesFrom"":""tyrogue"",""evoFromLevel"":20,""evoFromCondition"":""with an Atk stat equal to its Def stat""}",126,https://bulbapedia.bulbagarden.net/wiki/Hitmontop_(Pok%C3%A9mon),https://www.serebii.net/pokedex-sm/237.shtml
honchkrow,430,baseline_match_not_all_games_verified,,"{""evolvesFrom"":""murkrow"",""evoFromItem"":""duskstone""}",217,https://bulbapedia.bulbagarden.net/wiki/Honchkrow_(Pok%C3%A9mon),https://www.serebii.net/pokedex-swsh/honchkrow/
honedge,679,no_predecessor_species,,{},,https://bulbapedia.bulbagarden.net/wiki/Honedge_(Pok%C3%A9mon),https://www.serebii.net/pokedex-swsh/honedge/
hooh,250,no_predecessor_species,,{},,https://bulbapedia.bulbagarden.net/wiki/Ho-Oh_(Pok%C3%A9mon),https://www.serebii.net/pokedex-sm/250.shtml;https://www.serebii.net/pokedex-swsh/ho-oh/
hoopa-unbound,720,no_predecessor_species,,{},,https://bulbapedia.bulbagarden.net/wiki/Hoopa_(Pok%C3%A9mon),https://www.serebii.net/pokedex-sm/720.shtml;https://www.serebii.net/pokedex-xy/720.shtml
hoopa,720,no_predecessor_species,,{},,https://bulbapedia.bulbagarden.net/wiki/Hoopa_(Pok%C3%A9mon),https://www.serebii.net/pokedex-sm/720.shtml;https://www.serebii.net/pokedex-xy/720.shtml
hoothoot,163,no_predecessor_species,,{},,https://bulbapedia.bulbagarden.net/wiki/Hoothoot_(Pok%C3%A9mon),https://www.serebii.net/pokedex-bw/163.shtml;https://www.serebii.net/pokedex-sm/163.shtml
hoppip,187,no_predecessor_species,,{},,https://bulbapedia.bulbagarden.net/wiki/Hoppip_(Pok%C3%A9mon),https://www.serebii.net/pokedex-bw/187.shtml;https://www.serebii.net/pokedex-sm/187.shtml
horsea,116,no_predecessor_species,,{},,https://bulbapedia.bulbagarden.net/wiki/Horsea_(Pok%C3%A9mon),
houndoom-f,229,baseline_match_not_all_games_verified,,"{""evolvesFrom"":""houndour"",""evoFromLevel"":24}",122,https://bulbapedia.bulbagarden.net/wiki/Houndoom_(Pok%C3%A9mon),https://www.serebii.net/pokedex-sm/229.shtml;https://www.serebii.net/pokedex-swsh/houndoom/;https://www.serebii.net/pokedex-xy/229.shtml
houndoom-mega,229,transformation_not_species_evolution,,{},122,https://bulbapedia.bulbagarden.net/wiki/Houndoom_(Pok%C3%A9mon),https://www.serebii.net/pokedex-sm/229.shtml;https://www.serebii.net/pokedex-swsh/houndoom/;https://www.serebii.net/pokedex-xy/229.shtml
houndoom,229,baseline_match_not_all_games_verified,,"{""evolvesFrom"":""houndour"",""evoFromLevel"":24}",122,https://bulbapedia.bulbagarden.net/wiki/Houndoom_(Pok%C3%A9mon),https://www.serebii.net/pokedex-sm/229.shtml;https://www.serebii.net/pokedex-swsh/houndoom/;https://www.serebii.net/pokedex-xy/229.shtml
houndour,228,no_predecessor_species,,{},,https://bulbapedia.bulbagarden.net/wiki/Houndour_(Pok%C3%A9mon),https://www.serebii.net/pokedex-sm/228.shtml
houndstone,972,has_findings,E27,"{""evolvesFrom"":""greavard"",""evoFromLevel"":30,""evoFromCondition"":""at night""}",502,https://bulbapedia.bulbagarden.net/wiki/Houndstone_(Pok%C3%A9mon),
huntail,367,has_findings,E01;E11,"{""evolvesFrom"":""clamperl"",""evoFromItem"":""deepseatooth""}",186,https://bulbapedia.bulbagarden.net/wiki/Huntail_(Pok%C3%A9mon),https://www.serebii.net/pokedex-sm/367.shtml
hydrapple,1019,baseline_match_not_all_games_verified,,"{""evolvesFrom"":""dipplin"",""evoFromMove"":""dragoncheer""}",543,https://bulbapedia.bulbagarden.net/wiki/Hydrapple_(Pok%C3%A9mon),
hydreigon,635,baseline_match_not_all_games_verified,,"{""evolvesFrom"":""zweilous"",""evoFromLevel"":64}",319,https://bulbapedia.bulbagarden.net/wiki/Hydreigon_(Pok%C3%A9mon),https://www.serebii.net/pokedex-sm/635.shtml;https://www.serebii.net/pokedex-swsh/hydreigon/
hypno-f,97,baseline_match_not_all_games_verified,,"{""evolvesFrom"":""drowzee"",""evoFromLevel"":26}",58,https://bulbapedia.bulbagarden.net/wiki/Hypno_(Pok%C3%A9mon),
hypno,97,baseline_match_not_all_games_verified,,"{""evolvesFrom"":""drowzee"",""evoFromLevel"":26}",58,https://bulbapedia.bulbagarden.net/wiki/Hypno_(Pok%C3%A9mon),
igglybuff,174,no_predecessor_species,,{},,https://bulbapedia.bulbagarden.net/wiki/Igglybuff_(Pok%C3%A9mon),
illumise,314,no_predecessor_species,,{},,https://bulbapedia.bulbagarden.net/wiki/Illumise_(Pok%C3%A9mon),https://www.serebii.net/pokedex-sm/314.shtml
impidimp,859,no_predecessor_species,,{},,https://bulbapedia.bulbagarden.net/wiki/Impidimp_(Pok%C3%A9mon),https://www.serebii.net/pokedex-swsh/impidimp/
incineroar,727,baseline_match_not_all_games_verified,,"{""evolvesFrom"":""torracat"",""evoFromLevel"":34}",376,https://bulbapedia.bulbagarden.net/wiki/Incineroar_(Pok%C3%A9mon),
indeedee-f,876,no_predecessor_species,,{},,https://bulbapedia.bulbagarden.net/wiki/Indeedee_(Pok%C3%A9mon),
indeedee,876,no_predecessor_species,,{},,https://bulbapedia.bulbagarden.net/wiki/Indeedee_(Pok%C3%A9mon),
infernape,392,baseline_match_not_all_games_verified,,"{""evolvesFrom"":""monferno"",""evoFromLevel"":36}",195,https://bulbapedia.bulbagarden.net/wiki/Infernape_(Pok%C3%A9mon),https://www.serebii.net/pokedex-sm/392.shtml
inkay,686,no_predecessor_species,,{},,https://bulbapedia.bulbagarden.net/wiki/Inkay_(Pok%C3%A9mon),https://www.serebii.net/pokedex-sm/686.shtml
inteleon-gmax,818,transformation_not_species_evolution,,{},416,https://bulbapedia.bulbagarden.net/wiki/Inteleon_(Pok%C3%A9mon),https://www.serebii.net/pokedex-sv/inteleon/;https://www.serebii.net/pokedex-swsh/inteleon/
inteleon,818,baseline_match_not_all_games_verified,,"{""evolvesFrom"":""drizzile"",""evoFromLevel"":35}",416,https://bulbapedia.bulbagarden.net/wiki/Inteleon_(Pok%C3%A9mon),https://www.serebii.net/pokedex-sv/inteleon/;https://www.serebii.net/pokedex-swsh/inteleon/
ironboulder,1022,no_predecessor_species,,{},,https://bulbapedia.bulbagarden.net/wiki/Iron_Boulder_(Pok%C3%A9mon),
ironbundle,991,no_predecessor_species,,{},,https://bulbapedia.bulbagarden.net/wiki/Iron_Bundle_(Pok%C3%A9mon),
ironcrown,1023,no_predecessor_species,,{},,https://bulbapedia.bulbagarden.net/wiki/Iron_Crown_(Pok%C3%A9mon),
ironhands,992,no_predecessor_species,,{},,https://bulbapedia.bulbagarden.net/wiki/Iron_Hands_(Pok%C3%A9mon),
ironjugulis,993,no_predecessor_species,,{},,https://bulbapedia.bulbagarden.net/wiki/Iron_Jugulis_(Pok%C3%A9mon),
ironleaves,1010,no_predecessor_species,,{},,https://bulbapedia.bulbagarden.net/wiki/Iron_Leaves_(Pok%C3%A9mon),
ironmoth,994,no_predecessor_species,,{},,https://bulbapedia.bulbagarden.net/wiki/Iron_Moth_(Pok%C3%A9mon),
ironthorns,995,no_predecessor_species,,{},,https://bulbapedia.bulbagarden.net/wiki/Iron_Thorns_(Pok%C3%A9mon),
irontreads,990,no_predecessor_species,,{},,https://bulbapedia.bulbagarden.net/wiki/Iron_Treads_(Pok%C3%A9mon),
ironvaliant,1006,no_predecessor_species,,{},,https://bulbapedia.bulbagarden.net/wiki/Iron_Valiant_(Pok%C3%A9mon),
ivysaur,2,baseline_match_not_all_games_verified,,"{""evolvesFrom"":""bulbasaur"",""evoFromLevel"":16}",1,https://bulbapedia.bulbagarden.net/wiki/Ivysaur_(Pok%C3%A9mon),https://www.serebii.net/pokedex-bw/002.shtml;https://www.serebii.net/pokedex-dp/002.shtml;https://www.serebii.net/pokedex-gs/002.shtml;https://www.serebii.net/pokedex-rs/002.shtml;https://www.serebii.net/pokedex-sm/002.shtml;https://www.serebii.net/pokedex-sv/ivysaur/;https://www.serebii.net/pokedex-swsh/ivysaur/;https://www.serebii.net/pokedex-xy/002.shtml;https://www.serebii.net/pokedex/002.shtml
jangmoo,782,no_predecessor_species,,{},,https://bulbapedia.bulbagarden.net/wiki/Jangmo-o_(Pok%C3%A9mon),https://www.serebii.net/pokedex-swsh/jangmo-o/
jellicent-f,593,has_findings,E25,"{""evolvesFrom"":""frillish"",""evoFromLevel"":40}",299,https://bulbapedia.bulbagarden.net/wiki/Jellicent_(Pok%C3%A9mon),https://www.serebii.net/pokedex-sm/593.shtml
jellicent,593,baseline_match_not_all_games_verified,,"{""evolvesFrom"":""frillish"",""evoFromLevel"":40}",299,https://bulbapedia.bulbagarden.net/wiki/Jellicent_(Pok%C3%A9mon),https://www.serebii.net/pokedex-sm/593.shtml
jigglypuff,39,has_findings,E02,"{""evolvesFrom"":""igglybuff""}",26,https://bulbapedia.bulbagarden.net/wiki/Jigglypuff_(Pok%C3%A9mon),
jirachi,385,no_predecessor_species,,{},,https://bulbapedia.bulbagarden.net/wiki/Jirachi_(Pok%C3%A9mon),https://www.serebii.net/pokedex-rs/385.shtml;https://www.serebii.net/pokedex-sm/385.shtml;https://www.serebii.net/pokedex-swsh/jirachi/;https://www.serebii.net/pokedex-xy/385.shtml
jolteon,135,baseline_match_not_all_games_verified,,"{""evolvesFrom"":""eevee"",""evoFromItem"":""thunderstone""}",77,https://bulbapedia.bulbagarden.net/wiki/Jolteon_(Pok%C3%A9mon),
joltik,595,no_predecessor_species,,{},,https://bulbapedia.bulbagarden.net/wiki/Joltik_(Pok%C3%A9mon),https://www.serebii.net/pokedex-sm/595.shtml
jumpluff,189,baseline_match_not_all_games_verified,,"{""evolvesFrom"":""skiploom"",""evoFromLevel"":27}",106,https://bulbapedia.bulbagarden.net/wiki/Jumpluff_(Pok%C3%A9mon),https://www.serebii.net/pokedex-bw/189.shtml;https://www.serebii.net/pokedex-sm/189.shtml
jynx,124,baseline_match_not_all_games_verified,,"{""evolvesFrom"":""smoochum"",""evoFromLevel"":30}",72,https://bulbapedia.bulbagarden.net/wiki/Jynx_(Pok%C3%A9mon),https://www.serebii.net/pokedex-bw/124.shtml;https://www.serebii.net/pokedex-sm/124.shtml
kabuto,140,no_predecessor_species,,{},,https://bulbapedia.bulbagarden.net/wiki/Kabuto_(Pok%C3%A9mon),https://www.serebii.net/pokedex-swsh/kabuto/
kabutops,141,baseline_match_not_all_games_verified,,"{""evolvesFrom"":""kabuto"",""evoFromLevel"":40}",80,https://bulbapedia.bulbagarden.net/wiki/Kabutops_(Pok%C3%A9mon),https://www.serebii.net/pokedex-dp/141.shtml;https://www.serebii.net/pokedex-sm/141.shtml;https://www.serebii.net/pokedex-swsh/kabutops/
kadabra-f,64,baseline_match_not_all_games_verified,,"{""evolvesFrom"":""abra"",""evoFromLevel"":16}",40,https://bulbapedia.bulbagarden.net/wiki/Kadabra_(Pok%C3%A9mon),https://www.serebii.net/pokedex-bw/064.shtml
kadabra,64,baseline_match_not_all_games_verified,,"{""evolvesFrom"":""abra"",""evoFromLevel"":16}",40,https://bulbapedia.bulbagarden.net/wiki/Kadabra_(Pok%C3%A9mon),https://www.serebii.net/pokedex-bw/064.shtml
kakuna,14,baseline_match_not_all_games_verified,,"{""evolvesFrom"":""weedle"",""evoFromLevel"":7}",9,https://bulbapedia.bulbagarden.net/wiki/Kakuna_(Pok%C3%A9mon),https://www.serebii.net/pokedex-bw/014.shtml;https://www.serebii.net/pokedex-dp/014.shtml;https://www.serebii.net/pokedex-gs/014.shtml;https://www.serebii.net/pokedex-rs/014.shtml;https://www.serebii.net/pokedex-sm/014.shtml;https://www.serebii.net/pokedex-sv/kakuna/;https://www.serebii.net/pokedex-swsh/kakuna/;https://www.serebii.net/pokedex-xy/014.shtml;https://www.serebii.net/pokedex/014.shtml
kangaskhan-mega,115,transformation_not_species_evolution,,{},,https://bulbapedia.bulbagarden.net/wiki/Kangaskhan_(Pok%C3%A9mon),https://www.serebii.net/pokedex-sm/115.shtml;https://www.serebii.net/pokedex-swsh/kangaskhan/;https://www.serebii.net/pokedex-xy/115.shtml
kangaskhan,115,no_predecessor_species,,{},,https://bulbapedia.bulbagarden.net/wiki/Kangaskhan_(Pok%C3%A9mon),https://www.serebii.net/pokedex-sm/115.shtml;https://www.serebii.net/pokedex-swsh/kangaskhan/;https://www.serebii.net/pokedex-xy/115.shtml
karrablast,588,no_predecessor_species,,{},,https://bulbapedia.bulbagarden.net/wiki/Karrablast_(Pok%C3%A9mon),https://www.serebii.net/pokedex-sm/588.shtml
kartana,798,no_predecessor_species,,{},,https://bulbapedia.bulbagarden.net/wiki/Kartana_(Pok%C3%A9mon),https://www.serebii.net/pokedex-sm/798.shtml
kecleon,352,no_predecessor_species,,{},,https://bulbapedia.bulbagarden.net/wiki/Kecleon_(Pok%C3%A9mon),https://www.serebii.net/pokedex-dp/352.shtml;https://www.serebii.net/pokedex-sm/352.shtml;https://www.serebii.net/pokedex-swsh/kecleon/
keldeo-resolute,647,no_predecessor_species,,{},,https://bulbapedia.bulbagarden.net/wiki/Keldeo_(Pok%C3%A9mon),https://www.serebii.net/pokedex-bw/647.shtml;https://www.serebii.net/pokedex-sm/647.shtml;https://www.serebii.net/pokedex-swsh/keldeo/;https://www.serebii.net/pokedex-xy/647.shtml
keldeo,647,no_predecessor_species,,{},,https://bulbapedia.bulbagarden.net/wiki/Keldeo_(Pok%C3%A9mon),https://www.serebii.net/pokedex-bw/647.shtml;https://www.serebii.net/pokedex-sm/647.shtml;https://www.serebii.net/pokedex-swsh/keldeo/;https://www.serebii.net/pokedex-xy/647.shtml
kilowattrel,941,baseline_match_not_all_games_verified,,"{""evolvesFrom"":""wattrel"",""evoFromLevel"":25}",488,https://bulbapedia.bulbagarden.net/wiki/Kilowattrel_(Pok%C3%A9mon),
kingambit,983,has_findings,E23;E27;E30,"{""evolvesFrom"":""bisharp"",""evoFromCondition"":""Defeat 3 Bisharp leading Pawniard and level-up""}",508,https://bulbapedia.bulbagarden.net/wiki/Kingambit_(Pok%C3%A9mon),
kingdra,230,has_findings,E01;E11,"{""evolvesFrom"":""seadra"",""evoFromItem"":""dragonscale""}",123,https://bulbapedia.bulbagarden.net/wiki/Kingdra_(Pok%C3%A9mon),
kingler-gmax,99,transformation_not_species_evolution,,{},59,https://bulbapedia.bulbagarden.net/wiki/Kingler_(Pok%C3%A9mon),https://www.serebii.net/pokedex-sm/099.shtml;https://www.serebii.net/pokedex-swsh/kingler/
kingler,99,baseline_match_not_all_games_verified,,"{""evolvesFrom"":""krabby"",""evoFromLevel"":28}",59,https://bulbapedia.bulbagarden.net/wiki/Kingler_(Pok%C3%A9mon),https://www.serebii.net/pokedex-sm/099.shtml;https://www.serebii.net/pokedex-swsh/kingler/
kirlia,281,baseline_match_not_all_games_verified,,"{""evolvesFrom"":""ralts"",""evoFromLevel"":20}",148,https://bulbapedia.bulbagarden.net/wiki/Kirlia_(Pok%C3%A9mon),https://www.serebii.net/pokedex-bw/281.shtml;https://www.serebii.net/pokedex-sm/281.shtml
klang,600,baseline_match_not_all_games_verified,,"{""evolvesFrom"":""klink"",""evoFromLevel"":38}",302,https://bulbapedia.bulbagarden.net/wiki/Klang_(Pok%C3%A9mon),https://www.serebii.net/pokedex-sm/600.shtml
klawf,950,no_predecessor_species,,{},,https://bulbapedia.bulbagarden.net/wiki/Klawf_(Pok%C3%A9mon),
kleavor,900,has_findings,E12;E27;E30,"{""evolvesFrom"":""scyther"",""evoFromCondition"":""Black Augurite""}",463,https://bulbapedia.bulbagarden.net/wiki/Kleavor_(Pok%C3%A9mon),
klefki,707,no_predecessor_species,,{},,https://bulbapedia.bulbagarden.net/wiki/Klefki_(Pok%C3%A9mon),
klink,599,no_predecessor_species,,{},,https://bulbapedia.bulbagarden.net/wiki/Klink_(Pok%C3%A9mon),https://www.serebii.net/pokedex-sm/599.shtml
klinklang,601,baseline_match_not_all_games_verified,,"{""evolvesFrom"":""klang"",""evoFromLevel"":49}",303,https://bulbapedia.bulbagarden.net/wiki/Klinklang_(Pok%C3%A9mon),https://www.serebii.net/pokedex-sm/601.shtml
koffing,109,no_predecessor_species,,{},,https://bulbapedia.bulbagarden.net/wiki/Koffing_(Pok%C3%A9mon),https://www.serebii.net/pokedex-sm/109.shtml
komala,775,no_predecessor_species,,{},,https://bulbapedia.bulbagarden.net/wiki/Komala_(Pok%C3%A9mon),
kommoo,784,baseline_match_not_all_games_verified,,"{""evolvesFrom"":""hakamoo"",""evoFromLevel"":45}",401,https://bulbapedia.bulbagarden.net/wiki/Kommo-o_(Pok%C3%A9mon),https://www.serebii.net/pokedex-swsh/kommo-o/
koraidon,1007,no_predecessor_species,,{},,https://bulbapedia.bulbagarden.net/wiki/Koraidon_(Pok%C3%A9mon),
krabby,98,no_predecessor_species,,{},,https://bulbapedia.bulbagarden.net/wiki/Krabby_(Pok%C3%A9mon),https://www.serebii.net/pokedex-sm/098.shtml
kricketot-f,401,no_predecessor_species,,{},,https://bulbapedia.bulbagarden.net/wiki/Kricketot_(Pok%C3%A9mon),https://www.serebii.net/pokedex-sm/401.shtml
kricketot,401,no_predecessor_species,,{},,https://bulbapedia.bulbagarden.net/wiki/Kricketot_(Pok%C3%A9mon),https://www.serebii.net/pokedex-sm/401.shtml
kricketune-f,402,has_findings,E25,"{""evolvesFrom"":""kricketot"",""evoFromLevel"":10}",201,https://bulbapedia.bulbagarden.net/wiki/Kricketune_(Pok%C3%A9mon),https://www.serebii.net/pokedex-sm/402.shtml
kricketune,402,baseline_match_not_all_games_verified,,"{""evolvesFrom"":""kricketot"",""evoFromLevel"":10}",201,https://bulbapedia.bulbagarden.net/wiki/Kricketune_(Pok%C3%A9mon),https://www.serebii.net/pokedex-sm/402.shtml
krokorok,552,baseline_match_not_all_games_verified,,"{""evolvesFrom"":""sandile"",""evoFromLevel"":29}",278,https://bulbapedia.bulbagarden.net/wiki/Krokorok_(Pok%C3%A9mon),
krookodile,553,baseline_match_not_all_games_verified,,"{""evolvesFrom"":""krokorok"",""evoFromLevel"":40}",279,https://bulbapedia.bulbagarden.net/wiki/Krookodile_(Pok%C3%A9mon),
kubfu,891,no_predecessor_species,,{},,https://bulbapedia.bulbagarden.net/wiki/Kubfu_(Pok%C3%A9mon),
kyogre-primal,382,transformation_not_species_evolution,,{},,https://bulbapedia.bulbagarden.net/wiki/Kyogre_(Pok%C3%A9mon),https://www.serebii.net/pokedex-sm/382.shtml;https://www.serebii.net/pokedex-swsh/kyogre/;https://www.serebii.net/pokedex-xy/382.shtml
kyogre,382,no_predecessor_species,,{},,https://bulbapedia.bulbagarden.net/wiki/Kyogre_(Pok%C3%A9mon),https://www.serebii.net/pokedex-sm/382.shtml;https://www.serebii.net/pokedex-swsh/kyogre/;https://www.serebii.net/pokedex-xy/382.shtml
kyurem-black,646,transformation_not_species_evolution,,{},,https://bulbapedia.bulbagarden.net/wiki/Kyurem_(Pok%C3%A9mon),https://www.serebii.net/pokedex-bw/646.shtml;https://www.serebii.net/pokedex-sm/646.shtml;https://www.serebii.net/pokedex-xy/646.shtml
kyurem-white,646,transformation_not_species_evolution,,{},,https://bulbapedia.bulbagarden.net/wiki/Kyurem_(Pok%C3%A9mon),https://www.serebii.net/pokedex-bw/646.shtml;https://www.serebii.net/pokedex-sm/646.shtml;https://www.serebii.net/pokedex-xy/646.shtml
kyurem,646,no_predecessor_species,,{},,https://bulbapedia.bulbagarden.net/wiki/Kyurem_(Pok%C3%A9mon),https://www.serebii.net/pokedex-bw/646.shtml;https://www.serebii.net/pokedex-sm/646.shtml;https://www.serebii.net/pokedex-xy/646.shtml
lairon,305,baseline_match_not_all_games_verified,,"{""evolvesFrom"":""aron"",""evoFromLevel"":32}",160,https://bulbapedia.bulbagarden.net/wiki/Lairon_(Pok%C3%A9mon),https://www.serebii.net/pokedex-bw/305.shtml;https://www.serebii.net/pokedex-sm/305.shtml
lampent,608,baseline_match_not_all_games_verified,,"{""evolvesFrom"":""litwick"",""evoFromLevel"":41}",307,https://bulbapedia.bulbagarden.net/wiki/Lampent_(Pok%C3%A9mon),
landorus-therian,645,no_predecessor_species,,{},,https://bulbapedia.bulbagarden.net/wiki/Landorus_(Pok%C3%A9mon),https://www.serebii.net/pokedex-sm/645.shtml;https://www.serebii.net/pokedex-swsh/landorus/;https://www.serebii.net/pokedex-xy/645.shtml
landorus,645,no_predecessor_species,,{},,https://bulbapedia.bulbagarden.net/wiki/Landorus_(Pok%C3%A9mon),https://www.serebii.net/pokedex-sm/645.shtml;https://www.serebii.net/pokedex-swsh/landorus/;https://www.serebii.net/pokedex-xy/645.shtml
lanturn,171,baseline_match_not_all_games_verified,,"{""evolvesFrom"":""chinchou"",""evoFromLevel"":27}",95,https://bulbapedia.bulbagarden.net/wiki/Lanturn_(Pok%C3%A9mon),
lapras-gmax,131,transformation_not_species_evolution,,{},,https://bulbapedia.bulbagarden.net/wiki/Lapras_(Pok%C3%A9mon),https://www.serebii.net/pokedex-sv/lapras/;https://www.serebii.net/pokedex-swsh/lapras/
lapras,131,no_predecessor_species,,{},,https://bulbapedia.bulbagarden.net/wiki/Lapras_(Pok%C3%A9mon),https://www.serebii.net/pokedex-sv/lapras/;https://www.serebii.net/pokedex-swsh/lapras/
larvesta,636,no_predecessor_species,,{},,https://bulbapedia.bulbagarden.net/wiki/Larvesta_(Pok%C3%A9mon),https://www.serebii.net/pokedex-sm/636.shtml
larvitar,246,no_predecessor_species,,{},,https://bulbapedia.bulbagarden.net/wiki/Larvitar_(Pok%C3%A9mon),https://www.serebii.net/pokedex-sm/246.shtml;https://www.serebii.net/pokedex-swsh/larvitar/
latias-mega,380,transformation_not_species_evolution,,{},,https://bulbapedia.bulbagarden.net/wiki/Latias_(Pok%C3%A9mon),https://www.serebii.net/pokedex-sm/380.shtml;https://www.serebii.net/pokedex-swsh/latias/;https://www.serebii.net/pokedex-xy/380.shtml
latias,380,no_predecessor_species,,{},,https://bulbapedia.bulbagarden.net/wiki/Latias_(Pok%C3%A9mon),https://www.serebii.net/pokedex-sm/380.shtml;https://www.serebii.net/pokedex-swsh/latias/;https://www.serebii.net/pokedex-xy/380.shtml
latios-mega,381,transformation_not_species_evolution,,{},,https://bulbapedia.bulbagarden.net/wiki/Latios_(Pok%C3%A9mon),https://www.serebii.net/pokedex-sm/381.shtml;https://www.serebii.net/pokedex-swsh/latios/;https://www.serebii.net/pokedex-xy/381.shtml
latios,381,no_predecessor_species,,{},,https://bulbapedia.bulbagarden.net/wiki/Latios_(Pok%C3%A9mon),https://www.serebii.net/pokedex-sm/381.shtml;https://www.serebii.net/pokedex-swsh/latios/;https://www.serebii.net/pokedex-xy/381.shtml
leafeon,470,has_findings,E13,"{""evolvesFrom"":""eevee"",""evoFromItem"":""leafstone""}",238;324;363;407;548;550,https://bulbapedia.bulbagarden.net/wiki/Leafeon_(Pok%C3%A9mon),
leavanny,542,has_findings,E02,"{""evolvesFrom"":""swadloon""}",273,https://bulbapedia.bulbagarden.net/wiki/Leavanny_(Pok%C3%A9mon),
lechonk,915,no_predecessor_species,,{},,https://bulbapedia.bulbagarden.net/wiki/Lechonk_(Pok%C3%A9mon),
ledian-f,166,has_findings,E25,"{""evolvesFrom"":""ledyba"",""evoFromLevel"":18}",92,https://bulbapedia.bulbagarden.net/wiki/Ledian_(Pok%C3%A9mon),
ledian,166,baseline_match_not_all_games_verified,,"{""evolvesFrom"":""ledyba"",""evoFromLevel"":18}",92,https://bulbapedia.bulbagarden.net/wiki/Ledian_(Pok%C3%A9mon),
ledyba-f,165,no_predecessor_species,,{},,https://bulbapedia.bulbagarden.net/wiki/Ledyba_(Pok%C3%A9mon),
ledyba,165,no_predecessor_species,,{},,https://bulbapedia.bulbagarden.net/wiki/Ledyba_(Pok%C3%A9mon),
lickilicky,463,baseline_match_not_all_games_verified,,"{""evolvesFrom"":""lickitung"",""evoFromMove"":""rollout""}",231,https://bulbapedia.bulbagarden.net/wiki/Lickilicky_(Pok%C3%A9mon),https://www.serebii.net/pokedex-sm/463.shtml
lickitung,108,no_predecessor_species,,{},,https://bulbapedia.bulbagarden.net/wiki/Lickitung_(Pok%C3%A9mon),https://www.serebii.net/pokedex-sm/108.shtml
liepard,510,baseline_match_not_all_games_verified,,"{""evolvesFrom"":""purrloin"",""evoFromLevel"":20}",256,https://bulbapedia.bulbagarden.net/wiki/Liepard_(Pok%C3%A9mon),https://www.serebii.net/pokedex-sm/510.shtml
lileep,345,no_predecessor_species,,{},,https://bulbapedia.bulbagarden.net/wiki/Lileep_(Pok%C3%A9mon),https://www.serebii.net/pokedex-swsh/lileep/
lilligant-hisui,549,has_findings,E18,"{""evolvesFrom"":""petilil"",""evoFromItem"":""sunstone""}",528,https://bulbapedia.bulbagarden.net/wiki/Lilligant_(Pok%C3%A9mon),https://www.serebii.net/pokedex-sm/549.shtml;https://www.serebii.net/pokedex-swsh/lilligant/
lilligant,549,has_findings,E18,"{""evolvesFrom"":""petilil"",""evoFromItem"":""sunstone""}",277,https://bulbapedia.bulbagarden.net/wiki/Lilligant_(Pok%C3%A9mon),https://www.serebii.net/pokedex-sm/549.shtml;https://www.serebii.net/pokedex-swsh/lilligant/
lillipup,506,no_predecessor_species,,{},,https://bulbapedia.bulbagarden.net/wiki/Lillipup_(Pok%C3%A9mon),
linoone-galar,264,baseline_match_not_all_games_verified,,"{""evolvesFrom"":""zigzagoon-galar"",""evoFromLevel"":20}",538,https://bulbapedia.bulbagarden.net/wiki/Linoone_(Pok%C3%A9mon),https://www.serebii.net/pokedex-sm/264.shtml;https://www.serebii.net/pokedex-swsh/linoone/
linoone,264,baseline_match_not_all_games_verified,,"{""evolvesFrom"":""zigzagoon"",""evoFromLevel"":20}",137,https://bulbapedia.bulbagarden.net/wiki/Linoone_(Pok%C3%A9mon),https://www.serebii.net/pokedex-sm/264.shtml;https://www.serebii.net/pokedex-swsh/linoone/
litleo,667,no_predecessor_species,,{},,https://bulbapedia.bulbagarden.net/wiki/Litleo_(Pok%C3%A9mon),https://www.serebii.net/pokedex-sm/667.shtml
litten,725,no_predecessor_species,,{},,https://bulbapedia.bulbagarden.net/wiki/Litten_(Pok%C3%A9mon),
litwick,607,no_predecessor_species,,{},,https://bulbapedia.bulbagarden.net/wiki/Litwick_(Pok%C3%A9mon),
lokix,920,baseline_match_not_all_games_verified,,"{""evolvesFrom"":""nymble"",""evoFromLevel"":24}",476,https://bulbapedia.bulbagarden.net/wiki/Lokix_(Pok%C3%A9mon),
lombre,271,baseline_match_not_all_games_verified,,"{""evolvesFrom"":""lotad"",""evoFromLevel"":14}",142,https://bulbapedia.bulbagarden.net/wiki/Lombre_(Pok%C3%A9mon),https://www.serebii.net/pokedex-bw/271.shtml;https://www.serebii.net/pokedex-sm/271.shtml;https://www.serebii.net/pokedex-swsh/lombre/
lopunny-mega,428,transformation_not_species_evolution,,{},215,https://bulbapedia.bulbagarden.net/wiki/Lopunny_(Pok%C3%A9mon),https://www.serebii.net/pokedex-sm/428.shtml;https://www.serebii.net/pokedex-swsh/lopunny/;https://www.serebii.net/pokedex-xy/428.shtml
lopunny,428,has_findings,E02,"{""evolvesFrom"":""buneary""}",215,https://bulbapedia.bulbagarden.net/wiki/Lopunny_(Pok%C3%A9mon),https://www.serebii.net/pokedex-sm/428.shtml;https://www.serebii.net/pokedex-swsh/lopunny/;https://www.serebii.net/pokedex-xy/428.shtml
lotad,270,no_predecessor_species,,{},,https://bulbapedia.bulbagarden.net/wiki/Lotad_(Pok%C3%A9mon),https://www.serebii.net/pokedex-bw/270.shtml;https://www.serebii.net/pokedex-sm/270.shtml;https://www.serebii.net/pokedex-swsh/lotad/
loudred,294,baseline_match_not_all_games_verified,,"{""evolvesFrom"":""whismur"",""evoFromLevel"":20}",156,https://bulbapedia.bulbagarden.net/wiki/Loudred_(Pok%C3%A9mon),https://www.serebii.net/pokedex-bw/294.shtml;https://www.serebii.net/pokedex-sm/294.shtml
lucario-mega-z,448,transformation_not_species_evolution,,{},223,https://bulbapedia.bulbagarden.net/wiki/Lucario_(Pok%C3%A9mon),https://www.serebii.net/pokedex-sm/448.shtml;https://www.serebii.net/pokedex-sv/lucario/;https://www.serebii.net/pokedex-swsh/lucario/;https://www.serebii.net/pokedex-xy/448.shtml
lucario-mega,448,transformation_not_species_evolution,,{},223,https://bulbapedia.bulbagarden.net/wiki/Lucario_(Pok%C3%A9mon),https://www.serebii.net/pokedex-sm/448.shtml;https://www.serebii.net/pokedex-sv/lucario/;https://www.serebii.net/pokedex-swsh/lucario/;https://www.serebii.net/pokedex-xy/448.shtml
lucario,448,has_findings,E02;E27,"{""evolvesFrom"":""riolu"",""evoFromCondition"":""during the day""}",223,https://bulbapedia.bulbagarden.net/wiki/Lucario_(Pok%C3%A9mon),https://www.serebii.net/pokedex-sm/448.shtml;https://www.serebii.net/pokedex-sv/lucario/;https://www.serebii.net/pokedex-swsh/lucario/;https://www.serebii.net/pokedex-xy/448.shtml
ludicolo-f,272,baseline_match_not_all_games_verified,,"{""evolvesFrom"":""lombre"",""evoFromItem"":""waterstone""}",143,https://bulbapedia.bulbagarden.net/wiki/Ludicolo_(Pok%C3%A9mon),https://www.serebii.net/pokedex-bw/272.shtml;https://www.serebii.net/pokedex-sm/272.shtml;https://www.serebii.net/pokedex-swsh/ludicolo/
ludicolo,272,baseline_match_not_all_games_verified,,"{""evolvesFrom"":""lombre"",""evoFromItem"":""waterstone""}",143,https://bulbapedia.bulbagarden.net/wiki/Ludicolo_(Pok%C3%A9mon),https://www.serebii.net/pokedex-bw/272.shtml;https://www.serebii.net/pokedex-sm/272.shtml;https://www.serebii.net/pokedex-swsh/ludicolo/
lugia,249,no_predecessor_species,,{},,https://bulbapedia.bulbagarden.net/wiki/Lugia_(Pok%C3%A9mon),https://www.serebii.net/pokedex-rs/249.shtml;https://www.serebii.net/pokedex-sm/249.shtml;https://www.serebii.net/pokedex-swsh/lugia/
lumineon-f,457,has_findings,E25,"{""evolvesFrom"":""finneon"",""evoFromLevel"":31}",227,https://bulbapedia.bulbagarden.net/wiki/Lumineon_(Pok%C3%A9mon),https://www.serebii.net/pokedex-dp/457.shtml
lumineon,457,baseline_match_not_all_games_verified,,"{""evolvesFrom"":""finneon"",""evoFromLevel"":31}",227,https://bulbapedia.bulbagarden.net/wiki/Lumineon_(Pok%C3%A9mon),https://www.serebii.net/pokedex-dp/457.shtml
lunala,792,has_findings,E19,"{""evolvesFrom"":""cosmoem"",""evoFromLevel"":53}",404,https://bulbapedia.bulbagarden.net/wiki/Lunala_(Pok%C3%A9mon),https://www.serebii.net/pokedex-sm/792.shtml;https://www.serebii.net/pokedex-swsh/lunala/
lunatone,337,no_predecessor_species,,{},,https://bulbapedia.bulbagarden.net/wiki/Lunatone_(Pok%C3%A9mon),https://www.serebii.net/pokedex-sm/337.shtml;https://www.serebii.net/pokedex-swsh/lunatone/
lurantis,754,has_findings,E27,"{""evolvesFrom"":""fomantis"",""evoFromLevel"":34,""evoFromCondition"":""during the day""}",391,https://bulbapedia.bulbagarden.net/wiki/Lurantis_(Pok%C3%A9mon),
luvdisc,370,no_predecessor_species,,{},,https://bulbapedia.bulbagarden.net/wiki/Luvdisc_(Pok%C3%A9mon),
luxio-f,404,has_findings,E25,"{""evolvesFrom"":""shinx"",""evoFromLevel"":15}",202,https://bulbapedia.bulbagarden.net/wiki/Luxio_(Pok%C3%A9mon),https://www.serebii.net/pokedex-bw/404.shtml;https://www.serebii.net/pokedex-sm/404.shtml
luxio,404,baseline_match_not_all_games_verified,,"{""evolvesFrom"":""shinx"",""evoFromLevel"":15}",202,https://bulbapedia.bulbagarden.net/wiki/Luxio_(Pok%C3%A9mon),https://www.serebii.net/pokedex-bw/404.shtml;https://www.serebii.net/pokedex-sm/404.shtml
luxray-f,405,has_findings,E25,"{""evolvesFrom"":""luxio"",""evoFromLevel"":30}",203,https://bulbapedia.bulbagarden.net/wiki/Luxray_(Pok%C3%A9mon),https://www.serebii.net/pokedex-bw/405.shtml;https://www.serebii.net/pokedex-sm/405.shtml
luxray,405,baseline_match_not_all_games_verified,,"{""evolvesFrom"":""luxio"",""evoFromLevel"":30}",203,https://bulbapedia.bulbagarden.net/wiki/Luxray_(Pok%C3%A9mon),https://www.serebii.net/pokedex-bw/405.shtml;https://www.serebii.net/pokedex-sm/405.shtml
lycanroc-dusk,745,has_findings,E20;E27,"{""evolvesFrom"":""rockruff"",""evoFromLevel"":25,""evoFromCondition"":""from Own-Tempo Rockruff during the evening""}",460,https://bulbapedia.bulbagarden.net/wiki/Lycanroc_(Pok%C3%A9mon),https://www.serebii.net/pokedex-swsh/lycanroc/
lycanroc-midnight,745,has_findings,E20;E27,"{""evolvesFrom"":""rockruff"",""evoFromLevel"":25,""evoFromCondition"":""at night""}",387,https://bulbapedia.bulbagarden.net/wiki/Lycanroc_(Pok%C3%A9mon),https://www.serebii.net/pokedex-swsh/lycanroc/
lycanroc,745,has_findings,E20;E27,"{""evolvesFrom"":""rockruff"",""evoFromLevel"":25,""evoFromCondition"":""during the day""}",386,https://bulbapedia.bulbagarden.net/wiki/Lycanroc_(Pok%C3%A9mon),https://www.serebii.net/pokedex-swsh/lycanroc/
mabosstiff,943,baseline_match_not_all_games_verified,,"{""evolvesFrom"":""maschiff"",""evoFromLevel"":30}",489,https://bulbapedia.bulbagarden.net/wiki/Mabosstiff_(Pok%C3%A9mon),
machamp-gmax,68,transformation_not_species_evolution,,{},43,https://bulbapedia.bulbagarden.net/wiki/Machamp_(Pok%C3%A9mon),https://www.serebii.net/pokedex-bw/068.shtml;https://www.serebii.net/pokedex-sv/machamp/;https://www.serebii.net/pokedex-swsh/machamp/
machamp,68,has_findings,E01;E14;E30,"{""evolvesFrom"":""machoke""}",43,https://bulbapedia.bulbagarden.net/wiki/Machamp_(Pok%C3%A9mon),https://www.serebii.net/pokedex-bw/068.shtml;https://www.serebii.net/pokedex-sv/machamp/;https://www.serebii.net/pokedex-swsh/machamp/
machoke,67,baseline_match_not_all_games_verified,,"{""evolvesFrom"":""machop"",""evoFromLevel"":28}",42,https://bulbapedia.bulbagarden.net/wiki/Machoke_(Pok%C3%A9mon),https://www.serebii.net/pokedex-bw/067.shtml
machop,66,no_predecessor_species,,{},,https://bulbapedia.bulbagarden.net/wiki/Machop_(Pok%C3%A9mon),https://www.serebii.net/pokedex-bw/066.shtml
magby,240,no_predecessor_species,,{},,https://bulbapedia.bulbagarden.net/wiki/Magby_(Pok%C3%A9mon),https://www.serebii.net/pokedex-bw/240.shtml;https://www.serebii.net/pokedex-swsh/magby/
magcargo,219,baseline_match_not_all_games_verified,,"{""evolvesFrom"":""slugma"",""evoFromLevel"":38}",118,https://bulbapedia.bulbagarden.net/wiki/Magcargo_(Pok%C3%A9mon),https://www.serebii.net/pokedex-sm/219.shtml
magearna-mega,801,transformation_not_species_evolution,,{},,https://bulbapedia.bulbagarden.net/wiki/Magearna_(Pok%C3%A9mon),https://www.serebii.net/pokedex-sm/801.shtml;https://www.serebii.net/pokedex-sv/magearna/;https://www.serebii.net/pokedex-swsh/magearna/
magearna-original-mega,801,transformation_not_species_evolution,,{},,https://bulbapedia.bulbagarden.net/wiki/Magearna_(Pok%C3%A9mon),https://www.serebii.net/pokedex-sm/801.shtml;https://www.serebii.net/pokedex-sv/magearna/;https://www.serebii.net/pokedex-swsh/magearna/
magearna-original,801,no_predecessor_species,,{},,https://bulbapedia.bulbagarden.net/wiki/Magearna_(Pok%C3%A9mon),https://www.serebii.net/pokedex-sm/801.shtml;https://www.serebii.net/pokedex-sv/magearna/;https://www.serebii.net/pokedex-swsh/magearna/
magearna,801,no_predecessor_species,,{},,https://bulbapedia.bulbagarden.net/wiki/Magearna_(Pok%C3%A9mon),https://www.serebii.net/pokedex-sm/801.shtml;https://www.serebii.net/pokedex-sv/magearna/;https://www.serebii.net/pokedex-swsh/magearna/
magikarp-f,129,no_predecessor_species,,{},,https://bulbapedia.bulbagarden.net/wiki/Magikarp_(Pok%C3%A9mon),https://www.serebii.net/pokedex-xy/129.shtml
magikarp,129,no_predecessor_species,,{},,https://bulbapedia.bulbagarden.net/wiki/Magikarp_(Pok%C3%A9mon),https://www.serebii.net/pokedex-xy/129.shtml
magmar,126,baseline_match_not_all_games_verified,,"{""evolvesFrom"":""magby"",""evoFromLevel"":30}",74,https://bulbapedia.bulbagarden.net/wiki/Magmar_(Pok%C3%A9mon),https://www.serebii.net/pokedex-bw/126.shtml;https://www.serebii.net/pokedex-swsh/magmar/
magmortar,467,has_findings,E01;E11;E14,"{""evolvesFrom"":""magmar"",""evoFromItem"":""magmarizer""}",235,https://bulbapedia.bulbagarden.net/wiki/Magmortar_(Pok%C3%A9mon),https://www.serebii.net/pokedex-bw/467.shtml;https://www.serebii.net/pokedex-swsh/magmortar/
magnemite,81,no_predecessor_species,,{},,https://bulbapedia.bulbagarden.net/wiki/Magnemite_(Pok%C3%A9mon),https://www.serebii.net/pokedex-bw/081.shtml
magneton,82,baseline_match_not_all_games_verified,,"{""evolvesFrom"":""magnemite"",""evoFromLevel"":30}",51,https://bulbapedia.bulbagarden.net/wiki/Magneton_(Pok%C3%A9mon),https://www.serebii.net/pokedex-bw/082.shtml
magnezone,462,has_findings,E13,"{""evolvesFrom"":""magneton"",""evoFromItem"":""thunderstone""}",230;322;362;366;368;406;546,https://bulbapedia.bulbagarden.net/wiki/Magnezone_(Pok%C3%A9mon),https://www.serebii.net/pokedex-bw/462.shtml
makuhita,296,no_predecessor_species,,{},,https://bulbapedia.bulbagarden.net/wiki/Makuhita_(Pok%C3%A9mon),
malamar-mega,687,transformation_not_species_evolution,,{},332,https://bulbapedia.bulbagarden.net/wiki/Malamar_(Pok%C3%A9mon),https://www.serebii.net/pokedex-sm/687.shtml;https://www.serebii.net/pokedex-sv/malamar/
malamar,687,has_findings,E27,"{""evolvesFrom"":""inkay"",""evoFromLevel"":30,""evoFromCondition"":""with the console turned upside-down""}",332,https://bulbapedia.bulbagarden.net/wiki/Malamar_(Pok%C3%A9mon),https://www.serebii.net/pokedex-sm/687.shtml;https://www.serebii.net/pokedex-sv/malamar/
mamoswine-f,473,has_findings,E25,"{""evolvesFrom"":""piloswine"",""evoFromMove"":""ancientpower""}",241,https://bulbapedia.bulbagarden.net/wiki/Mamoswine_(Pok%C3%A9mon),
mamoswine,473,baseline_match_not_all_games_verified,,"{""evolvesFrom"":""piloswine"",""evoFromMove"":""ancientpower""}",241,https://bulbapedia.bulbagarden.net/wiki/Mamoswine_(Pok%C3%A9mon),
manaphy,490,no_predecessor_species,,{},,https://bulbapedia.bulbagarden.net/wiki/Manaphy_(Pok%C3%A9mon),https://www.serebii.net/pokedex-dp/490.shtml;https://www.serebii.net/pokedex-sm/490.shtml
mandibuzz,630,baseline_match_not_all_games_verified,,"{""evolvesFrom"":""vullaby"",""evoFromLevel"":54}",317,https://bulbapedia.bulbagarden.net/wiki/Mandibuzz_(Pok%C3%A9mon),https://www.serebii.net/pokedex-sm/630.shtml;https://www.serebii.net/pokedex-swsh/mandibuzz/
manectric-mega,310,transformation_not_species_evolution,,{},163,https://bulbapedia.bulbagarden.net/wiki/Manectric_(Pok%C3%A9mon),https://www.serebii.net/pokedex-bw/310.shtml;https://www.serebii.net/pokedex-sm/310.shtml;https://www.serebii.net/pokedex-swsh/manectric/;https://www.serebii.net/pokedex-xy/310.shtml
manectric,310,baseline_match_not_all_games_verified,,"{""evolvesFrom"":""electrike"",""evoFromLevel"":26}",163,https://bulbapedia.bulbagarden.net/wiki/Manectric_(Pok%C3%A9mon),https://www.serebii.net/pokedex-bw/310.shtml;https://www.serebii.net/pokedex-sm/310.shtml;https://www.serebii.net/pokedex-swsh/manectric/;https://www.serebii.net/pokedex-xy/310.shtml
mankey,56,no_predecessor_species,,{},,https://bulbapedia.bulbagarden.net/wiki/Mankey_(Pok%C3%A9mon),https://www.serebii.net/pokedex-sm/056.shtml
mantine,226,has_findings,E27,"{""evolvesFrom"":""mantyke"",""evoFromCondition"":""with a Remoraid in party""}",121,https://bulbapedia.bulbagarden.net/wiki/Mantine_(Pok%C3%A9mon),https://www.serebii.net/pokedex-sm/226.shtml
mantyke,458,no_predecessor_species,,{},,https://bulbapedia.bulbagarden.net/wiki/Mantyke_(Pok%C3%A9mon),https://www.serebii.net/pokedex-sm/458.shtml
maractus,556,no_predecessor_species,,{},,https://bulbapedia.bulbagarden.net/wiki/Maractus_(Pok%C3%A9mon),https://www.serebii.net/pokedex-sm/556.shtml
mareanie,747,no_predecessor_species,,{},,https://bulbapedia.bulbagarden.net/wiki/Mareanie_(Pok%C3%A9mon),https://www.serebii.net/pokedex-swsh/mareanie/
mareep,179,no_predecessor_species,,{},,https://bulbapedia.bulbagarden.net/wiki/Mareep_(Pok%C3%A9mon),https://www.serebii.net/pokedex-bw/179.shtml;https://www.serebii.net/pokedex-rs/179.shtml;https://www.serebii.net/pokedex-sm/179.shtml
marill,183,has_findings,E02,"{""evolvesFrom"":""azurill""}",101,https://bulbapedia.bulbagarden.net/wiki/Marill_(Pok%C3%A9mon),https://www.serebii.net/pokedex-bw/183.shtml;https://www.serebii.net/pokedex-sm/183.shtml
marowak-alola,105,has_findings,E18;E27,"{""evolvesFrom"":""cubone"",""evoFromLevel"":28,""evoFromCondition"":""at night""}",367,https://bulbapedia.bulbagarden.net/wiki/Marowak_(Pok%C3%A9mon),https://www.serebii.net/pokedex-sm/105.shtml;https://www.serebii.net/pokedex-sv/marowak/;https://www.serebii.net/pokedex-swsh/marowak/
marowak,105,has_findings,E18,"{""evolvesFrom"":""cubone"",""evoFromLevel"":28}",62,https://bulbapedia.bulbagarden.net/wiki/Marowak_(Pok%C3%A9mon),https://www.serebii.net/pokedex-sm/105.shtml;https://www.serebii.net/pokedex-sv/marowak/;https://www.serebii.net/pokedex-swsh/marowak/
marshadow,802,no_predecessor_species,,{},,https://bulbapedia.bulbagarden.net/wiki/Marshadow_(Pok%C3%A9mon),https://www.serebii.net/pokedex-sm/802.shtml;https://www.serebii.net/pokedex-swsh/marshadow/
marshtomp,259,baseline_match_not_all_games_verified,,"{""evolvesFrom"":""mudkip"",""evoFromLevel"":16}",134,https://bulbapedia.bulbagarden.net/wiki/Marshtomp_(Pok%C3%A9mon),https://www.serebii.net/pokedex-sm/259.shtml
maschiff,942,no_predecessor_species,,{},,https://bulbapedia.bulbagarden.net/wiki/Maschiff_(Pok%C3%A9mon),
masquerain,284,baseline_match_not_all_games_verified,,"{""evolvesFrom"":""surskit"",""evoFromLevel"":22}",150,https://bulbapedia.bulbagarden.net/wiki/Masquerain_(Pok%C3%A9mon),https://www.serebii.net/pokedex-bw/284.shtml
maushold-three,925,has_findings,E08;E22,"{""evolvesFrom"":""tandemaus"",""evoFromLevel"":25}",560,https://bulbapedia.bulbagarden.net/wiki/Maushold_(Pok%C3%A9mon),https://www.serebii.net/pokedex-sv/maushold/
maushold,925,has_findings,E08;E22,"{""evolvesFrom"":""tandemaus"",""evoFromLevel"":25}",479,https://bulbapedia.bulbagarden.net/wiki/Maushold_(Pok%C3%A9mon),https://www.serebii.net/pokedex-sv/maushold/
mawile-mega,303,transformation_not_species_evolution,,{},,https://bulbapedia.bulbagarden.net/wiki/Mawile_(Pok%C3%A9mon),https://www.serebii.net/pokedex-bw/303.shtml;https://www.serebii.net/pokedex-sm/303.shtml;https://www.serebii.net/pokedex-swsh/mawile/;https://www.serebii.net/pokedex-xy/303.shtml
mawile,303,no_predecessor_species,,{},,https://bulbapedia.bulbagarden.net/wiki/Mawile_(Pok%C3%A9mon),https://www.serebii.net/pokedex-bw/303.shtml;https://www.serebii.net/pokedex-sm/303.shtml;https://www.serebii.net/pokedex-swsh/mawile/;https://www.serebii.net/pokedex-xy/303.shtml
medicham-f,308,has_findings,E25,"{""evolvesFrom"":""meditite"",""evoFromLevel"":37}",162,https://bulbapedia.bulbagarden.net/wiki/Medicham_(Pok%C3%A9mon),https://www.serebii.net/pokedex-sm/308.shtml;https://www.serebii.net/pokedex-swsh/medicham/;https://www.serebii.net/pokedex-xy/308.shtml
medicham-mega,308,transformation_not_species_evolution,,{},162,https://bulbapedia.bulbagarden.net/wiki/Medicham_(Pok%C3%A9mon),https://www.serebii.net/pokedex-sm/308.shtml;https://www.serebii.net/pokedex-swsh/medicham/;https://www.serebii.net/pokedex-xy/308.shtml
medicham,308,baseline_match_not_all_games_verified,,"{""evolvesFrom"":""meditite"",""evoFromLevel"":37}",162,https://bulbapedia.bulbagarden.net/wiki/Medicham_(Pok%C3%A9mon),https://www.serebii.net/pokedex-sm/308.shtml;https://www.serebii.net/pokedex-swsh/medicham/;https://www.serebii.net/pokedex-xy/308.shtml
meditite-f,307,no_predecessor_species,,{},,https://bulbapedia.bulbagarden.net/wiki/Meditite_(Pok%C3%A9mon),https://www.serebii.net/pokedex-sm/307.shtml
meditite,307,no_predecessor_species,,{},,https://bulbapedia.bulbagarden.net/wiki/Meditite_(Pok%C3%A9mon),https://www.serebii.net/pokedex-sm/307.shtml
meganium-f,154,baseline_match_not_all_games_verified,,"{""evolvesFrom"":""bayleef"",""evoFromLevel"":32}",85,https://bulbapedia.bulbagarden.net/wiki/Meganium_(Pok%C3%A9mon),https://www.serebii.net/pokedex-sm/154.shtml;https://www.serebii.net/pokedex-sv/meganium/
meganium-mega,154,transformation_not_species_evolution,,{},85,https://bulbapedia.bulbagarden.net/wiki/Meganium_(Pok%C3%A9mon),https://www.serebii.net/pokedex-sm/154.shtml;https://www.serebii.net/pokedex-sv/meganium/
meganium,154,baseline_match_not_all_games_verified,,"{""evolvesFrom"":""bayleef"",""evoFromLevel"":32}",85,https://bulbapedia.bulbagarden.net/wiki/Meganium_(Pok%C3%A9mon),https://www.serebii.net/pokedex-sm/154.shtml;https://www.serebii.net/pokedex-sv/meganium/
melmetal-gmax,809,transformation_not_species_evolution,,{},567,https://bulbapedia.bulbagarden.net/wiki/Melmetal_(Pok%C3%A9mon),https://www.serebii.net/pokedex-sm/809.shtml;https://www.serebii.net/pokedex-sv/melmetal/;https://www.serebii.net/pokedex-swsh/melmetal/
melmetal,809,missing_link,E05,{},567,https://bulbapedia.bulbagarden.net/wiki/Melmetal_(Pok%C3%A9mon),https://www.serebii.net/pokedex-sm/809.shtml;https://www.serebii.net/pokedex-sv/melmetal/;https://www.serebii.net/pokedex-swsh/melmetal/
meloetta-pirouette,648,transformation_not_species_evolution,,{},,https://bulbapedia.bulbagarden.net/wiki/Meloetta_(Pok%C3%A9mon),https://www.serebii.net/pokedex-bw/648.shtml;https://www.serebii.net/pokedex-sm/648.shtml;https://www.serebii.net/pokedex-xy/648.shtml
meloetta,648,no_predecessor_species,,{},,https://bulbapedia.bulbagarden.net/wiki/Meloetta_(Pok%C3%A9mon),https://www.serebii.net/pokedex-bw/648.shtml;https://www.serebii.net/pokedex-sm/648.shtml;https://www.serebii.net/pokedex-xy/648.shtml
meltan,808,no_predecessor_species,,{},,https://bulbapedia.bulbagarden.net/wiki/Meltan_(Pok%C3%A9mon),https://www.serebii.net/pokedex-sm/808.shtml;https://www.serebii.net/pokedex-swsh/meltan/
meowscarada,908,baseline_match_not_all_games_verified,,"{""evolvesFrom"":""floragato"",""evoFromLevel"":36}",469,https://bulbapedia.bulbagarden.net/wiki/Meowscarada_(Pok%C3%A9mon),
meowstic-f,678,has_findings,E03,"{""evolvesFrom"":""espurr"",""evoFromLevel"":25}",557,https://bulbapedia.bulbagarden.net/wiki/Meowstic_(Pok%C3%A9mon),https://www.serebii.net/pokedex-sm/678.shtml;https://www.serebii.net/pokedex-sv/meowstic/
meowstic-mega,678,transformation_not_species_evolution,,{},360,https://bulbapedia.bulbagarden.net/wiki/Meowstic_(Pok%C3%A9mon),https://www.serebii.net/pokedex-sm/678.shtml;https://www.serebii.net/pokedex-sv/meowstic/
meowstic,678,has_findings,E03,"{""evolvesFrom"":""espurr"",""evoFromLevel"":25}",360,https://bulbapedia.bulbagarden.net/wiki/Meowstic_(Pok%C3%A9mon),https://www.serebii.net/pokedex-sm/678.shtml;https://www.serebii.net/pokedex-sv/meowstic/
meowth-alola,52,no_predecessor_species,,{},,https://bulbapedia.bulbagarden.net/wiki/Meowth_(Pok%C3%A9mon),https://www.serebii.net/pokedex-sm/052.shtml;https://www.serebii.net/pokedex-swsh/meowth/
meowth-galar,52,no_predecessor_species,,{},,https://bulbapedia.bulbagarden.net/wiki/Meowth_(Pok%C3%A9mon),https://www.serebii.net/pokedex-sm/052.shtml;https://www.serebii.net/pokedex-swsh/meowth/
meowth-gmax,52,transformation_not_species_evolution,,{},,https://bulbapedia.bulbagarden.net/wiki/Meowth_(Pok%C3%A9mon),https://www.serebii.net/pokedex-sm/052.shtml;https://www.serebii.net/pokedex-swsh/meowth/
meowth,52,no_predecessor_species,,{},,https://bulbapedia.bulbagarden.net/wiki/Meowth_(Pok%C3%A9mon),https://www.serebii.net/pokedex-sm/052.shtml;https://www.serebii.net/pokedex-swsh/meowth/
mesprit,481,no_predecessor_species,,{},,https://bulbapedia.bulbagarden.net/wiki/Mesprit_(Pok%C3%A9mon),https://www.serebii.net/pokedex-sm/481.shtml
metagross-mega,376,transformation_not_species_evolution,,{},191,https://bulbapedia.bulbagarden.net/wiki/Metagross_(Pok%C3%A9mon),https://www.serebii.net/pokedex-sm/376.shtml;https://www.serebii.net/pokedex-swsh/metagross/;https://www.serebii.net/pokedex-xy/376.shtml
metagross,376,baseline_match_not_all_games_verified,,"{""evolvesFrom"":""metang"",""evoFromLevel"":45}",191,https://bulbapedia.bulbagarden.net/wiki/Metagross_(Pok%C3%A9mon),https://www.serebii.net/pokedex-sm/376.shtml;https://www.serebii.net/pokedex-swsh/metagross/;https://www.serebii.net/pokedex-xy/376.shtml
metang,375,baseline_match_not_all_games_verified,,"{""evolvesFrom"":""beldum"",""evoFromLevel"":20}",190,https://bulbapedia.bulbagarden.net/wiki/Metang_(Pok%C3%A9mon),
metapod,11,baseline_match_not_all_games_verified,,"{""evolvesFrom"":""caterpie"",""evoFromLevel"":7}",7,https://bulbapedia.bulbagarden.net/wiki/Metapod_(Pok%C3%A9mon),
mew,151,no_predecessor_species,,{},,https://bulbapedia.bulbagarden.net/wiki/Mew_(Pok%C3%A9mon),https://www.serebii.net/pokedex-bw/151.shtml;https://www.serebii.net/pokedex-dp/151.shtml;https://www.serebii.net/pokedex-gs/151.shtml;https://www.serebii.net/pokedex-rs/151.shtml;https://www.serebii.net/pokedex-sm/151.shtml;https://www.serebii.net/pokedex-sv/mew/;https://www.serebii.net/pokedex-swsh/mew/;https://www.serebii.net/pokedex-xy/151.shtml;https://www.serebii.net/pokedex/151.shtml
mewtwo-mega-x,150,transformation_not_species_evolution,,{},,https://bulbapedia.bulbagarden.net/wiki/Mewtwo_(Pok%C3%A9mon),https://www.serebii.net/pokedex-sm/150.shtml;https://www.serebii.net/pokedex-swsh/mewtwo/;https://www.serebii.net/pokedex-xy/150.shtml
mewtwo-mega-y,150,transformation_not_species_evolution,,{},,https://bulbapedia.bulbagarden.net/wiki/Mewtwo_(Pok%C3%A9mon),https://www.serebii.net/pokedex-sm/150.shtml;https://www.serebii.net/pokedex-swsh/mewtwo/;https://www.serebii.net/pokedex-xy/150.shtml
mewtwo,150,no_predecessor_species,,{},,https://bulbapedia.bulbagarden.net/wiki/Mewtwo_(Pok%C3%A9mon),https://www.serebii.net/pokedex-sm/150.shtml;https://www.serebii.net/pokedex-swsh/mewtwo/;https://www.serebii.net/pokedex-xy/150.shtml
mienfoo,619,no_predecessor_species,,{},,https://bulbapedia.bulbagarden.net/wiki/Mienfoo_(Pok%C3%A9mon),https://www.serebii.net/pokedex-sm/619.shtml
mienshao,620,baseline_match_not_all_games_verified,,"{""evolvesFrom"":""mienfoo"",""evoFromLevel"":50}",313,https://bulbapedia.bulbagarden.net/wiki/Mienshao_(Pok%C3%A9mon),https://www.serebii.net/pokedex-sm/620.shtml
mightyena,262,baseline_match_not_all_games_verified,,"{""evolvesFrom"":""poochyena"",""evoFromLevel"":18}",136,https://bulbapedia.bulbagarden.net/wiki/Mightyena_(Pok%C3%A9mon),https://www.serebii.net/pokedex-sm/262.shtml
milcery,868,no_predecessor_species,,{},,https://bulbapedia.bulbagarden.net/wiki/Milcery_(Pok%C3%A9mon),
milotic-f,350,has_findings,E01;E11;E15,"{""evolvesFrom"":""feebas"",""evoFromItem"":""prismscale""}",179;321;553,https://bulbapedia.bulbagarden.net/wiki/Milotic_(Pok%C3%A9mon),https://www.serebii.net/pokedex-dp/350.shtml
milotic,350,has_findings,E01;E11;E15,"{""evolvesFrom"":""feebas"",""evoFromItem"":""prismscale""}",179;321;553,https://bulbapedia.bulbagarden.net/wiki/Milotic_(Pok%C3%A9mon),https://www.serebii.net/pokedex-dp/350.shtml
miltank,241,no_predecessor_species,,{},,https://bulbapedia.bulbagarden.net/wiki/Miltank_(Pok%C3%A9mon),https://www.serebii.net/pokedex-sm/241.shtml
mimejr,439,no_predecessor_species,,{},,https://bulbapedia.bulbagarden.net/wiki/Mime_Jr._(Pok%C3%A9mon),https://www.serebii.net/pokedex-sm/439.shtml
mimikyu-busted,778,transformation_not_species_evolution,,{},,https://bulbapedia.bulbagarden.net/wiki/Mimikyu_(Pok%C3%A9mon),https://www.serebii.net/pokedex-sm/778.shtml;https://www.serebii.net/pokedex-sv/mimikyu/;https://www.serebii.net/pokedex-swsh/mimikyu/
mimikyu,778,no_predecessor_species,,{},,https://bulbapedia.bulbagarden.net/wiki/Mimikyu_(Pok%C3%A9mon),https://www.serebii.net/pokedex-sm/778.shtml;https://www.serebii.net/pokedex-sv/mimikyu/;https://www.serebii.net/pokedex-swsh/mimikyu/
minccino,572,no_predecessor_species,,{},,https://bulbapedia.bulbagarden.net/wiki/Minccino_(Pok%C3%A9mon),https://www.serebii.net/pokedex-sm/572.shtml
minior-blue,774,no_predecessor_species,,{},,https://bulbapedia.bulbagarden.net/wiki/Minior_(Pok%C3%A9mon),https://www.serebii.net/pokedex-sm/774.shtml;https://www.serebii.net/pokedex-sv/minior/
minior-green,774,no_predecessor_species,,{},,https://bulbapedia.bulbagarden.net/wiki/Minior_(Pok%C3%A9mon),https://www.serebii.net/pokedex-sm/774.shtml;https://www.serebii.net/pokedex-sv/minior/
minior-indigo,774,no_predecessor_species,,{},,https://bulbapedia.bulbagarden.net/wiki/Minior_(Pok%C3%A9mon),https://www.serebii.net/pokedex-sm/774.shtml;https://www.serebii.net/pokedex-sv/minior/
minior-orange,774,no_predecessor_species,,{},,https://bulbapedia.bulbagarden.net/wiki/Minior_(Pok%C3%A9mon),https://www.serebii.net/pokedex-sm/774.shtml;https://www.serebii.net/pokedex-sv/minior/
minior-red,774,no_predecessor_species,,{},,https://bulbapedia.bulbagarden.net/wiki/Minior_(Pok%C3%A9mon),https://www.serebii.net/pokedex-sm/774.shtml;https://www.serebii.net/pokedex-sv/minior/
minior-violet,774,no_predecessor_species,,{},,https://bulbapedia.bulbagarden.net/wiki/Minior_(Pok%C3%A9mon),https://www.serebii.net/pokedex-sm/774.shtml;https://www.serebii.net/pokedex-sv/minior/
minior-yellow,774,no_predecessor_species,,{},,https://bulbapedia.bulbagarden.net/wiki/Minior_(Pok%C3%A9mon),https://www.serebii.net/pokedex-sm/774.shtml;https://www.serebii.net/pokedex-sv/minior/
minior,774,transformation_not_species_evolution,,{},,https://bulbapedia.bulbagarden.net/wiki/Minior_(Pok%C3%A9mon),https://www.serebii.net/pokedex-sm/774.shtml;https://www.serebii.net/pokedex-sv/minior/
minun,312,no_predecessor_species,,{},,https://bulbapedia.bulbagarden.net/wiki/Minun_(Pok%C3%A9mon),https://www.serebii.net/pokedex-sm/312.shtml
miraidon,1008,no_predecessor_species,,{},,https://bulbapedia.bulbagarden.net/wiki/Miraidon_(Pok%C3%A9mon),
misdreavus,200,no_predecessor_species,,{},,https://bulbapedia.bulbagarden.net/wiki/Misdreavus_(Pok%C3%A9mon),https://www.serebii.net/pokedex-swsh/misdreavus/
mismagius,429,baseline_match_not_all_games_verified,,"{""evolvesFrom"":""misdreavus"",""evoFromItem"":""duskstone""}",216,https://bulbapedia.bulbagarden.net/wiki/Mismagius_(Pok%C3%A9mon),https://www.serebii.net/pokedex-swsh/mismagius/
moltres-galar,146,no_predecessor_species,,{},,https://bulbapedia.bulbagarden.net/wiki/Moltres_(Pok%C3%A9mon),https://www.serebii.net/pokedex-sm/146.shtml;https://www.serebii.net/pokedex-swsh/moltres/
moltres,146,no_predecessor_species,,{},,https://bulbapedia.bulbagarden.net/wiki/Moltres_(Pok%C3%A9mon),https://www.serebii.net/pokedex-sm/146.shtml;https://www.serebii.net/pokedex-swsh/moltres/
monferno,391,baseline_match_not_all_games_verified,,"{""evolvesFrom"":""chimchar"",""evoFromLevel"":14}",194,https://bulbapedia.bulbagarden.net/wiki/Monferno_(Pok%C3%A9mon),https://www.serebii.net/pokedex-sm/391.shtml
morelull,755,no_predecessor_species,,{},,https://bulbapedia.bulbagarden.net/wiki/Morelull_(Pok%C3%A9mon),
morgrem,860,baseline_match_not_all_games_verified,,"{""evolvesFrom"":""impidimp"",""evoFromLevel"":32}",439,https://bulbapedia.bulbagarden.net/wiki/Morgrem_(Pok%C3%A9mon),
morpeko-hangry,877,transformation_not_species_evolution,,{},,https://bulbapedia.bulbagarden.net/wiki/Morpeko_(Pok%C3%A9mon),https://www.serebii.net/pokedex-sv/morpeko/;https://www.serebii.net/pokedex-swsh/morpeko/
morpeko,877,no_predecessor_species,,{},,https://bulbapedia.bulbagarden.net/wiki/Morpeko_(Pok%C3%A9mon),https://www.serebii.net/pokedex-sv/morpeko/;https://www.serebii.net/pokedex-swsh/morpeko/
mothim,414,has_findings,E03;E24,"{""evolvesFrom"":""burmy"",""evoFromLevel"":20}",208,https://bulbapedia.bulbagarden.net/wiki/Mothim_(Pok%C3%A9mon),https://www.serebii.net/pokedex-sm/414.shtml
mrmime-galar,122,has_findings,E18,"{""evolvesFrom"":""mimejr"",""evoFromMove"":""mimic""}",537,https://bulbapedia.bulbagarden.net/wiki/Mr._Mime_(Pok%C3%A9mon),https://www.serebii.net/pokedex-rs/122.shtml;https://www.serebii.net/pokedex-sm/122.shtml;https://www.serebii.net/pokedex-sv/mr.mime/;https://www.serebii.net/pokedex/122.shtml
mrmime,122,has_findings,E18,"{""evolvesFrom"":""mimejr"",""evoFromMove"":""mimic""}",71,https://bulbapedia.bulbagarden.net/wiki/Mr._Mime_(Pok%C3%A9mon),https://www.serebii.net/pokedex-rs/122.shtml;https://www.serebii.net/pokedex-sm/122.shtml;https://www.serebii.net/pokedex-sv/mr.mime/;https://www.serebii.net/pokedex/122.shtml
mrrime,866,baseline_match_not_all_games_verified,,"{""evolvesFrom"":""mrmime-galar"",""evoFromLevel"":42}",455,https://bulbapedia.bulbagarden.net/wiki/Mr._Rime_(Pok%C3%A9mon),https://www.serebii.net/pokedex-swsh/mr.rime/
mudbray,749,no_predecessor_species,,{},,https://bulbapedia.bulbagarden.net/wiki/Mudbray_(Pok%C3%A9mon),
mudkip,258,no_predecessor_species,,{},,https://bulbapedia.bulbagarden.net/wiki/Mudkip_(Pok%C3%A9mon),https://www.serebii.net/pokedex-sm/258.shtml
mudsdale,750,baseline_match_not_all_games_verified,,"{""evolvesFrom"":""mudbray"",""evoFromLevel"":30}",389,https://bulbapedia.bulbagarden.net/wiki/Mudsdale_(Pok%C3%A9mon),
muk-alola,89,baseline_match_not_all_games_verified,,"{""evolvesFrom"":""grimer-alola"",""evoFromLevel"":38}",521,https://bulbapedia.bulbagarden.net/wiki/Muk_(Pok%C3%A9mon),https://www.serebii.net/pokedex-sm/089.shtml;https://www.serebii.net/pokedex-swsh/muk/
muk,89,baseline_match_not_all_games_verified,,"{""evolvesFrom"":""grimer"",""evoFromLevel"":38}",54,https://bulbapedia.bulbagarden.net/wiki/Muk_(Pok%C3%A9mon),https://www.serebii.net/pokedex-sm/089.shtml;https://www.serebii.net/pokedex-swsh/muk/
munchlax,446,no_predecessor_species,,{},,https://bulbapedia.bulbagarden.net/wiki/Munchlax_(Pok%C3%A9mon),
munkidori,1015,no_predecessor_species,,{},,https://bulbapedia.bulbagarden.net/wiki/Munkidori_(Pok%C3%A9mon),
munna,517,no_predecessor_species,,{},,https://bulbapedia.bulbagarden.net/wiki/Munna_(Pok%C3%A9mon),https://www.serebii.net/pokedex-sm/517.shtml
murkrow-f,198,no_predecessor_species,,{},,https://bulbapedia.bulbagarden.net/wiki/Murkrow_(Pok%C3%A9mon),https://www.serebii.net/pokedex-swsh/murkrow/
murkrow,198,no_predecessor_species,,{},,https://bulbapedia.bulbagarden.net/wiki/Murkrow_(Pok%C3%A9mon),https://www.serebii.net/pokedex-swsh/murkrow/
musharna,518,baseline_match_not_all_games_verified,,"{""evolvesFrom"":""munna"",""evoFromItem"":""moonstone""}",260,https://bulbapedia.bulbagarden.net/wiki/Musharna_(Pok%C3%A9mon),https://www.serebii.net/pokedex-sm/518.shtml
nacli,932,no_predecessor_species,,{},,https://bulbapedia.bulbagarden.net/wiki/Nacli_(Pok%C3%A9mon),
naclstack,933,baseline_match_not_all_games_verified,,"{""evolvesFrom"":""nacli"",""evoFromLevel"":24}",483,https://bulbapedia.bulbagarden.net/wiki/Naclstack_(Pok%C3%A9mon),
naganadel,804,baseline_match_not_all_games_verified,,"{""evolvesFrom"":""poipole"",""evoFromMove"":""dragonpulse""}",405,https://bulbapedia.bulbagarden.net/wiki/Naganadel_(Pok%C3%A9mon),
natu,177,no_predecessor_species,,{},,https://bulbapedia.bulbagarden.net/wiki/Natu_(Pok%C3%A9mon),https://www.serebii.net/pokedex-sm/177.shtml
necrozma-dawn-wings,800,transformation_not_species_evolution,,{},,https://bulbapedia.bulbagarden.net/wiki/Necrozma_(Pok%C3%A9mon),https://www.serebii.net/pokedex-sm/800.shtml;https://www.serebii.net/pokedex-sv/necrozma/;https://www.serebii.net/pokedex-swsh/necrozma/
necrozma-dusk-mane,800,transformation_not_species_evolution,,{},,https://bulbapedia.bulbagarden.net/wiki/Necrozma_(Pok%C3%A9mon),https://www.serebii.net/pokedex-sm/800.shtml;https://www.serebii.net/pokedex-sv/necrozma/;https://www.serebii.net/pokedex-swsh/necrozma/
necrozma-ultra,800,transformation_not_species_evolution,,{},,https://bulbapedia.bulbagarden.net/wiki/Necrozma_(Pok%C3%A9mon),https://www.serebii.net/pokedex-sm/800.shtml;https://www.serebii.net/pokedex-sv/necrozma/;https://www.serebii.net/pokedex-swsh/necrozma/
necrozma,800,no_predecessor_species,,{},,https://bulbapedia.bulbagarden.net/wiki/Necrozma_(Pok%C3%A9mon),https://www.serebii.net/pokedex-sm/800.shtml;https://www.serebii.net/pokedex-sv/necrozma/;https://www.serebii.net/pokedex-swsh/necrozma/
nickit,827,no_predecessor_species,,{},,https://bulbapedia.bulbagarden.net/wiki/Nickit_(Pok%C3%A9mon),
nidoking,34,baseline_match_not_all_games_verified,,"{""evolvesFrom"":""nidorino"",""evoFromItem"":""moonstone""}",22,https://bulbapedia.bulbagarden.net/wiki/Nidoking_(Pok%C3%A9mon),https://www.serebii.net/pokedex-bw/034.shtml;https://www.serebii.net/pokedex-sm/034.shtml
nidoqueen,31,baseline_match_not_all_games_verified,,"{""evolvesFrom"":""nidorina"",""evoFromItem"":""moonstone""}",20,https://bulbapedia.bulbagarden.net/wiki/Nidoqueen_(Pok%C3%A9mon),https://www.serebii.net/pokedex-bw/031.shtml;https://www.serebii.net/pokedex-sm/031.shtml
nidoranf,29,no_predecessor_species,,{},,https://bulbapedia.bulbagarden.net/wiki/Nidoran%E2%99%80_(Pok%C3%A9mon),
nidoranm,32,no_predecessor_species,,{},,https://bulbapedia.bulbagarden.net/wiki/Nidoran%E2%99%82_(Pok%C3%A9mon),
nidorina,30,baseline_match_not_all_games_verified,,"{""evolvesFrom"":""nidoranf"",""evoFromLevel"":16}",19,https://bulbapedia.bulbagarden.net/wiki/Nidorina_(Pok%C3%A9mon),https://www.serebii.net/pokedex-bw/030.shtml;https://www.serebii.net/pokedex-sm/030.shtml
nidorino,33,baseline_match_not_all_games_verified,,"{""evolvesFrom"":""nidoranm"",""evoFromLevel"":16}",21,https://bulbapedia.bulbagarden.net/wiki/Nidorino_(Pok%C3%A9mon),https://www.serebii.net/pokedex-bw/033.shtml;https://www.serebii.net/pokedex-sm/033.shtml
nihilego,793,no_predecessor_species,,{},,https://bulbapedia.bulbagarden.net/wiki/Nihilego_(Pok%C3%A9mon),
nincada,290,no_predecessor_species,,{},,https://bulbapedia.bulbagarden.net/wiki/Nincada_(Pok%C3%A9mon),https://www.serebii.net/pokedex-sm/290.shtml
ninetales-alola,38,baseline_match_not_all_games_verified,,"{""evolvesFrom"":""vulpix-alola"",""evoFromItem"":""icestone""}",449,https://bulbapedia.bulbagarden.net/wiki/Ninetales_(Pok%C3%A9mon),https://www.serebii.net/pokedex-sm/038.shtml;https://www.serebii.net/pokedex-sv/ninetales/;https://www.serebii.net/pokedex-swsh/ninetales/
ninetales,38,baseline_match_not_all_games_verified,,"{""evolvesFrom"":""vulpix"",""evoFromItem"":""firestone""}",25,https://bulbapedia.bulbagarden.net/wiki/Ninetales_(Pok%C3%A9mon),https://www.serebii.net/pokedex-sm/038.shtml;https://www.serebii.net/pokedex-sv/ninetales/;https://www.serebii.net/pokedex-swsh/ninetales/
ninjask,291,baseline_match_not_all_games_verified,,"{""evolvesFrom"":""nincada"",""evoFromLevel"":20}",154,https://bulbapedia.bulbagarden.net/wiki/Ninjask_(Pok%C3%A9mon),https://www.serebii.net/pokedex-sm/291.shtml
noctowl,164,baseline_match_not_all_games_verified,,"{""evolvesFrom"":""hoothoot"",""evoFromLevel"":20}",91,https://bulbapedia.bulbagarden.net/wiki/Noctowl_(Pok%C3%A9mon),https://www.serebii.net/pokedex-sm/164.shtml
noibat,714,no_predecessor_species,,{},,https://bulbapedia.bulbagarden.net/wiki/Noibat_(Pok%C3%A9mon),https://www.serebii.net/pokedex-sm/714.shtml
noivern,715,baseline_match_not_all_games_verified,,"{""evolvesFrom"":""noibat"",""evoFromLevel"":48}",359,https://bulbapedia.bulbagarden.net/wiki/Noivern_(Pok%C3%A9mon),https://www.serebii.net/pokedex-sm/715.shtml
nosepass,299,no_predecessor_species,,{},,https://bulbapedia.bulbagarden.net/wiki/Nosepass_(Pok%C3%A9mon),
numel-f,322,no_predecessor_species,,{},,https://bulbapedia.bulbagarden.net/wiki/Numel_(Pok%C3%A9mon),https://www.serebii.net/pokedex-sm/322.shtml
numel,322,no_predecessor_species,,{},,https://bulbapedia.bulbagarden.net/wiki/Numel_(Pok%C3%A9mon),https://www.serebii.net/pokedex-sm/322.shtml
nuzleaf-f,274,baseline_match_not_all_games_verified,,"{""evolvesFrom"":""seedot"",""evoFromLevel"":14}",144,https://bulbapedia.bulbagarden.net/wiki/Nuzleaf_(Pok%C3%A9mon),https://www.serebii.net/pokedex-bw/274.shtml;https://www.serebii.net/pokedex-sm/274.shtml;https://www.serebii.net/pokedex-swsh/nuzleaf/
nuzleaf,274,baseline_match_not_all_games_verified,,"{""evolvesFrom"":""seedot"",""evoFromLevel"":14}",144,https://bulbapedia.bulbagarden.net/wiki/Nuzleaf_(Pok%C3%A9mon),https://www.serebii.net/pokedex-bw/274.shtml;https://www.serebii.net/pokedex-sm/274.shtml;https://www.serebii.net/pokedex-swsh/nuzleaf/
nymble,919,no_predecessor_species,,{},,https://bulbapedia.bulbagarden.net/wiki/Nymble_(Pok%C3%A9mon),
obstagoon,862,has_findings,E27,"{""evolvesFrom"":""linoone-galar"",""evoFromLevel"":35,""evoFromCondition"":""at night""}",457,https://bulbapedia.bulbagarden.net/wiki/Obstagoon_(Pok%C3%A9mon),
octillery-f,224,baseline_match_not_all_games_verified,,"{""evolvesFrom"":""remoraid"",""evoFromLevel"":25}",120,https://bulbapedia.bulbagarden.net/wiki/Octillery_(Pok%C3%A9mon),https://www.serebii.net/pokedex-sm/224.shtml
octillery,224,baseline_match_not_all_games_verified,,"{""evolvesFrom"":""remoraid"",""evoFromLevel"":25}",120,https://bulbapedia.bulbagarden.net/wiki/Octillery_(Pok%C3%A9mon),https://www.serebii.net/pokedex-sm/224.shtml
oddish,43,no_predecessor_species,,{},,https://bulbapedia.bulbagarden.net/wiki/Oddish_(Pok%C3%A9mon),https://www.serebii.net/pokedex-bw/043.shtml;https://www.serebii.net/pokedex-sm/043.shtml
ogerpon-cornerstone,1017,no_predecessor_species,,{},,https://bulbapedia.bulbagarden.net/wiki/Ogerpon_(Pok%C3%A9mon),https://www.serebii.net/pokedex-sv/ogerpon/
ogerpon-hearthflame,1017,no_predecessor_species,,{},,https://bulbapedia.bulbagarden.net/wiki/Ogerpon_(Pok%C3%A9mon),https://www.serebii.net/pokedex-sv/ogerpon/
ogerpon-wellspring,1017,no_predecessor_species,,{},,https://bulbapedia.bulbagarden.net/wiki/Ogerpon_(Pok%C3%A9mon),https://www.serebii.net/pokedex-sv/ogerpon/
ogerpon,1017,no_predecessor_species,,{},,https://bulbapedia.bulbagarden.net/wiki/Ogerpon_(Pok%C3%A9mon),https://www.serebii.net/pokedex-sv/ogerpon/
oinkologne-f,916,has_findings,E03,"{""evolvesFrom"":""lechonk"",""evoFromLevel"":18}",558,https://bulbapedia.bulbagarden.net/wiki/Oinkologne_(Pok%C3%A9mon),
oinkologne,916,has_findings,E03,"{""evolvesFrom"":""lechonk"",""evoFromLevel"":18}",474,https://bulbapedia.bulbagarden.net/wiki/Oinkologne_(Pok%C3%A9mon),
okidogi,1014,no_predecessor_species,,{},,https://bulbapedia.bulbagarden.net/wiki/Okidogi_(Pok%C3%A9mon),
omanyte,138,no_predecessor_species,,{},,https://bulbapedia.bulbagarden.net/wiki/Omanyte_(Pok%C3%A9mon),https://www.serebii.net/pokedex-swsh/omanyte/
omastar,139,baseline_match_not_all_games_verified,,"{""evolvesFrom"":""omanyte"",""evoFromLevel"":40}",79,https://bulbapedia.bulbagarden.net/wiki/Omastar_(Pok%C3%A9mon),https://www.serebii.net/pokedex-dp/139.shtml;https://www.serebii.net/pokedex-sm/139.shtml;https://www.serebii.net/pokedex-swsh/omastar/
onix,95,no_predecessor_species,,{},,https://bulbapedia.bulbagarden.net/wiki/Onix_(Pok%C3%A9mon),https://www.serebii.net/pokedex-sm/095.shtml
oranguru,765,no_predecessor_species,,{},,https://bulbapedia.bulbagarden.net/wiki/Oranguru_(Pok%C3%A9mon),https://www.serebii.net/pokedex-sm/765.shtml
orbeetle-gmax,826,transformation_not_species_evolution,,{},421,https://bulbapedia.bulbagarden.net/wiki/Orbeetle_(Pok%C3%A9mon),https://www.serebii.net/pokedex-swsh/orbeetle/
orbeetle,826,baseline_match_not_all_games_verified,,"{""evolvesFrom"":""dottler"",""evoFromLevel"":30}",421,https://bulbapedia.bulbagarden.net/wiki/Orbeetle_(Pok%C3%A9mon),https://www.serebii.net/pokedex-swsh/orbeetle/
oricorio-pau,741,no_predecessor_species,,{},,https://bulbapedia.bulbagarden.net/wiki/Oricorio_(Pok%C3%A9mon),https://www.serebii.net/pokedex-sm/741.shtml;https://www.serebii.net/pokedex-sv/oricorio/
oricorio-pom-pom,741,no_predecessor_species,,{},,https://bulbapedia.bulbagarden.net/wiki/Oricorio_(Pok%C3%A9mon),https://www.serebii.net/pokedex-sm/741.shtml;https://www.serebii.net/pokedex-sv/oricorio/
oricorio-sensu,741,no_predecessor_species,,{},,https://bulbapedia.bulbagarden.net/wiki/Oricorio_(Pok%C3%A9mon),https://www.serebii.net/pokedex-sm/741.shtml;https://www.serebii.net/pokedex-sv/oricorio/
oricorio,741,no_predecessor_species,,{},,https://bulbapedia.bulbagarden.net/wiki/Oricorio_(Pok%C3%A9mon),https://www.serebii.net/pokedex-sm/741.shtml;https://www.serebii.net/pokedex-sv/oricorio/
orthworm,968,no_predecessor_species,,{},,https://bulbapedia.bulbagarden.net/wiki/Orthworm_(Pok%C3%A9mon),
oshawott,501,no_predecessor_species,,{},,https://bulbapedia.bulbagarden.net/wiki/Oshawott_(Pok%C3%A9mon),https://www.serebii.net/pokedex-sm/501.shtml
overqwil,904,has_findings,E17;E27;E29,"{""evolvesFrom"":""qwilfish-hisui"",""evoFromCondition"":""Use Strong style Barb Barrage 20 times""}",467;515;516,https://bulbapedia.bulbagarden.net/wiki/Overqwil_(Pok%C3%A9mon),
pachirisu-f,417,no_predecessor_species,,{},,https://bulbapedia.bulbagarden.net/wiki/Pachirisu_(Pok%C3%A9mon),https://www.serebii.net/pokedex-bw/417.shtml;https://www.serebii.net/pokedex-sm/417.shtml
pachirisu,417,no_predecessor_species,,{},,https://bulbapedia.bulbagarden.net/wiki/Pachirisu_(Pok%C3%A9mon),https://www.serebii.net/pokedex-bw/417.shtml;https://www.serebii.net/pokedex-sm/417.shtml
palafin-hero,964,transformation_not_species_evolution,,{},499,https://bulbapedia.bulbagarden.net/wiki/Palafin_(Pok%C3%A9mon),https://www.serebii.net/pokedex-sv/palafin/
palafin,964,has_findings,E06,"{""evolvesFrom"":""finizen"",""evoFromLevel"":38}",499,https://bulbapedia.bulbagarden.net/wiki/Palafin_(Pok%C3%A9mon),https://www.serebii.net/pokedex-sv/palafin/
palkia-origin,484,no_predecessor_species,,{},,https://bulbapedia.bulbagarden.net/wiki/Palkia_(Pok%C3%A9mon),https://www.serebii.net/pokedex-dp/484.shtml;https://www.serebii.net/pokedex-sm/484.shtml;https://www.serebii.net/pokedex-sv/palkia/;https://www.serebii.net/pokedex-swsh/palkia/
palkia,484,no_predecessor_species,,{},,https://bulbapedia.bulbagarden.net/wiki/Palkia_(Pok%C3%A9mon),https://www.serebii.net/pokedex-dp/484.shtml;https://www.serebii.net/pokedex-sm/484.shtml;https://www.serebii.net/pokedex-sv/palkia/;https://www.serebii.net/pokedex-swsh/palkia/
palossand,770,baseline_match_not_all_games_verified,,"{""evolvesFrom"":""sandygast"",""evoFromLevel"":42}",398,https://bulbapedia.bulbagarden.net/wiki/Palossand_(Pok%C3%A9mon),
palpitoad,536,baseline_match_not_all_games_verified,,"{""evolvesFrom"":""tympole"",""evoFromLevel"":25}",270,https://bulbapedia.bulbagarden.net/wiki/Palpitoad_(Pok%C3%A9mon),https://www.serebii.net/pokedex-sm/536.shtml
pancham,674,no_predecessor_species,,{},,https://bulbapedia.bulbagarden.net/wiki/Pancham_(Pok%C3%A9mon),
pangoro,675,has_findings,E27,"{""evolvesFrom"":""pancham"",""evoFromLevel"":32,""evoFromCondition"":""with a Dark-type in the party""}",349,https://bulbapedia.bulbagarden.net/wiki/Pangoro_(Pok%C3%A9mon),
panpour,515,no_predecessor_species,,{},,https://bulbapedia.bulbagarden.net/wiki/Panpour_(Pok%C3%A9mon),https://www.serebii.net/pokedex-sm/515.shtml
pansage,511,no_predecessor_species,,{},,https://bulbapedia.bulbagarden.net/wiki/Pansage_(Pok%C3%A9mon),https://www.serebii.net/pokedex-sm/511.shtml
pansear,513,no_predecessor_species,,{},,https://bulbapedia.bulbagarden.net/wiki/Pansear_(Pok%C3%A9mon),https://www.serebii.net/pokedex-sm/513.shtml
paras,46,no_predecessor_species,,{},,https://bulbapedia.bulbagarden.net/wiki/Paras_(Pok%C3%A9mon),
parasect,47,baseline_match_not_all_games_verified,,"{""evolvesFrom"":""paras"",""evoFromLevel"":24}",31,https://bulbapedia.bulbagarden.net/wiki/Parasect_(Pok%C3%A9mon),
passimian,766,no_predecessor_species,,{},,https://bulbapedia.bulbagarden.net/wiki/Passimian_(Pok%C3%A9mon),https://www.serebii.net/pokedex-sm/766.shtml
patrat,504,no_predecessor_species,,{},,https://bulbapedia.bulbagarden.net/wiki/Patrat_(Pok%C3%A9mon),https://www.serebii.net/pokedex-sm/504.shtml
pawmi,921,no_predecessor_species,,{},,https://bulbapedia.bulbagarden.net/wiki/Pawmi_(Pok%C3%A9mon),
pawmo,922,baseline_match_not_all_games_verified,,"{""evolvesFrom"":""pawmi"",""evoFromLevel"":18}",477,https://bulbapedia.bulbagarden.net/wiki/Pawmo_(Pok%C3%A9mon),
pawmot,923,has_findings,E21;E27,"{""evolvesFrom"":""pawmo"",""evoFromCondition"":""walk 1000 steps in Let's Go""}",478,https://bulbapedia.bulbagarden.net/wiki/Pawmot_(Pok%C3%A9mon),
pawniard,624,no_predecessor_species,,{},,https://bulbapedia.bulbagarden.net/wiki/Pawniard_(Pok%C3%A9mon),https://www.serebii.net/pokedex-sm/624.shtml
pecharunt,1025,no_predecessor_species,,{},,https://bulbapedia.bulbagarden.net/wiki/Pecharunt_(Pok%C3%A9mon),
pelipper,279,baseline_match_not_all_games_verified,,"{""evolvesFrom"":""wingull"",""evoFromLevel"":25}",147,https://bulbapedia.bulbagarden.net/wiki/Pelipper_(Pok%C3%A9mon),
perrserker,863,baseline_match_not_all_games_verified,,"{""evolvesFrom"":""meowth-galar"",""evoFromLevel"":28}",451,https://bulbapedia.bulbagarden.net/wiki/Perrserker_(Pok%C3%A9mon),
persian-alola,53,has_findings,E02,"{""evolvesFrom"":""meowth-alola""}",450,https://bulbapedia.bulbagarden.net/wiki/Persian_(Pok%C3%A9mon),https://www.serebii.net/pokedex-sm/053.shtml;https://www.serebii.net/pokedex-swsh/persian/
persian,53,baseline_match_not_all_games_verified,,"{""evolvesFrom"":""meowth"",""evoFromLevel"":28}",34,https://bulbapedia.bulbagarden.net/wiki/Persian_(Pok%C3%A9mon),https://www.serebii.net/pokedex-sm/053.shtml;https://www.serebii.net/pokedex-swsh/persian/
petilil,548,no_predecessor_species,,{},,https://bulbapedia.bulbagarden.net/wiki/Petilil_(Pok%C3%A9mon),https://www.serebii.net/pokedex-sm/548.shtml
phanpy,231,no_predecessor_species,,{},,https://bulbapedia.bulbagarden.net/wiki/Phanpy_(Pok%C3%A9mon),https://www.serebii.net/pokedex-bw/231.shtml;https://www.serebii.net/pokedex-sm/231.shtml
phantump,708,no_predecessor_species,,{},,https://bulbapedia.bulbagarden.net/wiki/Phantump_(Pok%C3%A9mon),
pheromosa,795,no_predecessor_species,,{},,https://bulbapedia.bulbagarden.net/wiki/Pheromosa_(Pok%C3%A9mon),https://www.serebii.net/pokedex-sm/795.shtml
phione,489,no_predecessor_species,,{},,https://bulbapedia.bulbagarden.net/wiki/Phione_(Pok%C3%A9mon),
pichu,172,no_predecessor_species,,{},,https://bulbapedia.bulbagarden.net/wiki/Pichu_(Pok%C3%A9mon),
pidgeot-mega,18,transformation_not_species_evolution,,{},12,https://bulbapedia.bulbagarden.net/wiki/Pidgeot_(Pok%C3%A9mon),https://www.serebii.net/pokedex-bw/018.shtml;https://www.serebii.net/pokedex-sm/018.shtml;https://www.serebii.net/pokedex-swsh/pidgeot/;https://www.serebii.net/pokedex-xy/018.shtml
pidgeot,18,baseline_match_not_all_games_verified,,"{""evolvesFrom"":""pidgeotto"",""evoFromLevel"":36}",12,https://bulbapedia.bulbagarden.net/wiki/Pidgeot_(Pok%C3%A9mon),https://www.serebii.net/pokedex-bw/018.shtml;https://www.serebii.net/pokedex-sm/018.shtml;https://www.serebii.net/pokedex-swsh/pidgeot/;https://www.serebii.net/pokedex-xy/018.shtml
pidgeotto,17,baseline_match_not_all_games_verified,,"{""evolvesFrom"":""pidgey"",""evoFromLevel"":18}",11,https://bulbapedia.bulbagarden.net/wiki/Pidgeotto_(Pok%C3%A9mon),https://www.serebii.net/pokedex-bw/017.shtml
pidgey,16,no_predecessor_species,,{},,https://bulbapedia.bulbagarden.net/wiki/Pidgey_(Pok%C3%A9mon),https://www.serebii.net/pokedex-bw/016.shtml
pidove,519,no_predecessor_species,,{},,https://bulbapedia.bulbagarden.net/wiki/Pidove_(Pok%C3%A9mon),https://www.serebii.net/pokedex-sm/519.shtml
pignite,499,baseline_match_not_all_games_verified,,"{""evolvesFrom"":""tepig"",""evoFromLevel"":17}",249,https://bulbapedia.bulbagarden.net/wiki/Pignite_(Pok%C3%A9mon),https://www.serebii.net/pokedex-sm/499.shtml
pikachu-alola,25,intentional_non_evolution_form,,{},16,https://bulbapedia.bulbagarden.net/wiki/Pikachu_(Pok%C3%A9mon),https://www.serebii.net/pokedex-sm/025.shtml;https://www.serebii.net/pokedex-sv/pikachu/;https://www.serebii.net/pokedex-swsh/pikachu/
pikachu-f,25,has_findings,E02,"{""evolvesFrom"":""pichu""}",16,https://bulbapedia.bulbagarden.net/wiki/Pikachu_(Pok%C3%A9mon),https://www.serebii.net/pokedex-sm/025.shtml;https://www.serebii.net/pokedex-sv/pikachu/;https://www.serebii.net/pokedex-swsh/pikachu/
pikachu-gmax,25,transformation_not_species_evolution,,{},16,https://bulbapedia.bulbagarden.net/wiki/Pikachu_(Pok%C3%A9mon),https://www.serebii.net/pokedex-sm/025.shtml;https://www.serebii.net/pokedex-sv/pikachu/;https://www.serebii.net/pokedex-swsh/pikachu/
pikachu-hoenn,25,intentional_non_evolution_form,,{},16,https://bulbapedia.bulbagarden.net/wiki/Pikachu_(Pok%C3%A9mon),https://www.serebii.net/pokedex-sm/025.shtml;https://www.serebii.net/pokedex-sv/pikachu/;https://www.serebii.net/pokedex-swsh/pikachu/
pikachu-kalos,25,intentional_non_evolution_form,,{},16,https://bulbapedia.bulbagarden.net/wiki/Pikachu_(Pok%C3%A9mon),https://www.serebii.net/pokedex-sm/025.shtml;https://www.serebii.net/pokedex-sv/pikachu/;https://www.serebii.net/pokedex-swsh/pikachu/
pikachu-original,25,intentional_non_evolution_form,,{},16,https://bulbapedia.bulbagarden.net/wiki/Pikachu_(Pok%C3%A9mon),https://www.serebii.net/pokedex-sm/025.shtml;https://www.serebii.net/pokedex-sv/pikachu/;https://www.serebii.net/pokedex-swsh/pikachu/
pikachu-partner,25,intentional_non_evolution_form,,{},16,https://bulbapedia.bulbagarden.net/wiki/Pikachu_(Pok%C3%A9mon),https://www.serebii.net/pokedex-sm/025.shtml;https://www.serebii.net/pokedex-sv/pikachu/;https://www.serebii.net/pokedex-swsh/pikachu/
pikachu-sinnoh,25,intentional_non_evolution_form,,{},16,https://bulbapedia.bulbagarden.net/wiki/Pikachu_(Pok%C3%A9mon),https://www.serebii.net/pokedex-sm/025.shtml;https://www.serebii.net/pokedex-sv/pikachu/;https://www.serebii.net/pokedex-swsh/pikachu/
pikachu-unova,25,intentional_non_evolution_form,,{},16,https://bulbapedia.bulbagarden.net/wiki/Pikachu_(Pok%C3%A9mon),https://www.serebii.net/pokedex-sm/025.shtml;https://www.serebii.net/pokedex-sv/pikachu/;https://www.serebii.net/pokedex-swsh/pikachu/
pikachu-world,25,intentional_non_evolution_form,,{},16,https://bulbapedia.bulbagarden.net/wiki/Pikachu_(Pok%C3%A9mon),https://www.serebii.net/pokedex-sm/025.shtml;https://www.serebii.net/pokedex-sv/pikachu/;https://www.serebii.net/pokedex-swsh/pikachu/
pikachu,25,has_findings,E02,"{""evolvesFrom"":""pichu""}",16,https://bulbapedia.bulbagarden.net/wiki/Pikachu_(Pok%C3%A9mon),https://www.serebii.net/pokedex-sm/025.shtml;https://www.serebii.net/pokedex-sv/pikachu/;https://www.serebii.net/pokedex-swsh/pikachu/
pikipek,731,no_predecessor_species,,{},,https://bulbapedia.bulbagarden.net/wiki/Pikipek_(Pok%C3%A9mon),
piloswine-f,221,baseline_match_not_all_games_verified,,"{""evolvesFrom"":""swinub"",""evoFromLevel"":33}",119,https://bulbapedia.bulbagarden.net/wiki/Piloswine_(Pok%C3%A9mon),
piloswine,221,baseline_match_not_all_games_verified,,"{""evolvesFrom"":""swinub"",""evoFromLevel"":33}",119,https://bulbapedia.bulbagarden.net/wiki/Piloswine_(Pok%C3%A9mon),
pincurchin,871,no_predecessor_species,,{},,https://bulbapedia.bulbagarden.net/wiki/Pincurchin_(Pok%C3%A9mon),
pineco,204,no_predecessor_species,,{},,https://bulbapedia.bulbagarden.net/wiki/Pineco_(Pok%C3%A9mon),https://www.serebii.net/pokedex-rs/204.shtml;https://www.serebii.net/pokedex-sm/204.shtml
pinsir-mega,127,transformation_not_species_evolution,,{},,https://bulbapedia.bulbagarden.net/wiki/Pinsir_(Pok%C3%A9mon),https://www.serebii.net/pokedex-sm/127.shtml;https://www.serebii.net/pokedex-swsh/pinsir/;https://www.serebii.net/pokedex-xy/127.shtml
pinsir,127,no_predecessor_species,,{},,https://bulbapedia.bulbagarden.net/wiki/Pinsir_(Pok%C3%A9mon),https://www.serebii.net/pokedex-sm/127.shtml;https://www.serebii.net/pokedex-swsh/pinsir/;https://www.serebii.net/pokedex-xy/127.shtml
piplup,393,no_predecessor_species,,{},,https://bulbapedia.bulbagarden.net/wiki/Piplup_(Pok%C3%A9mon),https://www.serebii.net/pokedex-sm/393.shtml
plusle,311,no_predecessor_species,,{},,https://bulbapedia.bulbagarden.net/wiki/Plusle_(Pok%C3%A9mon),https://www.serebii.net/pokedex-sm/311.shtml
poipole,803,no_predecessor_species,,{},,https://bulbapedia.bulbagarden.net/wiki/Poipole_(Pok%C3%A9mon),https://www.serebii.net/pokedex-sm/803.shtml
politoed-f,186,has_findings,E01;E11,"{""evolvesFrom"":""poliwhirl"",""evoFromItem"":""kingsrock""}",104,https://bulbapedia.bulbagarden.net/wiki/Politoed_(Pok%C3%A9mon),https://www.serebii.net/pokedex-bw/186.shtml
politoed,186,has_findings,E01;E11,"{""evolvesFrom"":""poliwhirl"",""evoFromItem"":""kingsrock""}",104,https://bulbapedia.bulbagarden.net/wiki/Politoed_(Pok%C3%A9mon),https://www.serebii.net/pokedex-bw/186.shtml
poliwag,60,no_predecessor_species,,{},,https://bulbapedia.bulbagarden.net/wiki/Poliwag_(Pok%C3%A9mon),https://www.serebii.net/pokedex-bw/060.shtml
poliwhirl,61,baseline_match_not_all_games_verified,,"{""evolvesFrom"":""poliwag"",""evoFromLevel"":25}",38,https://bulbapedia.bulbagarden.net/wiki/Poliwhirl_(Pok%C3%A9mon),https://www.serebii.net/pokedex-bw/061.shtml
poliwrath,62,baseline_match_not_all_games_verified,,"{""evolvesFrom"":""poliwhirl"",""evoFromItem"":""waterstone""}",39,https://bulbapedia.bulbagarden.net/wiki/Poliwrath_(Pok%C3%A9mon),
poltchageist-artisan,1012,no_predecessor_species,,{},,https://bulbapedia.bulbagarden.net/wiki/Poltchageist_(Pok%C3%A9mon),
poltchageist,1012,no_predecessor_species,,{},,https://bulbapedia.bulbagarden.net/wiki/Poltchageist_(Pok%C3%A9mon),
polteageist-antique,855,baseline_match_not_all_games_verified,,"{""evolvesFrom"":""sinistea-antique"",""evoFromItem"":""chippedpot""}",552,https://bulbapedia.bulbagarden.net/wiki/Polteageist_(Pok%C3%A9mon),https://www.serebii.net/pokedex-sv/polteageist/;https://www.serebii.net/pokedex-swsh/polteageist/
polteageist,855,baseline_match_not_all_games_verified,,"{""evolvesFrom"":""sinistea"",""evoFromItem"":""crackedpot""}",436,https://bulbapedia.bulbagarden.net/wiki/Polteageist_(Pok%C3%A9mon),https://www.serebii.net/pokedex-sv/polteageist/;https://www.serebii.net/pokedex-swsh/polteageist/
ponyta-galar,77,no_predecessor_species,,{},,https://bulbapedia.bulbagarden.net/wiki/Ponyta_(Pok%C3%A9mon),https://www.serebii.net/pokedex-sm/077.shtml;https://www.serebii.net/pokedex-swsh/ponyta/
ponyta,77,no_predecessor_species,,{},,https://bulbapedia.bulbagarden.net/wiki/Ponyta_(Pok%C3%A9mon),https://www.serebii.net/pokedex-sm/077.shtml;https://www.serebii.net/pokedex-swsh/ponyta/
poochyena,261,no_predecessor_species,,{},,https://bulbapedia.bulbagarden.net/wiki/Poochyena_(Pok%C3%A9mon),https://www.serebii.net/pokedex-sm/261.shtml
popplio,728,no_predecessor_species,,{},,https://bulbapedia.bulbagarden.net/wiki/Popplio_(Pok%C3%A9mon),
porygon,137,no_predecessor_species,,{},,https://bulbapedia.bulbagarden.net/wiki/Porygon_(Pok%C3%A9mon),https://www.serebii.net/pokedex-bw/137.shtml
porygon2,233,has_findings,E01;E11;E14,"{""evolvesFrom"":""porygon"",""evoFromItem"":""upgrade""}",125,https://bulbapedia.bulbagarden.net/wiki/Porygon2_(Pok%C3%A9mon),https://www.serebii.net/pokedex-bw/233.shtml
porygonz,474,has_findings,E01;E11;E14,"{""evolvesFrom"":""porygon2"",""evoFromItem"":""dubiousdisc""}",242,https://bulbapedia.bulbagarden.net/wiki/Porygon-Z_(Pok%C3%A9mon),https://www.serebii.net/pokedex-bw/474.shtml
primarina,730,baseline_match_not_all_games_verified,,"{""evolvesFrom"":""brionne"",""evoFromLevel"":34}",378,https://bulbapedia.bulbagarden.net/wiki/Primarina_(Pok%C3%A9mon),
primeape,57,baseline_match_not_all_games_verified,,"{""evolvesFrom"":""mankey"",""evoFromLevel"":28}",36,https://bulbapedia.bulbagarden.net/wiki/Primeape_(Pok%C3%A9mon),https://www.serebii.net/pokedex-sm/057.shtml
prinplup,394,baseline_match_not_all_games_verified,,"{""evolvesFrom"":""piplup"",""evoFromLevel"":16}",196,https://bulbapedia.bulbagarden.net/wiki/Prinplup_(Pok%C3%A9mon),https://www.serebii.net/pokedex-sm/394.shtml
probopass,476,has_findings,E13;E27,"{""evolvesFrom"":""nosepass"",""evoFromCondition"":""near a special magnetic field""}",244;323;365;369;370;514;547,https://bulbapedia.bulbagarden.net/wiki/Probopass_(Pok%C3%A9mon),
psyduck,54,no_predecessor_species,,{},,https://bulbapedia.bulbagarden.net/wiki/Psyduck_(Pok%C3%A9mon),https://www.serebii.net/pokedex-bw/054.shtml
pumpkaboo-large,710,no_predecessor_species,,{},,https://bulbapedia.bulbagarden.net/wiki/Pumpkaboo_(Pok%C3%A9mon),https://www.serebii.net/pokedex-sm/710.shtml;https://www.serebii.net/pokedex-swsh/pumpkaboo/;https://www.serebii.net/pokedex-xy/710.shtml
pumpkaboo-small,710,no_predecessor_species,,{},,https://bulbapedia.bulbagarden.net/wiki/Pumpkaboo_(Pok%C3%A9mon),https://www.serebii.net/pokedex-sm/710.shtml;https://www.serebii.net/pokedex-swsh/pumpkaboo/;https://www.serebii.net/pokedex-xy/710.shtml
pumpkaboo-super,710,no_predecessor_species,,{},,https://bulbapedia.bulbagarden.net/wiki/Pumpkaboo_(Pok%C3%A9mon),https://www.serebii.net/pokedex-sm/710.shtml;https://www.serebii.net/pokedex-swsh/pumpkaboo/;https://www.serebii.net/pokedex-xy/710.shtml
pumpkaboo,710,no_predecessor_species,,{},,https://bulbapedia.bulbagarden.net/wiki/Pumpkaboo_(Pok%C3%A9mon),https://www.serebii.net/pokedex-sm/710.shtml;https://www.serebii.net/pokedex-swsh/pumpkaboo/;https://www.serebii.net/pokedex-xy/710.shtml
pupitar,247,baseline_match_not_all_games_verified,,"{""evolvesFrom"":""larvitar"",""evoFromLevel"":30}",128,https://bulbapedia.bulbagarden.net/wiki/Pupitar_(Pok%C3%A9mon),https://www.serebii.net/pokedex-sm/247.shtml;https://www.serebii.net/pokedex-swsh/pupitar/
purrloin,509,no_predecessor_species,,{},,https://bulbapedia.bulbagarden.net/wiki/Purrloin_(Pok%C3%A9mon),https://www.serebii.net/pokedex-sm/509.shtml
purugly,432,baseline_match_not_all_games_verified,,"{""evolvesFrom"":""glameow"",""evoFromLevel"":38}",218,https://bulbapedia.bulbagarden.net/wiki/Purugly_(Pok%C3%A9mon),https://www.serebii.net/pokedex-bw/432.shtml;https://www.serebii.net/pokedex-sm/432.shtml;https://www.serebii.net/pokedex-swsh/purugly/
pyroar-f,668,baseline_match_not_all_games_verified,,"{""evolvesFrom"":""litleo"",""evoFromLevel"":35}",356,https://bulbapedia.bulbagarden.net/wiki/Pyroar_(Pok%C3%A9mon),https://www.serebii.net/pokedex-sm/668.shtml;https://www.serebii.net/pokedex-sv/pyroar/
pyroar-mega,668,transformation_not_species_evolution,,{},356,https://bulbapedia.bulbagarden.net/wiki/Pyroar_(Pok%C3%A9mon),https://www.serebii.net/pokedex-sm/668.shtml;https://www.serebii.net/pokedex-sv/pyroar/
pyroar,668,baseline_match_not_all_games_verified,,"{""evolvesFrom"":""litleo"",""evoFromLevel"":35}",356,https://bulbapedia.bulbagarden.net/wiki/Pyroar_(Pok%C3%A9mon),https://www.serebii.net/pokedex-sm/668.shtml;https://www.serebii.net/pokedex-sv/pyroar/
pyukumuku,771,no_predecessor_species,,{},,https://bulbapedia.bulbagarden.net/wiki/Pyukumuku_(Pok%C3%A9mon),
quagsire-f,195,has_findings,E25,"{""evolvesFrom"":""wooper"",""evoFromLevel"":20}",108,https://bulbapedia.bulbagarden.net/wiki/Quagsire_(Pok%C3%A9mon),https://www.serebii.net/pokedex-sm/195.shtml
quagsire,195,baseline_match_not_all_games_verified,,"{""evolvesFrom"":""wooper"",""evoFromLevel"":20}",108,https://bulbapedia.bulbagarden.net/wiki/Quagsire_(Pok%C3%A9mon),https://www.serebii.net/pokedex-sm/195.shtml
quaquaval,914,baseline_match_not_all_games_verified,,"{""evolvesFrom"":""quaxwell"",""evoFromLevel"":36}",473,https://bulbapedia.bulbagarden.net/wiki/Quaquaval_(Pok%C3%A9mon),
quaxly,912,no_predecessor_species,,{},,https://bulbapedia.bulbagarden.net/wiki/Quaxly_(Pok%C3%A9mon),
quaxwell,913,baseline_match_not_all_games_verified,,"{""evolvesFrom"":""quaxly"",""evoFromLevel"":16}",472,https://bulbapedia.bulbagarden.net/wiki/Quaxwell_(Pok%C3%A9mon),
quilava,156,has_findings,E16,"{""evolvesFrom"":""cyndaquil"",""evoFromLevel"":14}",86;525,https://bulbapedia.bulbagarden.net/wiki/Quilava_(Pok%C3%A9mon),https://www.serebii.net/pokedex-sm/156.shtml
quilladin,651,baseline_match_not_all_games_verified,,"{""evolvesFrom"":""chespin"",""evoFromLevel"":16}",334,https://bulbapedia.bulbagarden.net/wiki/Quilladin_(Pok%C3%A9mon),https://www.serebii.net/pokedex-sm/651.shtml
qwilfish-hisui,211,no_predecessor_species,,{},,https://bulbapedia.bulbagarden.net/wiki/Qwilfish_(Pok%C3%A9mon),https://www.serebii.net/pokedex-sm/211.shtml;https://www.serebii.net/pokedex-swsh/qwilfish/
qwilfish,211,no_predecessor_species,,{},,https://bulbapedia.bulbagarden.net/wiki/Qwilfish_(Pok%C3%A9mon),https://www.serebii.net/pokedex-sm/211.shtml;https://www.serebii.net/pokedex-swsh/qwilfish/
raboot,814,baseline_match_not_all_games_verified,,"{""evolvesFrom"":""scorbunny"",""evoFromLevel"":16}",413,https://bulbapedia.bulbagarden.net/wiki/Raboot_(Pok%C3%A9mon),
rabsca,954,has_findings,E21;E27,"{""evolvesFrom"":""rellor"",""evoFromCondition"":""walk 1000 steps in Let's Go""}",494,https://bulbapedia.bulbagarden.net/wiki/Rabsca_(Pok%C3%A9mon),
ragingbolt,1021,no_predecessor_species,,{},,https://bulbapedia.bulbagarden.net/wiki/Raging_Bolt_(Pok%C3%A9mon),
raichu-alola,26,has_findings,E18,"{""evolvesFrom"":""pikachu"",""evoFromItem"":""thunderstone""}",517,https://bulbapedia.bulbagarden.net/wiki/Raichu_(Pok%C3%A9mon),https://www.serebii.net/pokedex-sm/026.shtml
raichu-f,26,has_findings,E18;E25,"{""evolvesFrom"":""pikachu"",""evoFromItem"":""thunderstone""}",17,https://bulbapedia.bulbagarden.net/wiki/Raichu_(Pok%C3%A9mon),https://www.serebii.net/pokedex-sm/026.shtml
raichu-mega-x,26,transformation_not_species_evolution,,{},,https://bulbapedia.bulbagarden.net/wiki/Raichu_(Pok%C3%A9mon),https://www.serebii.net/pokedex-sm/026.shtml
raichu-mega-y,26,transformation_not_species_evolution,,{},,https://bulbapedia.bulbagarden.net/wiki/Raichu_(Pok%C3%A9mon),https://www.serebii.net/pokedex-sm/026.shtml
raichu,26,has_findings,E18,"{""evolvesFrom"":""pikachu"",""evoFromItem"":""thunderstone""}",17,https://bulbapedia.bulbagarden.net/wiki/Raichu_(Pok%C3%A9mon),https://www.serebii.net/pokedex-sm/026.shtml
raikou,243,no_predecessor_species,,{},,https://bulbapedia.bulbagarden.net/wiki/Raikou_(Pok%C3%A9mon),https://www.serebii.net/pokedex-sm/243.shtml;https://www.serebii.net/pokedex-swsh/raikou/
ralts,280,no_predecessor_species,,{},,https://bulbapedia.bulbagarden.net/wiki/Ralts_(Pok%C3%A9mon),https://www.serebii.net/pokedex-bw/280.shtml;https://www.serebii.net/pokedex-sm/280.shtml
rampardos,409,baseline_match_not_all_games_verified,,"{""evolvesFrom"":""cranidos"",""evoFromLevel"":30}",205,https://bulbapedia.bulbagarden.net/wiki/Rampardos_(Pok%C3%A9mon),https://www.serebii.net/pokedex-sm/409.shtml;https://www.serebii.net/pokedex-swsh/rampardos/
rapidash-galar,78,baseline_match_not_all_games_verified,,"{""evolvesFrom"":""ponyta-galar"",""evoFromLevel"":40}",535,https://bulbapedia.bulbagarden.net/wiki/Rapidash_(Pok%C3%A9mon),https://www.serebii.net/pokedex-sm/078.shtml;https://www.serebii.net/pokedex-swsh/rapidash/
rapidash,78,baseline_match_not_all_games_verified,,"{""evolvesFrom"":""ponyta"",""evoFromLevel"":40}",49,https://bulbapedia.bulbagarden.net/wiki/Rapidash_(Pok%C3%A9mon),https://www.serebii.net/pokedex-sm/078.shtml;https://www.serebii.net/pokedex-swsh/rapidash/
raticate-alola,20,has_findings,E27,"{""evolvesFrom"":""rattata-alola"",""evoFromLevel"":20,""evoFromCondition"":""at night""}",461,https://bulbapedia.bulbagarden.net/wiki/Raticate_(Pok%C3%A9mon),https://www.serebii.net/pokedex-sm/020.shtml;https://www.serebii.net/pokedex-swsh/raticate/
raticate-f,20,has_findings,E25,"{""evolvesFrom"":""rattata"",""evoFromLevel"":20}",13,https://bulbapedia.bulbagarden.net/wiki/Raticate_(Pok%C3%A9mon),https://www.serebii.net/pokedex-sm/020.shtml;https://www.serebii.net/pokedex-swsh/raticate/
raticate,20,baseline_match_not_all_games_verified,,"{""evolvesFrom"":""rattata"",""evoFromLevel"":20}",13,https://bulbapedia.bulbagarden.net/wiki/Raticate_(Pok%C3%A9mon),https://www.serebii.net/pokedex-sm/020.shtml;https://www.serebii.net/pokedex-swsh/raticate/
rattata-alola,19,no_predecessor_species,,{},,https://bulbapedia.bulbagarden.net/wiki/Rattata_(Pok%C3%A9mon),https://www.serebii.net/pokedex-sm/019.shtml;https://www.serebii.net/pokedex-swsh/rattata/
rattata-f,19,no_predecessor_species,,{},,https://bulbapedia.bulbagarden.net/wiki/Rattata_(Pok%C3%A9mon),https://www.serebii.net/pokedex-sm/019.shtml;https://www.serebii.net/pokedex-swsh/rattata/
rattata,19,no_predecessor_species,,{},,https://bulbapedia.bulbagarden.net/wiki/Rattata_(Pok%C3%A9mon),https://www.serebii.net/pokedex-sm/019.shtml;https://www.serebii.net/pokedex-swsh/rattata/
rayquaza-mega,384,transformation_not_species_evolution,,{},,https://bulbapedia.bulbagarden.net/wiki/Rayquaza_(Pok%C3%A9mon),https://www.serebii.net/pokedex-sm/384.shtml;https://www.serebii.net/pokedex-swsh/rayquaza/;https://www.serebii.net/pokedex-xy/384.shtml
rayquaza,384,no_predecessor_species,,{},,https://bulbapedia.bulbagarden.net/wiki/Rayquaza_(Pok%C3%A9mon),https://www.serebii.net/pokedex-sm/384.shtml;https://www.serebii.net/pokedex-swsh/rayquaza/;https://www.serebii.net/pokedex-xy/384.shtml
regice,378,no_predecessor_species,,{},,https://bulbapedia.bulbagarden.net/wiki/Regice_(Pok%C3%A9mon),https://www.serebii.net/pokedex-sm/378.shtml
regidrago,895,no_predecessor_species,,{},,https://bulbapedia.bulbagarden.net/wiki/Regidrago_(Pok%C3%A9mon),
regieleki,894,no_predecessor_species,,{},,https://bulbapedia.bulbagarden.net/wiki/Regieleki_(Pok%C3%A9mon),
regigigas,486,no_predecessor_species,,{},,https://bulbapedia.bulbagarden.net/wiki/Regigigas_(Pok%C3%A9mon),https://www.serebii.net/pokedex-sm/486.shtml
regirock,377,no_predecessor_species,,{},,https://bulbapedia.bulbagarden.net/wiki/Regirock_(Pok%C3%A9mon),https://www.serebii.net/pokedex-sm/377.shtml
registeel,379,no_predecessor_species,,{},,https://bulbapedia.bulbagarden.net/wiki/Registeel_(Pok%C3%A9mon),https://www.serebii.net/pokedex-sm/379.shtml
relicanth-f,369,no_predecessor_species,,{},,https://bulbapedia.bulbagarden.net/wiki/Relicanth_(Pok%C3%A9mon),
relicanth,369,no_predecessor_species,,{},,https://bulbapedia.bulbagarden.net/wiki/Relicanth_(Pok%C3%A9mon),
rellor,953,no_predecessor_species,,{},,https://bulbapedia.bulbagarden.net/wiki/Rellor_(Pok%C3%A9mon),
remoraid,223,no_predecessor_species,,{},,https://bulbapedia.bulbagarden.net/wiki/Remoraid_(Pok%C3%A9mon),https://www.serebii.net/pokedex-sm/223.shtml
reshiram,643,no_predecessor_species,,{},,https://bulbapedia.bulbagarden.net/wiki/Reshiram_(Pok%C3%A9mon),https://www.serebii.net/pokedex-sm/643.shtml;https://www.serebii.net/pokedex-swsh/reshiram/
reuniclus,579,baseline_match_not_all_games_verified,,"{""evolvesFrom"":""duosion"",""evoFromLevel"":41}",292,https://bulbapedia.bulbagarden.net/wiki/Reuniclus_(Pok%C3%A9mon),https://www.serebii.net/pokedex-sm/579.shtml;https://www.serebii.net/pokedex-swsh/reuniclus/
revavroom,966,baseline_match_not_all_games_verified,,"{""evolvesFrom"":""varoom"",""evoFromLevel"":40}",500,https://bulbapedia.bulbagarden.net/wiki/Revavroom_(Pok%C3%A9mon),
rhydon-f,112,has_findings,E25,"{""evolvesFrom"":""rhyhorn"",""evoFromLevel"":42}",66,https://bulbapedia.bulbagarden.net/wiki/Rhydon_(Pok%C3%A9mon),https://www.serebii.net/pokedex-bw/112.shtml
rhydon,112,baseline_match_not_all_games_verified,,"{""evolvesFrom"":""rhyhorn"",""evoFromLevel"":42}",66,https://bulbapedia.bulbagarden.net/wiki/Rhydon_(Pok%C3%A9mon),https://www.serebii.net/pokedex-bw/112.shtml
rhyhorn-f,111,no_predecessor_species,,{},,https://bulbapedia.bulbagarden.net/wiki/Rhyhorn_(Pok%C3%A9mon),https://www.serebii.net/pokedex-bw/111.shtml
rhyhorn,111,no_predecessor_species,,{},,https://bulbapedia.bulbagarden.net/wiki/Rhyhorn_(Pok%C3%A9mon),https://www.serebii.net/pokedex-bw/111.shtml
rhyperior-f,464,has_findings,E01;E11;E14;E25,"{""evolvesFrom"":""rhydon"",""evoFromItem"":""protector""}",232,https://bulbapedia.bulbagarden.net/wiki/Rhyperior_(Pok%C3%A9mon),https://www.serebii.net/pokedex-bw/464.shtml
rhyperior,464,has_findings,E01;E11;E14,"{""evolvesFrom"":""rhydon"",""evoFromItem"":""protector""}",232,https://bulbapedia.bulbagarden.net/wiki/Rhyperior_(Pok%C3%A9mon),https://www.serebii.net/pokedex-bw/464.shtml
ribombee,743,baseline_match_not_all_games_verified,,"{""evolvesFrom"":""cutiefly"",""evoFromLevel"":25}",385,https://bulbapedia.bulbagarden.net/wiki/Ribombee_(Pok%C3%A9mon),
rillaboom-gmax,812,transformation_not_species_evolution,,{},412,https://bulbapedia.bulbagarden.net/wiki/Rillaboom_(Pok%C3%A9mon),https://www.serebii.net/pokedex-sv/rillaboom/;https://www.serebii.net/pokedex-swsh/rillaboom/
rillaboom,812,baseline_match_not_all_games_verified,,"{""evolvesFrom"":""thwackey"",""evoFromLevel"":35}",412,https://bulbapedia.bulbagarden.net/wiki/Rillaboom_(Pok%C3%A9mon),https://www.serebii.net/pokedex-sv/rillaboom/;https://www.serebii.net/pokedex-swsh/rillaboom/
riolu,447,no_predecessor_species,,{},,https://bulbapedia.bulbagarden.net/wiki/Riolu_(Pok%C3%A9mon),https://www.serebii.net/pokedex-bw/447.shtml
roaringmoon,1005,no_predecessor_species,,{},,https://bulbapedia.bulbagarden.net/wiki/Roaring_Moon_(Pok%C3%A9mon),
rockruff,744,no_predecessor_species,,{},,https://bulbapedia.bulbagarden.net/wiki/Rockruff_(Pok%C3%A9mon),
roggenrola,524,no_predecessor_species,,{},,https://bulbapedia.bulbagarden.net/wiki/Roggenrola_(Pok%C3%A9mon),
rolycoly,837,no_predecessor_species,,{},,https://bulbapedia.bulbagarden.net/wiki/Rolycoly_(Pok%C3%A9mon),
rookidee,821,no_predecessor_species,,{},,https://bulbapedia.bulbagarden.net/wiki/Rookidee_(Pok%C3%A9mon),
roselia-f,315,has_findings,E02;E27,"{""evolvesFrom"":""budew"",""evoFromCondition"":""during the day""}",164,https://bulbapedia.bulbagarden.net/wiki/Roselia_(Pok%C3%A9mon),https://www.serebii.net/pokedex-bw/315.shtml;https://www.serebii.net/pokedex-sm/315.shtml
roselia,315,has_findings,E02;E27,"{""evolvesFrom"":""budew"",""evoFromCondition"":""during the day""}",164,https://bulbapedia.bulbagarden.net/wiki/Roselia_(Pok%C3%A9mon),https://www.serebii.net/pokedex-bw/315.shtml;https://www.serebii.net/pokedex-sm/315.shtml
roserade-f,407,has_findings,E25,"{""evolvesFrom"":""roselia"",""evoFromItem"":""shinystone""}",204,https://bulbapedia.bulbagarden.net/wiki/Roserade_(Pok%C3%A9mon),https://www.serebii.net/pokedex-bw/407.shtml;https://www.serebii.net/pokedex-sm/407.shtml
roserade,407,baseline_match_not_all_games_verified,,"{""evolvesFrom"":""roselia"",""evoFromItem"":""shinystone""}",204,https://bulbapedia.bulbagarden.net/wiki/Roserade_(Pok%C3%A9mon),https://www.serebii.net/pokedex-bw/407.shtml;https://www.serebii.net/pokedex-sm/407.shtml
rotom-fan,479,no_predecessor_species,,{},,https://bulbapedia.bulbagarden.net/wiki/Rotom_(Pok%C3%A9mon),https://www.serebii.net/pokedex-bw/479.shtml;https://www.serebii.net/pokedex-dp/479.shtml;https://www.serebii.net/pokedex-sm/479.shtml;https://www.serebii.net/pokedex-xy/479.shtml
rotom-frost,479,no_predecessor_species,,{},,https://bulbapedia.bulbagarden.net/wiki/Rotom_(Pok%C3%A9mon),https://www.serebii.net/pokedex-bw/479.shtml;https://www.serebii.net/pokedex-dp/479.shtml;https://www.serebii.net/pokedex-sm/479.shtml;https://www.serebii.net/pokedex-xy/479.shtml
rotom-heat,479,no_predecessor_species,,{},,https://bulbapedia.bulbagarden.net/wiki/Rotom_(Pok%C3%A9mon),https://www.serebii.net/pokedex-bw/479.shtml;https://www.serebii.net/pokedex-dp/479.shtml;https://www.serebii.net/pokedex-sm/479.shtml;https://www.serebii.net/pokedex-xy/479.shtml
rotom-mow,479,no_predecessor_species,,{},,https://bulbapedia.bulbagarden.net/wiki/Rotom_(Pok%C3%A9mon),https://www.serebii.net/pokedex-bw/479.shtml;https://www.serebii.net/pokedex-dp/479.shtml;https://www.serebii.net/pokedex-sm/479.shtml;https://www.serebii.net/pokedex-xy/479.shtml
rotom-wash,479,no_predecessor_species,,{},,https://bulbapedia.bulbagarden.net/wiki/Rotom_(Pok%C3%A9mon),https://www.serebii.net/pokedex-bw/479.shtml;https://www.serebii.net/pokedex-dp/479.shtml;https://www.serebii.net/pokedex-sm/479.shtml;https://www.serebii.net/pokedex-xy/479.shtml
rotom,479,no_predecessor_species,,{},,https://bulbapedia.bulbagarden.net/wiki/Rotom_(Pok%C3%A9mon),https://www.serebii.net/pokedex-bw/479.shtml;https://www.serebii.net/pokedex-dp/479.shtml;https://www.serebii.net/pokedex-sm/479.shtml;https://www.serebii.net/pokedex-xy/479.shtml
rowlet,722,no_predecessor_species,,{},,https://bulbapedia.bulbagarden.net/wiki/Rowlet_(Pok%C3%A9mon),
rufflet,627,no_predecessor_species,,{},,https://bulbapedia.bulbagarden.net/wiki/Rufflet_(Pok%C3%A9mon),https://www.serebii.net/pokedex-sm/627.shtml;https://www.serebii.net/pokedex-swsh/rufflet/
runerigus,867,has_findings,E17;E27;E29,"{""evolvesFrom"":""yamask-galar"",""evoFromCondition"":""Have 49+ HP lost and walk under stone sculpture in Dusty Bowl""}",459,https://bulbapedia.bulbagarden.net/wiki/Runerigus_(Pok%C3%A9mon),
sableye-mega,302,transformation_not_species_evolution,,{},,https://bulbapedia.bulbagarden.net/wiki/Sableye_(Pok%C3%A9mon),https://www.serebii.net/pokedex-bw/302.shtml;https://www.serebii.net/pokedex-sm/302.shtml;https://www.serebii.net/pokedex-swsh/sableye/;https://www.serebii.net/pokedex-xy/302.shtml
sableye,302,no_predecessor_species,,{},,https://bulbapedia.bulbagarden.net/wiki/Sableye_(Pok%C3%A9mon),https://www.serebii.net/pokedex-bw/302.shtml;https://www.serebii.net/pokedex-sm/302.shtml;https://www.serebii.net/pokedex-swsh/sableye/;https://www.serebii.net/pokedex-xy/302.shtml
salamence-mega,373,transformation_not_species_evolution,,{},189,https://bulbapedia.bulbagarden.net/wiki/Salamence_(Pok%C3%A9mon),https://www.serebii.net/pokedex-bw/373.shtml;https://www.serebii.net/pokedex-sm/373.shtml;https://www.serebii.net/pokedex-swsh/salamence/;https://www.serebii.net/pokedex-xy/373.shtml
salamence,373,baseline_match_not_all_games_verified,,"{""evolvesFrom"":""shelgon"",""evoFromLevel"":50}",189,https://bulbapedia.bulbagarden.net/wiki/Salamence_(Pok%C3%A9mon),https://www.serebii.net/pokedex-bw/373.shtml;https://www.serebii.net/pokedex-sm/373.shtml;https://www.serebii.net/pokedex-swsh/salamence/;https://www.serebii.net/pokedex-xy/373.shtml
salandit,757,no_predecessor_species,,{},,https://bulbapedia.bulbagarden.net/wiki/Salandit_(Pok%C3%A9mon),
salazzle,758,has_findings,E03,"{""evolvesFrom"":""salandit"",""evoFromLevel"":33}",393,https://bulbapedia.bulbagarden.net/wiki/Salazzle_(Pok%C3%A9mon),
samurott-hisui,503,has_findings,E18,"{""evolvesFrom"":""dewott"",""evoFromLevel"":36}",527,https://bulbapedia.bulbagarden.net/wiki/Samurott_(Pok%C3%A9mon),https://www.serebii.net/pokedex-sm/503.shtml;https://www.serebii.net/pokedex-swsh/samurott/
samurott,503,has_findings,E18,"{""evolvesFrom"":""dewott"",""evoFromLevel"":36}",252,https://bulbapedia.bulbagarden.net/wiki/Samurott_(Pok%C3%A9mon),https://www.serebii.net/pokedex-sm/503.shtml;https://www.serebii.net/pokedex-swsh/samurott/
sandaconda-gmax,844,transformation_not_species_evolution,,{},431,https://bulbapedia.bulbagarden.net/wiki/Sandaconda_(Pok%C3%A9mon),https://www.serebii.net/pokedex-sv/sandaconda/;https://www.serebii.net/pokedex-swsh/sandaconda/
sandaconda,844,baseline_match_not_all_games_verified,,"{""evolvesFrom"":""silicobra"",""evoFromLevel"":36}",431,https://bulbapedia.bulbagarden.net/wiki/Sandaconda_(Pok%C3%A9mon),https://www.serebii.net/pokedex-sv/sandaconda/;https://www.serebii.net/pokedex-swsh/sandaconda/
sandile,551,no_predecessor_species,,{},,https://bulbapedia.bulbagarden.net/wiki/Sandile_(Pok%C3%A9mon),
sandshrew-alola,27,no_predecessor_species,,{},,https://bulbapedia.bulbagarden.net/wiki/Sandshrew_(Pok%C3%A9mon),https://www.serebii.net/pokedex-sm/027.shtml;https://www.serebii.net/pokedex-sv/sandshrew/;https://www.serebii.net/pokedex-swsh/sandshrew/
sandshrew,27,no_predecessor_species,,{},,https://bulbapedia.bulbagarden.net/wiki/Sandshrew_(Pok%C3%A9mon),https://www.serebii.net/pokedex-sm/027.shtml;https://www.serebii.net/pokedex-sv/sandshrew/;https://www.serebii.net/pokedex-swsh/sandshrew/
sandslash-alola,28,baseline_match_not_all_games_verified,,"{""evolvesFrom"":""sandshrew-alola"",""evoFromItem"":""icestone""}",448,https://bulbapedia.bulbagarden.net/wiki/Sandslash_(Pok%C3%A9mon),https://www.serebii.net/pokedex-sm/028.shtml;https://www.serebii.net/pokedex-sv/sandslash/;https://www.serebii.net/pokedex-swsh/sandslash/
sandslash,28,baseline_match_not_all_games_verified,,"{""evolvesFrom"":""sandshrew"",""evoFromLevel"":22}",18,https://bulbapedia.bulbagarden.net/wiki/Sandslash_(Pok%C3%A9mon),https://www.serebii.net/pokedex-sm/028.shtml;https://www.serebii.net/pokedex-sv/sandslash/;https://www.serebii.net/pokedex-swsh/sandslash/
sandygast,769,no_predecessor_species,,{},,https://bulbapedia.bulbagarden.net/wiki/Sandygast_(Pok%C3%A9mon),
sandyshocks,989,no_predecessor_species,,{},,https://bulbapedia.bulbagarden.net/wiki/Sandy_Shocks_(Pok%C3%A9mon),
sawk,539,no_predecessor_species,,{},,https://bulbapedia.bulbagarden.net/wiki/Sawk_(Pok%C3%A9mon),https://www.serebii.net/pokedex-sm/539.shtml
sawsbuck-autumn,586,has_findings,E04,"{""evolvesFrom"":""deerling"",""evoFromLevel"":34}",580,https://bulbapedia.bulbagarden.net/wiki/Sawsbuck_(Pok%C3%A9mon),https://www.serebii.net/pokedex-bw/586.shtml;https://www.serebii.net/pokedex-sm/586.shtml;https://www.serebii.net/pokedex-xy/586.shtml
sawsbuck-summer,586,has_findings,E04,"{""evolvesFrom"":""deerling"",""evoFromLevel"":34}",579,https://bulbapedia.bulbagarden.net/wiki/Sawsbuck_(Pok%C3%A9mon),https://www.serebii.net/pokedex-bw/586.shtml;https://www.serebii.net/pokedex-sm/586.shtml;https://www.serebii.net/pokedex-xy/586.shtml
sawsbuck-winter,586,has_findings,E04,"{""evolvesFrom"":""deerling"",""evoFromLevel"":34}",581,https://bulbapedia.bulbagarden.net/wiki/Sawsbuck_(Pok%C3%A9mon),https://www.serebii.net/pokedex-bw/586.shtml;https://www.serebii.net/pokedex-sm/586.shtml;https://www.serebii.net/pokedex-xy/586.shtml
sawsbuck,586,baseline_match_not_all_games_verified,,"{""evolvesFrom"":""deerling"",""evoFromLevel"":34}",296,https://bulbapedia.bulbagarden.net/wiki/Sawsbuck_(Pok%C3%A9mon),https://www.serebii.net/pokedex-bw/586.shtml;https://www.serebii.net/pokedex-sm/586.shtml;https://www.serebii.net/pokedex-xy/586.shtml
scatterbug,664,no_predecessor_species,,{},,https://bulbapedia.bulbagarden.net/wiki/Scatterbug_(Pok%C3%A9mon),https://www.serebii.net/pokedex-sm/664.shtml
sceptile-mega,254,transformation_not_species_evolution,,{},131,https://bulbapedia.bulbagarden.net/wiki/Sceptile_(Pok%C3%A9mon),https://www.serebii.net/pokedex-sm/254.shtml;https://www.serebii.net/pokedex-swsh/sceptile/;https://www.serebii.net/pokedex-xy/254.shtml
sceptile,254,baseline_match_not_all_games_verified,,"{""evolvesFrom"":""grovyle"",""evoFromLevel"":36}",131,https://bulbapedia.bulbagarden.net/wiki/Sceptile_(Pok%C3%A9mon),https://www.serebii.net/pokedex-sm/254.shtml;https://www.serebii.net/pokedex-swsh/sceptile/;https://www.serebii.net/pokedex-xy/254.shtml
scizor-f,212,has_findings,E01;E11;E14;E25,"{""evolvesFrom"":""scyther"",""evoFromItem"":""metalcoat""}",116,https://bulbapedia.bulbagarden.net/wiki/Scizor_(Pok%C3%A9mon),https://www.serebii.net/pokedex-sm/212.shtml;https://www.serebii.net/pokedex-swsh/scizor/;https://www.serebii.net/pokedex-xy/212.shtml
scizor-mega,212,transformation_not_species_evolution,,{},116,https://bulbapedia.bulbagarden.net/wiki/Scizor_(Pok%C3%A9mon),https://www.serebii.net/pokedex-sm/212.shtml;https://www.serebii.net/pokedex-swsh/scizor/;https://www.serebii.net/pokedex-xy/212.shtml
scizor,212,has_findings,E01;E11;E14,"{""evolvesFrom"":""scyther"",""evoFromItem"":""metalcoat""}",116,https://bulbapedia.bulbagarden.net/wiki/Scizor_(Pok%C3%A9mon),https://www.serebii.net/pokedex-sm/212.shtml;https://www.serebii.net/pokedex-swsh/scizor/;https://www.serebii.net/pokedex-xy/212.shtml
scolipede-mega,545,transformation_not_species_evolution,,{},275,https://bulbapedia.bulbagarden.net/wiki/Scolipede_(Pok%C3%A9mon),https://www.serebii.net/pokedex-sm/545.shtml;https://www.serebii.net/pokedex-sv/scolipede/
scolipede,545,baseline_match_not_all_games_verified,,"{""evolvesFrom"":""whirlipede"",""evoFromLevel"":30}",275,https://bulbapedia.bulbagarden.net/wiki/Scolipede_(Pok%C3%A9mon),https://www.serebii.net/pokedex-sm/545.shtml;https://www.serebii.net/pokedex-sv/scolipede/
scorbunny,813,no_predecessor_species,,{},,https://bulbapedia.bulbagarden.net/wiki/Scorbunny_(Pok%C3%A9mon),
scovillain-mega,952,transformation_not_species_evolution,,{},493,https://bulbapedia.bulbagarden.net/wiki/Scovillain_(Pok%C3%A9mon),https://www.serebii.net/pokedex-sv/scovillain/
scovillain,952,baseline_match_not_all_games_verified,,"{""evolvesFrom"":""capsakid"",""evoFromItem"":""firestone""}",493,https://bulbapedia.bulbagarden.net/wiki/Scovillain_(Pok%C3%A9mon),https://www.serebii.net/pokedex-sv/scovillain/
scrafty-mega,560,transformation_not_species_evolution,,{},282,https://bulbapedia.bulbagarden.net/wiki/Scrafty_(Pok%C3%A9mon),https://www.serebii.net/pokedex-sm/560.shtml;https://www.serebii.net/pokedex-sv/scrafty/;https://www.serebii.net/pokedex-swsh/scrafty/
scrafty,560,baseline_match_not_all_games_verified,,"{""evolvesFrom"":""scraggy"",""evoFromLevel"":39}",282,https://bulbapedia.bulbagarden.net/wiki/Scrafty_(Pok%C3%A9mon),https://www.serebii.net/pokedex-sm/560.shtml;https://www.serebii.net/pokedex-sv/scrafty/;https://www.serebii.net/pokedex-swsh/scrafty/
scraggy,559,no_predecessor_species,,{},,https://bulbapedia.bulbagarden.net/wiki/Scraggy_(Pok%C3%A9mon),https://www.serebii.net/pokedex-sm/559.shtml;https://www.serebii.net/pokedex-swsh/scraggy/
screamtail,985,no_predecessor_species,,{},,https://bulbapedia.bulbagarden.net/wiki/Scream_Tail_(Pok%C3%A9mon),
scyther-f,123,no_predecessor_species,,{},,https://bulbapedia.bulbagarden.net/wiki/Scyther_(Pok%C3%A9mon),https://www.serebii.net/pokedex-sm/123.shtml;https://www.serebii.net/pokedex-swsh/scyther/
scyther,123,no_predecessor_species,,{},,https://bulbapedia.bulbagarden.net/wiki/Scyther_(Pok%C3%A9mon),https://www.serebii.net/pokedex-sm/123.shtml;https://www.serebii.net/pokedex-swsh/scyther/
seadra,117,baseline_match_not_all_games_verified,,"{""evolvesFrom"":""horsea"",""evoFromLevel"":32}",68,https://bulbapedia.bulbagarden.net/wiki/Seadra_(Pok%C3%A9mon),
seaking-f,119,has_findings,E25,"{""evolvesFrom"":""goldeen"",""evoFromLevel"":33}",69,https://bulbapedia.bulbagarden.net/wiki/Seaking_(Pok%C3%A9mon),
seaking,119,baseline_match_not_all_games_verified,,"{""evolvesFrom"":""goldeen"",""evoFromLevel"":33}",69,https://bulbapedia.bulbagarden.net/wiki/Seaking_(Pok%C3%A9mon),
sealeo,364,baseline_match_not_all_games_verified,,"{""evolvesFrom"":""spheal"",""evoFromLevel"":32}",184,https://bulbapedia.bulbagarden.net/wiki/Sealeo_(Pok%C3%A9mon),
seedot,273,no_predecessor_species,,{},,https://bulbapedia.bulbagarden.net/wiki/Seedot_(Pok%C3%A9mon),https://www.serebii.net/pokedex-bw/273.shtml;https://www.serebii.net/pokedex-sm/273.shtml;https://www.serebii.net/pokedex-swsh/seedot/
seel,86,no_predecessor_species,,{},,https://bulbapedia.bulbagarden.net/wiki/Seel_(Pok%C3%A9mon),https://www.serebii.net/pokedex-sm/086.shtml;https://www.serebii.net/pokedex-swsh/seel/
seismitoad,537,baseline_match_not_all_games_verified,,"{""evolvesFrom"":""palpitoad"",""evoFromLevel"":36}",271,https://bulbapedia.bulbagarden.net/wiki/Seismitoad_(Pok%C3%A9mon),https://www.serebii.net/pokedex-sm/537.shtml
sentret,161,no_predecessor_species,,{},,https://bulbapedia.bulbagarden.net/wiki/Sentret_(Pok%C3%A9mon),https://www.serebii.net/pokedex-sm/161.shtml
serperior,497,baseline_match_not_all_games_verified,,"{""evolvesFrom"":""servine"",""evoFromLevel"":36}",248,https://bulbapedia.bulbagarden.net/wiki/Serperior_(Pok%C3%A9mon),https://www.serebii.net/pokedex-sm/497.shtml
servine,496,baseline_match_not_all_games_verified,,"{""evolvesFrom"":""snivy"",""evoFromLevel"":17}",247,https://bulbapedia.bulbagarden.net/wiki/Servine_(Pok%C3%A9mon),https://www.serebii.net/pokedex-sm/496.shtml
seviper,336,no_predecessor_species,,{},,https://bulbapedia.bulbagarden.net/wiki/Seviper_(Pok%C3%A9mon),https://www.serebii.net/pokedex-sm/336.shtml;https://www.serebii.net/pokedex-swsh/seviper/
sewaddle,540,no_predecessor_species,,{},,https://bulbapedia.bulbagarden.net/wiki/Sewaddle_(Pok%C3%A9mon),
sharpedo-mega,319,transformation_not_species_evolution,,{},166,https://bulbapedia.bulbagarden.net/wiki/Sharpedo_(Pok%C3%A9mon),https://www.serebii.net/pokedex-dp/319.shtml;https://www.serebii.net/pokedex-sm/319.shtml;https://www.serebii.net/pokedex-swsh/sharpedo/;https://www.serebii.net/pokedex-xy/319.shtml
sharpedo,319,baseline_match_not_all_games_verified,,"{""evolvesFrom"":""carvanha"",""evoFromLevel"":30}",166,https://bulbapedia.bulbagarden.net/wiki/Sharpedo_(Pok%C3%A9mon),https://www.serebii.net/pokedex-dp/319.shtml;https://www.serebii.net/pokedex-sm/319.shtml;https://www.serebii.net/pokedex-swsh/sharpedo/;https://www.serebii.net/pokedex-xy/319.shtml
shaymin-sky,492,no_predecessor_species,,{},,https://bulbapedia.bulbagarden.net/wiki/Shaymin_(Pok%C3%A9mon),https://www.serebii.net/pokedex-bw/492.shtml;https://www.serebii.net/pokedex-dp/492.shtml;https://www.serebii.net/pokedex-sm/492.shtml;https://www.serebii.net/pokedex-xy/492.shtml
shaymin,492,no_predecessor_species,,{},,https://bulbapedia.bulbagarden.net/wiki/Shaymin_(Pok%C3%A9mon),https://www.serebii.net/pokedex-bw/492.shtml;https://www.serebii.net/pokedex-dp/492.shtml;https://www.serebii.net/pokedex-sm/492.shtml;https://www.serebii.net/pokedex-xy/492.shtml
shedinja,292,has_findings,E07,"{""evolvesFrom"":""nincada"",""evoFromLevel"":20}",155,https://bulbapedia.bulbagarden.net/wiki/Shedinja_(Pok%C3%A9mon),https://www.serebii.net/pokedex-sm/292.shtml
shelgon,372,baseline_match_not_all_games_verified,,"{""evolvesFrom"":""bagon"",""evoFromLevel"":30}",188,https://bulbapedia.bulbagarden.net/wiki/Shelgon_(Pok%C3%A9mon),https://www.serebii.net/pokedex-bw/372.shtml;https://www.serebii.net/pokedex-swsh/shelgon/
shellder,90,no_predecessor_species,,{},,https://bulbapedia.bulbagarden.net/wiki/Shellder_(Pok%C3%A9mon),
shellos-east,422,no_predecessor_species,,{},,https://bulbapedia.bulbagarden.net/wiki/Shellos_(Pok%C3%A9mon),https://www.serebii.net/pokedex-bw/422.shtml;https://www.serebii.net/pokedex-dp/422.shtml;https://www.serebii.net/pokedex-sm/422.shtml;https://www.serebii.net/pokedex-sv/shellos/;https://www.serebii.net/pokedex-swsh/shellos/;https://www.serebii.net/pokedex-xy/422.shtml
shellos,422,no_predecessor_species,,{},,https://bulbapedia.bulbagarden.net/wiki/Shellos_(Pok%C3%A9mon),https://www.serebii.net/pokedex-bw/422.shtml;https://www.serebii.net/pokedex-dp/422.shtml;https://www.serebii.net/pokedex-sm/422.shtml;https://www.serebii.net/pokedex-sv/shellos/;https://www.serebii.net/pokedex-swsh/shellos/;https://www.serebii.net/pokedex-xy/422.shtml
shelmet,616,no_predecessor_species,,{},,https://bulbapedia.bulbagarden.net/wiki/Shelmet_(Pok%C3%A9mon),https://www.serebii.net/pokedex-sm/616.shtml
shieldon,410,no_predecessor_species,,{},,https://bulbapedia.bulbagarden.net/wiki/Shieldon_(Pok%C3%A9mon),
shiftry-f,275,has_findings,E25,"{""evolvesFrom"":""nuzleaf"",""evoFromItem"":""leafstone""}",145,https://bulbapedia.bulbagarden.net/wiki/Shiftry_(Pok%C3%A9mon),https://www.serebii.net/pokedex-bw/275.shtml;https://www.serebii.net/pokedex-sm/275.shtml;https://www.serebii.net/pokedex-swsh/shiftry/
shiftry,275,baseline_match_not_all_games_verified,,"{""evolvesFrom"":""nuzleaf"",""evoFromItem"":""leafstone""}",145,https://bulbapedia.bulbagarden.net/wiki/Shiftry_(Pok%C3%A9mon),https://www.serebii.net/pokedex-bw/275.shtml;https://www.serebii.net/pokedex-sm/275.shtml;https://www.serebii.net/pokedex-swsh/shiftry/
shiinotic,756,baseline_match_not_all_games_verified,,"{""evolvesFrom"":""morelull"",""evoFromLevel"":24}",392,https://bulbapedia.bulbagarden.net/wiki/Shiinotic_(Pok%C3%A9mon),
shinx-f,403,no_predecessor_species,,{},,https://bulbapedia.bulbagarden.net/wiki/Shinx_(Pok%C3%A9mon),https://www.serebii.net/pokedex-bw/403.shtml;https://www.serebii.net/pokedex-sm/403.shtml
shinx,403,no_predecessor_species,,{},,https://bulbapedia.bulbagarden.net/wiki/Shinx_(Pok%C3%A9mon),https://www.serebii.net/pokedex-bw/403.shtml;https://www.serebii.net/pokedex-sm/403.shtml
shroodle,944,no_predecessor_species,,{},,https://bulbapedia.bulbagarden.net/wiki/Shroodle_(Pok%C3%A9mon),
shroomish,285,no_predecessor_species,,{},,https://bulbapedia.bulbagarden.net/wiki/Shroomish_(Pok%C3%A9mon),https://www.serebii.net/pokedex-sm/285.shtml
shuckle,213,no_predecessor_species,,{},,https://bulbapedia.bulbagarden.net/wiki/Shuckle_(Pok%C3%A9mon),https://www.serebii.net/pokedex-rs/213.shtml;https://www.serebii.net/pokedex-sm/213.shtml
shuppet,353,no_predecessor_species,,{},,https://bulbapedia.bulbagarden.net/wiki/Shuppet_(Pok%C3%A9mon),https://www.serebii.net/pokedex-sm/353.shtml
sigilyph,561,no_predecessor_species,,{},,https://bulbapedia.bulbagarden.net/wiki/Sigilyph_(Pok%C3%A9mon),https://www.serebii.net/pokedex-sm/561.shtml
silcoon,266,has_findings,E08,"{""evolvesFrom"":""wurmple"",""evoFromLevel"":7}",138;563,https://bulbapedia.bulbagarden.net/wiki/Silcoon_(Pok%C3%A9mon),https://www.serebii.net/pokedex-bw/266.shtml;https://www.serebii.net/pokedex-sm/266.shtml
silicobra,843,no_predecessor_species,,{},,https://bulbapedia.bulbagarden.net/wiki/Silicobra_(Pok%C3%A9mon),
silvally-bug,773,intentional_non_evolution_form,,{},399,https://bulbapedia.bulbagarden.net/wiki/Silvally_(Pok%C3%A9mon),https://www.serebii.net/pokedex-sm/773.shtml;https://www.serebii.net/pokedex-swsh/silvally/
silvally-dark,773,intentional_non_evolution_form,,{},399,https://bulbapedia.bulbagarden.net/wiki/Silvally_(Pok%C3%A9mon),https://www.serebii.net/pokedex-sm/773.shtml;https://www.serebii.net/pokedex-swsh/silvally/
silvally-dragon,773,intentional_non_evolution_form,,{},399,https://bulbapedia.bulbagarden.net/wiki/Silvally_(Pok%C3%A9mon),https://www.serebii.net/pokedex-sm/773.shtml;https://www.serebii.net/pokedex-swsh/silvally/
silvally-electric,773,intentional_non_evolution_form,,{},399,https://bulbapedia.bulbagarden.net/wiki/Silvally_(Pok%C3%A9mon),https://www.serebii.net/pokedex-sm/773.shtml;https://www.serebii.net/pokedex-swsh/silvally/
silvally-fairy,773,intentional_non_evolution_form,,{},399,https://bulbapedia.bulbagarden.net/wiki/Silvally_(Pok%C3%A9mon),https://www.serebii.net/pokedex-sm/773.shtml;https://www.serebii.net/pokedex-swsh/silvally/
silvally-fighting,773,intentional_non_evolution_form,,{},399,https://bulbapedia.bulbagarden.net/wiki/Silvally_(Pok%C3%A9mon),https://www.serebii.net/pokedex-sm/773.shtml;https://www.serebii.net/pokedex-swsh/silvally/
silvally-fire,773,intentional_non_evolution_form,,{},399,https://bulbapedia.bulbagarden.net/wiki/Silvally_(Pok%C3%A9mon),https://www.serebii.net/pokedex-sm/773.shtml;https://www.serebii.net/pokedex-swsh/silvally/
silvally-flying,773,intentional_non_evolution_form,,{},399,https://bulbapedia.bulbagarden.net/wiki/Silvally_(Pok%C3%A9mon),https://www.serebii.net/pokedex-sm/773.shtml;https://www.serebii.net/pokedex-swsh/silvally/
silvally-ghost,773,intentional_non_evolution_form,,{},399,https://bulbapedia.bulbagarden.net/wiki/Silvally_(Pok%C3%A9mon),https://www.serebii.net/pokedex-sm/773.shtml;https://www.serebii.net/pokedex-swsh/silvally/
silvally-grass,773,intentional_non_evolution_form,,{},399,https://bulbapedia.bulbagarden.net/wiki/Silvally_(Pok%C3%A9mon),https://www.serebii.net/pokedex-sm/773.shtml;https://www.serebii.net/pokedex-swsh/silvally/
silvally-ground,773,intentional_non_evolution_form,,{},399,https://bulbapedia.bulbagarden.net/wiki/Silvally_(Pok%C3%A9mon),https://www.serebii.net/pokedex-sm/773.shtml;https://www.serebii.net/pokedex-swsh/silvally/
silvally-ice,773,intentional_non_evolution_form,,{},399,https://bulbapedia.bulbagarden.net/wiki/Silvally_(Pok%C3%A9mon),https://www.serebii.net/pokedex-sm/773.shtml;https://www.serebii.net/pokedex-swsh/silvally/
silvally-poison,773,intentional_non_evolution_form,,{},399,https://bulbapedia.bulbagarden.net/wiki/Silvally_(Pok%C3%A9mon),https://www.serebii.net/pokedex-sm/773.shtml;https://www.serebii.net/pokedex-swsh/silvally/
silvally-psychic,773,intentional_non_evolution_form,,{},399,https://bulbapedia.bulbagarden.net/wiki/Silvally_(Pok%C3%A9mon),https://www.serebii.net/pokedex-sm/773.shtml;https://www.serebii.net/pokedex-swsh/silvally/
silvally-rock,773,intentional_non_evolution_form,,{},399,https://bulbapedia.bulbagarden.net/wiki/Silvally_(Pok%C3%A9mon),https://www.serebii.net/pokedex-sm/773.shtml;https://www.serebii.net/pokedex-swsh/silvally/
silvally-steel,773,intentional_non_evolution_form,,{},399,https://bulbapedia.bulbagarden.net/wiki/Silvally_(Pok%C3%A9mon),https://www.serebii.net/pokedex-sm/773.shtml;https://www.serebii.net/pokedex-swsh/silvally/
silvally-water,773,intentional_non_evolution_form,,{},399,https://bulbapedia.bulbagarden.net/wiki/Silvally_(Pok%C3%A9mon),https://www.serebii.net/pokedex-sm/773.shtml;https://www.serebii.net/pokedex-swsh/silvally/
silvally,773,has_findings,E02,"{""evolvesFrom"":""typenull""}",399,https://bulbapedia.bulbagarden.net/wiki/Silvally_(Pok%C3%A9mon),https://www.serebii.net/pokedex-sm/773.shtml;https://www.serebii.net/pokedex-swsh/silvally/
simipour,516,baseline_match_not_all_games_verified,,"{""evolvesFrom"":""panpour"",""evoFromItem"":""waterstone""}",259,https://bulbapedia.bulbagarden.net/wiki/Simipour_(Pok%C3%A9mon),https://www.serebii.net/pokedex-sm/516.shtml
simisage,512,baseline_match_not_all_games_verified,,"{""evolvesFrom"":""pansage"",""evoFromItem"":""leafstone""}",257,https://bulbapedia.bulbagarden.net/wiki/Simisage_(Pok%C3%A9mon),https://www.serebii.net/pokedex-sm/512.shtml
simisear,514,baseline_match_not_all_games_verified,,"{""evolvesFrom"":""pansear"",""evoFromItem"":""firestone""}",258,https://bulbapedia.bulbagarden.net/wiki/Simisear_(Pok%C3%A9mon),https://www.serebii.net/pokedex-sm/514.shtml
sinistcha-masterpiece,1013,baseline_match_not_all_games_verified,,"{""evolvesFrom"":""poltchageist-artisan"",""evoFromItem"":""masterpieceteacup""}",545,https://bulbapedia.bulbagarden.net/wiki/Sinistcha_(Pok%C3%A9mon),https://www.serebii.net/pokedex-sv/sinistcha/
sinistcha,1013,baseline_match_not_all_games_verified,,"{""evolvesFrom"":""poltchageist"",""evoFromItem"":""unremarkableteacup""}",544,https://bulbapedia.bulbagarden.net/wiki/Sinistcha_(Pok%C3%A9mon),https://www.serebii.net/pokedex-sv/sinistcha/
sinistea-antique,854,no_predecessor_species,,{},,https://bulbapedia.bulbagarden.net/wiki/Sinistea_(Pok%C3%A9mon),https://www.serebii.net/pokedex-sv/sinistea/;https://www.serebii.net/pokedex-swsh/sinistea/
sinistea,854,no_predecessor_species,,{},,https://bulbapedia.bulbagarden.net/wiki/Sinistea_(Pok%C3%A9mon),https://www.serebii.net/pokedex-sv/sinistea/;https://www.serebii.net/pokedex-swsh/sinistea/
sirfetchd,865,has_findings,E27,"{""evolvesFrom"":""farfetchd-galar"",""evoFromCondition"":""Land 3 critical hits in 1 battle""}",454,https://bulbapedia.bulbagarden.net/wiki/Sirfetch'd_(Pok%C3%A9mon),https://www.serebii.net/pokedex-swsh/sirfetch'd/
sizzlipede,850,no_predecessor_species,,{},,https://bulbapedia.bulbagarden.net/wiki/Sizzlipede_(Pok%C3%A9mon),
skarmory-mega,227,transformation_not_species_evolution,,{},,https://bulbapedia.bulbagarden.net/wiki/Skarmory_(Pok%C3%A9mon),https://www.serebii.net/pokedex-sv/skarmory/
skarmory,227,no_predecessor_species,,{},,https://bulbapedia.bulbagarden.net/wiki/Skarmory_(Pok%C3%A9mon),https://www.serebii.net/pokedex-sv/skarmory/
skeledirge,911,baseline_match_not_all_games_verified,,"{""evolvesFrom"":""crocalor"",""evoFromLevel"":36}",471,https://bulbapedia.bulbagarden.net/wiki/Skeledirge_(Pok%C3%A9mon),
skiddo,672,no_predecessor_species,,{},,https://bulbapedia.bulbagarden.net/wiki/Skiddo_(Pok%C3%A9mon),https://www.serebii.net/pokedex-sm/672.shtml
skiploom,188,baseline_match_not_all_games_verified,,"{""evolvesFrom"":""hoppip"",""evoFromLevel"":18}",105,https://bulbapedia.bulbagarden.net/wiki/Skiploom_(Pok%C3%A9mon),https://www.serebii.net/pokedex-bw/188.shtml;https://www.serebii.net/pokedex-sm/188.shtml
skitty,300,no_predecessor_species,,{},,https://bulbapedia.bulbagarden.net/wiki/Skitty_(Pok%C3%A9mon),https://www.serebii.net/pokedex-bw/300.shtml;https://www.serebii.net/pokedex-dp/300.shtml;https://www.serebii.net/pokedex-sm/300.shtml
skorupi,451,no_predecessor_species,,{},,https://bulbapedia.bulbagarden.net/wiki/Skorupi_(Pok%C3%A9mon),https://www.serebii.net/pokedex-sm/451.shtml
skrelp,690,no_predecessor_species,,{},,https://bulbapedia.bulbagarden.net/wiki/Skrelp_(Pok%C3%A9mon),https://www.serebii.net/pokedex-sm/690.shtml;https://www.serebii.net/pokedex-swsh/skrelp/
skuntank,435,baseline_match_not_all_games_verified,,"{""evolvesFrom"":""stunky"",""evoFromLevel"":34}",219,https://bulbapedia.bulbagarden.net/wiki/Skuntank_(Pok%C3%A9mon),https://www.serebii.net/pokedex-bw/435.shtml;https://www.serebii.net/pokedex-sm/435.shtml;https://www.serebii.net/pokedex-swsh/skuntank/
skwovet,819,no_predecessor_species,,{},,https://bulbapedia.bulbagarden.net/wiki/Skwovet_(Pok%C3%A9mon),
slaking,289,baseline_match_not_all_games_verified,,"{""evolvesFrom"":""vigoroth"",""evoFromLevel"":36}",153,https://bulbapedia.bulbagarden.net/wiki/Slaking_(Pok%C3%A9mon),https://www.serebii.net/pokedex-bw/289.shtml;https://www.serebii.net/pokedex-sm/289.shtml
slakoth,287,no_predecessor_species,,{},,https://bulbapedia.bulbagarden.net/wiki/Slakoth_(Pok%C3%A9mon),https://www.serebii.net/pokedex-bw/287.shtml;https://www.serebii.net/pokedex-sm/287.shtml
sliggoo-hisui,705,has_findings,E18,"{""evolvesFrom"":""goomy"",""evoFromLevel"":40}",531,https://bulbapedia.bulbagarden.net/wiki/Sliggoo_(Pok%C3%A9mon),https://www.serebii.net/pokedex-swsh/sliggoo/
sliggoo,705,has_findings,E18,"{""evolvesFrom"":""goomy"",""evoFromLevel"":40}",340,https://bulbapedia.bulbagarden.net/wiki/Sliggoo_(Pok%C3%A9mon),https://www.serebii.net/pokedex-swsh/sliggoo/
slitherwing,988,no_predecessor_species,,{},,https://bulbapedia.bulbagarden.net/wiki/Slither_Wing_(Pok%C3%A9mon),
slowbro-galar,80,baseline_match_not_all_games_verified,,"{""evolvesFrom"":""slowpoke-galar"",""evoFromItem"":""galaricacuff""}",452,https://bulbapedia.bulbagarden.net/wiki/Slowbro_(Pok%C3%A9mon),https://www.serebii.net/pokedex-sm/080.shtml;https://www.serebii.net/pokedex-swsh/slowbro/;https://www.serebii.net/pokedex-xy/080.shtml
slowbro-mega,80,transformation_not_species_evolution,,{},,https://bulbapedia.bulbagarden.net/wiki/Slowbro_(Pok%C3%A9mon),https://www.serebii.net/pokedex-sm/080.shtml;https://www.serebii.net/pokedex-swsh/slowbro/;https://www.serebii.net/pokedex-xy/080.shtml
slowbro,80,baseline_match_not_all_games_verified,,"{""evolvesFrom"":""slowpoke"",""evoFromLevel"":37}",50,https://bulbapedia.bulbagarden.net/wiki/Slowbro_(Pok%C3%A9mon),https://www.serebii.net/pokedex-sm/080.shtml;https://www.serebii.net/pokedex-swsh/slowbro/;https://www.serebii.net/pokedex-xy/080.shtml
slowking-galar,199,baseline_match_not_all_games_verified,,"{""evolvesFrom"":""slowpoke-galar"",""evoFromItem"":""galaricawreath""}",453,https://bulbapedia.bulbagarden.net/wiki/Slowking_(Pok%C3%A9mon),https://www.serebii.net/pokedex-swsh/slowking/
slowking,199,has_findings,E01;E11,"{""evolvesFrom"":""slowpoke"",""evoFromItem"":""kingsrock""}",111,https://bulbapedia.bulbagarden.net/wiki/Slowking_(Pok%C3%A9mon),https://www.serebii.net/pokedex-swsh/slowking/
slowpoke-galar,79,no_predecessor_species,,{},,https://bulbapedia.bulbagarden.net/wiki/Slowpoke_(Pok%C3%A9mon),https://www.serebii.net/pokedex-swsh/slowpoke/
slowpoke,79,no_predecessor_species,,{},,https://bulbapedia.bulbagarden.net/wiki/Slowpoke_(Pok%C3%A9mon),https://www.serebii.net/pokedex-swsh/slowpoke/
slugma,218,no_predecessor_species,,{},,https://bulbapedia.bulbagarden.net/wiki/Slugma_(Pok%C3%A9mon),https://www.serebii.net/pokedex-sm/218.shtml
slurpuff,685,has_findings,E01;E11,"{""evolvesFrom"":""swirlix"",""evoFromItem"":""whippeddream""}",350,https://bulbapedia.bulbagarden.net/wiki/Slurpuff_(Pok%C3%A9mon),https://www.serebii.net/pokedex-sm/685.shtml;https://www.serebii.net/pokedex-swsh/slurpuff/
smeargle,235,no_predecessor_species,,{},,https://bulbapedia.bulbagarden.net/wiki/Smeargle_(Pok%C3%A9mon),https://www.serebii.net/pokedex-rs/235.shtml
smoliv,928,no_predecessor_species,,{},,https://bulbapedia.bulbagarden.net/wiki/Smoliv_(Pok%C3%A9mon),
smoochum,238,no_predecessor_species,,{},,https://bulbapedia.bulbagarden.net/wiki/Smoochum_(Pok%C3%A9mon),https://www.serebii.net/pokedex-dp/238.shtml;https://www.serebii.net/pokedex-sm/238.shtml
sneasel-f,215,no_predecessor_species,,{},,https://bulbapedia.bulbagarden.net/wiki/Sneasel_(Pok%C3%A9mon),https://www.serebii.net/pokedex-rs/215.shtml;https://www.serebii.net/pokedex-swsh/sneasel/;https://www.serebii.net/pokedex-xy/215.shtml
sneasel-hisui-f,215,no_predecessor_species,,{},,https://bulbapedia.bulbagarden.net/wiki/Sneasel_(Pok%C3%A9mon),https://www.serebii.net/pokedex-rs/215.shtml;https://www.serebii.net/pokedex-swsh/sneasel/;https://www.serebii.net/pokedex-xy/215.shtml
sneasel-hisui,215,no_predecessor_species,,{},,https://bulbapedia.bulbagarden.net/wiki/Sneasel_(Pok%C3%A9mon),https://www.serebii.net/pokedex-rs/215.shtml;https://www.serebii.net/pokedex-swsh/sneasel/;https://www.serebii.net/pokedex-xy/215.shtml
sneasel,215,no_predecessor_species,,{},,https://bulbapedia.bulbagarden.net/wiki/Sneasel_(Pok%C3%A9mon),https://www.serebii.net/pokedex-rs/215.shtml;https://www.serebii.net/pokedex-swsh/sneasel/;https://www.serebii.net/pokedex-xy/215.shtml
sneasler,903,has_findings,E11;E14;E27,"{""evolvesFrom"":""sneasel-hisui"",""evoFromItem"":""razorclaw"",""evoFromCondition"":""during the day""}",466,https://bulbapedia.bulbagarden.net/wiki/Sneasler_(Pok%C3%A9mon),
snivy,495,no_predecessor_species,,{},,https://bulbapedia.bulbagarden.net/wiki/Snivy_(Pok%C3%A9mon),https://www.serebii.net/pokedex-sm/495.shtml
snom,872,no_predecessor_species,,{},,https://bulbapedia.bulbagarden.net/wiki/Snom_(Pok%C3%A9mon),
snorlax-gmax,143,transformation_not_species_evolution,,{},81,https://bulbapedia.bulbagarden.net/wiki/Snorlax_(Pok%C3%A9mon),https://www.serebii.net/pokedex-sv/snorlax/;https://www.serebii.net/pokedex-swsh/snorlax/
snorlax,143,has_findings,E02,"{""evolvesFrom"":""munchlax""}",81,https://bulbapedia.bulbagarden.net/wiki/Snorlax_(Pok%C3%A9mon),https://www.serebii.net/pokedex-sv/snorlax/;https://www.serebii.net/pokedex-swsh/snorlax/
snorunt,361,no_predecessor_species,,{},,https://bulbapedia.bulbagarden.net/wiki/Snorunt_(Pok%C3%A9mon),https://www.serebii.net/pokedex-dp/361.shtml;https://www.serebii.net/pokedex-swsh/snorunt/
snover-f,459,no_predecessor_species,,{},,https://bulbapedia.bulbagarden.net/wiki/Snover_(Pok%C3%A9mon),https://www.serebii.net/pokedex-dp/459.shtml;https://www.serebii.net/pokedex-sm/459.shtml
snover,459,no_predecessor_species,,{},,https://bulbapedia.bulbagarden.net/wiki/Snover_(Pok%C3%A9mon),https://www.serebii.net/pokedex-dp/459.shtml;https://www.serebii.net/pokedex-sm/459.shtml
snubbull,209,no_predecessor_species,,{},,https://bulbapedia.bulbagarden.net/wiki/Snubbull_(Pok%C3%A9mon),
sobble,816,no_predecessor_species,,{},,https://bulbapedia.bulbagarden.net/wiki/Sobble_(Pok%C3%A9mon),
solgaleo,791,has_findings,E19,"{""evolvesFrom"":""cosmoem"",""evoFromLevel"":53}",403,https://bulbapedia.bulbagarden.net/wiki/Solgaleo_(Pok%C3%A9mon),https://www.serebii.net/pokedex-sm/791.shtml;https://www.serebii.net/pokedex-swsh/solgaleo/
solosis,577,no_predecessor_species,,{},,https://bulbapedia.bulbagarden.net/wiki/Solosis_(Pok%C3%A9mon),https://www.serebii.net/pokedex-sm/577.shtml;https://www.serebii.net/pokedex-swsh/solosis/
solrock,338,no_predecessor_species,,{},,https://bulbapedia.bulbagarden.net/wiki/Solrock_(Pok%C3%A9mon),https://www.serebii.net/pokedex-sm/338.shtml;https://www.serebii.net/pokedex-swsh/solrock/
spearow,21,no_predecessor_species,,{},,https://bulbapedia.bulbagarden.net/wiki/Spearow_(Pok%C3%A9mon),
spectrier,897,no_predecessor_species,,{},,https://bulbapedia.bulbagarden.net/wiki/Spectrier_(Pok%C3%A9mon),
spewpa,665,baseline_match_not_all_games_verified,,"{""evolvesFrom"":""scatterbug"",""evoFromLevel"":9}",342,https://bulbapedia.bulbagarden.net/wiki/Spewpa_(Pok%C3%A9mon),https://www.serebii.net/pokedex-sm/665.shtml
spheal,363,no_predecessor_species,,{},,https://bulbapedia.bulbagarden.net/wiki/Spheal_(Pok%C3%A9mon),
spidops,918,baseline_match_not_all_games_verified,,"{""evolvesFrom"":""tarountula"",""evoFromLevel"":15}",475,https://bulbapedia.bulbagarden.net/wiki/Spidops_(Pok%C3%A9mon),
spinarak,167,no_predecessor_species,,{},,https://bulbapedia.bulbagarden.net/wiki/Spinarak_(Pok%C3%A9mon),
spinda,327,no_predecessor_species,,{},,https://bulbapedia.bulbagarden.net/wiki/Spinda_(Pok%C3%A9mon),https://www.serebii.net/pokedex-bw/327.shtml
spiritomb,442,no_predecessor_species,,{},,https://bulbapedia.bulbagarden.net/wiki/Spiritomb_(Pok%C3%A9mon),https://www.serebii.net/pokedex-bw/442.shtml;https://www.serebii.net/pokedex-dp/442.shtml;https://www.serebii.net/pokedex-sm/442.shtml
spoink,325,no_predecessor_species,,{},,https://bulbapedia.bulbagarden.net/wiki/Spoink_(Pok%C3%A9mon),https://www.serebii.net/pokedex-sm/325.shtml
sprigatito,906,no_predecessor_species,,{},,https://bulbapedia.bulbagarden.net/wiki/Sprigatito_(Pok%C3%A9mon),
spritzee,682,no_predecessor_species,,{},,https://bulbapedia.bulbagarden.net/wiki/Spritzee_(Pok%C3%A9mon),https://www.serebii.net/pokedex-sm/682.shtml;https://www.serebii.net/pokedex-swsh/spritzee/
squawkabilly-blue,931,no_predecessor_species,,{},,https://bulbapedia.bulbagarden.net/wiki/Squawkabilly_(Pok%C3%A9mon),https://www.serebii.net/pokedex-sv/squawkabilly/
squawkabilly-white,931,no_predecessor_species,,{},,https://bulbapedia.bulbagarden.net/wiki/Squawkabilly_(Pok%C3%A9mon),https://www.serebii.net/pokedex-sv/squawkabilly/
squawkabilly-yellow,931,no_predecessor_species,,{},,https://bulbapedia.bulbagarden.net/wiki/Squawkabilly_(Pok%C3%A9mon),https://www.serebii.net/pokedex-sv/squawkabilly/
squawkabilly,931,no_predecessor_species,,{},,https://bulbapedia.bulbagarden.net/wiki/Squawkabilly_(Pok%C3%A9mon),https://www.serebii.net/pokedex-sv/squawkabilly/
squirtle,7,no_predecessor_species,,{},,https://bulbapedia.bulbagarden.net/wiki/Squirtle_(Pok%C3%A9mon),
stakataka,805,no_predecessor_species,,{},,https://bulbapedia.bulbagarden.net/wiki/Stakataka_(Pok%C3%A9mon),https://www.serebii.net/pokedex-sm/805.shtml
stantler,234,no_predecessor_species,,{},,https://bulbapedia.bulbagarden.net/wiki/Stantler_(Pok%C3%A9mon),https://www.serebii.net/pokedex-rs/234.shtml;https://www.serebii.net/pokedex-sm/234.shtml;https://www.serebii.net/pokedex-swsh/stantler/
staraptor-f,398,has_findings,E25,"{""evolvesFrom"":""staravia"",""evoFromLevel"":34}",199,https://bulbapedia.bulbagarden.net/wiki/Staraptor_(Pok%C3%A9mon),https://www.serebii.net/pokedex-bw/398.shtml;https://www.serebii.net/pokedex-sm/398.shtml;https://www.serebii.net/pokedex-sv/staraptor/
staraptor-mega,398,transformation_not_species_evolution,,{},199,https://bulbapedia.bulbagarden.net/wiki/Staraptor_(Pok%C3%A9mon),https://www.serebii.net/pokedex-bw/398.shtml;https://www.serebii.net/pokedex-sm/398.shtml;https://www.serebii.net/pokedex-sv/staraptor/
staraptor,398,baseline_match_not_all_games_verified,,"{""evolvesFrom"":""staravia"",""evoFromLevel"":34}",199,https://bulbapedia.bulbagarden.net/wiki/Staraptor_(Pok%C3%A9mon),https://www.serebii.net/pokedex-bw/398.shtml;https://www.serebii.net/pokedex-sm/398.shtml;https://www.serebii.net/pokedex-sv/staraptor/
staravia-f,397,has_findings,E25,"{""evolvesFrom"":""starly"",""evoFromLevel"":14}",198,https://bulbapedia.bulbagarden.net/wiki/Staravia_(Pok%C3%A9mon),https://www.serebii.net/pokedex-bw/397.shtml;https://www.serebii.net/pokedex-sm/397.shtml
staravia,397,baseline_match_not_all_games_verified,,"{""evolvesFrom"":""starly"",""evoFromLevel"":14}",198,https://bulbapedia.bulbagarden.net/wiki/Staravia_(Pok%C3%A9mon),https://www.serebii.net/pokedex-bw/397.shtml;https://www.serebii.net/pokedex-sm/397.shtml
starly-f,396,no_predecessor_species,,{},,https://bulbapedia.bulbagarden.net/wiki/Starly_(Pok%C3%A9mon),https://www.serebii.net/pokedex-bw/396.shtml;https://www.serebii.net/pokedex-sm/396.shtml
starly,396,no_predecessor_species,,{},,https://bulbapedia.bulbagarden.net/wiki/Starly_(Pok%C3%A9mon),https://www.serebii.net/pokedex-bw/396.shtml;https://www.serebii.net/pokedex-sm/396.shtml
starmie-mega,121,transformation_not_species_evolution,,{},70,https://bulbapedia.bulbagarden.net/wiki/Starmie_(Pok%C3%A9mon),https://www.serebii.net/pokedex-sv/starmie/
starmie,121,baseline_match_not_all_games_verified,,"{""evolvesFrom"":""staryu"",""evoFromItem"":""waterstone""}",70,https://bulbapedia.bulbagarden.net/wiki/Starmie_(Pok%C3%A9mon),https://www.serebii.net/pokedex-sv/starmie/
staryu,120,no_predecessor_species,,{},,https://bulbapedia.bulbagarden.net/wiki/Staryu_(Pok%C3%A9mon),
steelix-f,208,has_findings,E01;E11;E14,"{""evolvesFrom"":""onix"",""evoFromItem"":""metalcoat""}",114,https://bulbapedia.bulbagarden.net/wiki/Steelix_(Pok%C3%A9mon),https://www.serebii.net/pokedex-sm/208.shtml;https://www.serebii.net/pokedex-swsh/steelix/;https://www.serebii.net/pokedex-xy/208.shtml
steelix-mega,208,transformation_not_species_evolution,,{},114,https://bulbapedia.bulbagarden.net/wiki/Steelix_(Pok%C3%A9mon),https://www.serebii.net/pokedex-sm/208.shtml;https://www.serebii.net/pokedex-swsh/steelix/;https://www.serebii.net/pokedex-xy/208.shtml
steelix,208,has_findings,E01;E11;E14,"{""evolvesFrom"":""onix"",""evoFromItem"":""metalcoat""}",114,https://bulbapedia.bulbagarden.net/wiki/Steelix_(Pok%C3%A9mon),https://www.serebii.net/pokedex-sm/208.shtml;https://www.serebii.net/pokedex-swsh/steelix/;https://www.serebii.net/pokedex-xy/208.shtml
steenee,762,baseline_match_not_all_games_verified,,"{""evolvesFrom"":""bounsweet"",""evoFromLevel"":18}",395,https://bulbapedia.bulbagarden.net/wiki/Steenee_(Pok%C3%A9mon),https://www.serebii.net/pokedex-sm/762.shtml
stonjourner,874,no_predecessor_species,,{},,https://bulbapedia.bulbagarden.net/wiki/Stonjourner_(Pok%C3%A9mon),
stoutland,508,baseline_match_not_all_games_verified,,"{""evolvesFrom"":""herdier"",""evoFromLevel"":32}",255,https://bulbapedia.bulbagarden.net/wiki/Stoutland_(Pok%C3%A9mon),
stufful,759,no_predecessor_species,,{},,https://bulbapedia.bulbagarden.net/wiki/Stufful_(Pok%C3%A9mon),https://www.serebii.net/pokedex-swsh/stufful/
stunfisk-galar,618,no_predecessor_species,,{},,https://bulbapedia.bulbagarden.net/wiki/Stunfisk_(Pok%C3%A9mon),https://www.serebii.net/pokedex-sm/618.shtml;https://www.serebii.net/pokedex-sv/stunfisk/;https://www.serebii.net/pokedex-swsh/stunfisk/
stunfisk,618,no_predecessor_species,,{},,https://bulbapedia.bulbagarden.net/wiki/Stunfisk_(Pok%C3%A9mon),https://www.serebii.net/pokedex-sm/618.shtml;https://www.serebii.net/pokedex-sv/stunfisk/;https://www.serebii.net/pokedex-swsh/stunfisk/
stunky,434,no_predecessor_species,,{},,https://bulbapedia.bulbagarden.net/wiki/Stunky_(Pok%C3%A9mon),https://www.serebii.net/pokedex-bw/434.shtml;https://www.serebii.net/pokedex-sm/434.shtml;https://www.serebii.net/pokedex-swsh/stunky/
sudowoodo-f,185,baseline_match_not_all_games_verified,,"{""evolvesFrom"":""bonsly"",""evoFromMove"":""mimic""}",103,https://bulbapedia.bulbagarden.net/wiki/Sudowoodo_(Pok%C3%A9mon),https://www.serebii.net/pokedex-swsh/sudowoodo/
sudowoodo,185,baseline_match_not_all_games_verified,,"{""evolvesFrom"":""bonsly"",""evoFromMove"":""mimic""}",103,https://bulbapedia.bulbagarden.net/wiki/Sudowoodo_(Pok%C3%A9mon),https://www.serebii.net/pokedex-swsh/sudowoodo/
suicune,245,no_predecessor_species,,{},,https://bulbapedia.bulbagarden.net/wiki/Suicune_(Pok%C3%A9mon),https://www.serebii.net/pokedex-sm/245.shtml;https://www.serebii.net/pokedex-swsh/suicune/
sunflora,192,baseline_match_not_all_games_verified,,"{""evolvesFrom"":""sunkern"",""evoFromItem"":""sunstone""}",107,https://bulbapedia.bulbagarden.net/wiki/Sunflora_(Pok%C3%A9mon),https://www.serebii.net/pokedex-sm/192.shtml
sunkern,191,no_predecessor_species,,{},,https://bulbapedia.bulbagarden.net/wiki/Sunkern_(Pok%C3%A9mon),https://www.serebii.net/pokedex-sm/191.shtml
surskit,283,no_predecessor_species,,{},,https://bulbapedia.bulbagarden.net/wiki/Surskit_(Pok%C3%A9mon),https://www.serebii.net/pokedex-bw/283.shtml
swablu,333,no_predecessor_species,,{},,https://bulbapedia.bulbagarden.net/wiki/Swablu_(Pok%C3%A9mon),https://www.serebii.net/pokedex-sm/333.shtml
swadloon,541,baseline_match_not_all_games_verified,,"{""evolvesFrom"":""sewaddle"",""evoFromLevel"":20}",272,https://bulbapedia.bulbagarden.net/wiki/Swadloon_(Pok%C3%A9mon),
swalot-f,317,has_findings,E25,"{""evolvesFrom"":""gulpin"",""evoFromLevel"":26}",165,https://bulbapedia.bulbagarden.net/wiki/Swalot_(Pok%C3%A9mon),https://www.serebii.net/pokedex-sm/317.shtml
swalot,317,baseline_match_not_all_games_verified,,"{""evolvesFrom"":""gulpin"",""evoFromLevel"":26}",165,https://bulbapedia.bulbagarden.net/wiki/Swalot_(Pok%C3%A9mon),https://www.serebii.net/pokedex-sm/317.shtml
swampert-mega,260,transformation_not_species_evolution,,{},135,https://bulbapedia.bulbagarden.net/wiki/Swampert_(Pok%C3%A9mon),https://www.serebii.net/pokedex-sm/260.shtml;https://www.serebii.net/pokedex-swsh/swampert/;https://www.serebii.net/pokedex-xy/260.shtml
swampert,260,baseline_match_not_all_games_verified,,"{""evolvesFrom"":""marshtomp"",""evoFromLevel"":36}",135,https://bulbapedia.bulbagarden.net/wiki/Swampert_(Pok%C3%A9mon),https://www.serebii.net/pokedex-sm/260.shtml;https://www.serebii.net/pokedex-swsh/swampert/;https://www.serebii.net/pokedex-xy/260.shtml
swanna,581,baseline_match_not_all_games_verified,,"{""evolvesFrom"":""ducklett"",""evoFromLevel"":35}",293,https://bulbapedia.bulbagarden.net/wiki/Swanna_(Pok%C3%A9mon),https://www.serebii.net/pokedex-sm/581.shtml
swellow,277,baseline_match_not_all_games_verified,,"{""evolvesFrom"":""taillow"",""evoFromLevel"":22}",146,https://bulbapedia.bulbagarden.net/wiki/Swellow_(Pok%C3%A9mon),https://www.serebii.net/pokedex-sm/277.shtml
swinub,220,no_predecessor_species,,{},,https://bulbapedia.bulbagarden.net/wiki/Swinub_(Pok%C3%A9mon),
swirlix,684,no_predecessor_species,,{},,https://bulbapedia.bulbagarden.net/wiki/Swirlix_(Pok%C3%A9mon),https://www.serebii.net/pokedex-sm/684.shtml;https://www.serebii.net/pokedex-swsh/swirlix/
swoobat,528,has_findings,E02,"{""evolvesFrom"":""woobat""}",266,https://bulbapedia.bulbagarden.net/wiki/Swoobat_(Pok%C3%A9mon),https://www.serebii.net/pokedex-sm/528.shtml
sylveon,700,has_findings,E02;E17;E27,"{""evolvesFrom"":""eevee"",""evoFromCondition"":""with a Fairy-type move and two levels of Affection""}",361;409,https://bulbapedia.bulbagarden.net/wiki/Sylveon_(Pok%C3%A9mon),
tadbulb,938,no_predecessor_species,,{},,https://bulbapedia.bulbagarden.net/wiki/Tadbulb_(Pok%C3%A9mon),
taillow,276,no_predecessor_species,,{},,https://bulbapedia.bulbagarden.net/wiki/Taillow_(Pok%C3%A9mon),https://www.serebii.net/pokedex-sm/276.shtml
talonflame,663,baseline_match_not_all_games_verified,,"{""evolvesFrom"":""fletchinder"",""evoFromLevel"":35}",330,https://bulbapedia.bulbagarden.net/wiki/Talonflame_(Pok%C3%A9mon),
tandemaus,924,no_predecessor_species,,{},,https://bulbapedia.bulbagarden.net/wiki/Tandemaus_(Pok%C3%A9mon),
tangela,114,no_predecessor_species,,{},,https://bulbapedia.bulbagarden.net/wiki/Tangela_(Pok%C3%A9mon),https://www.serebii.net/pokedex-sm/114.shtml
tangrowth-f,465,baseline_match_not_all_games_verified,,"{""evolvesFrom"":""tangela"",""evoFromMove"":""ancientpower""}",233,https://bulbapedia.bulbagarden.net/wiki/Tangrowth_(Pok%C3%A9mon),https://www.serebii.net/pokedex-dp/465.shtml;https://www.serebii.net/pokedex-sm/465.shtml
tangrowth,465,baseline_match_not_all_games_verified,,"{""evolvesFrom"":""tangela"",""evoFromMove"":""ancientpower""}",233,https://bulbapedia.bulbagarden.net/wiki/Tangrowth_(Pok%C3%A9mon),https://www.serebii.net/pokedex-dp/465.shtml;https://www.serebii.net/pokedex-sm/465.shtml
tapubulu,787,no_predecessor_species,,{},,https://bulbapedia.bulbagarden.net/wiki/Tapu_Bulu_(Pok%C3%A9mon),
tapufini,788,no_predecessor_species,,{},,https://bulbapedia.bulbagarden.net/wiki/Tapu_Fini_(Pok%C3%A9mon),
tapukoko,785,no_predecessor_species,,{},,https://bulbapedia.bulbagarden.net/wiki/Tapu_Koko_(Pok%C3%A9mon),
tapulele,786,no_predecessor_species,,{},,https://bulbapedia.bulbagarden.net/wiki/Tapu_Lele_(Pok%C3%A9mon),
tarountula,917,no_predecessor_species,,{},,https://bulbapedia.bulbagarden.net/wiki/Tarountula_(Pok%C3%A9mon),
tatsugiri-droopy-mega,978,transformation_not_species_evolution,,{},,https://bulbapedia.bulbagarden.net/wiki/Tatsugiri_(Pok%C3%A9mon),https://www.serebii.net/pokedex-sv/tatsugiri/
tatsugiri-droopy,978,no_predecessor_species,,{},,https://bulbapedia.bulbagarden.net/wiki/Tatsugiri_(Pok%C3%A9mon),https://www.serebii.net/pokedex-sv/tatsugiri/
tatsugiri-mega,978,transformation_not_species_evolution,,{},,https://bulbapedia.bulbagarden.net/wiki/Tatsugiri_(Pok%C3%A9mon),https://www.serebii.net/pokedex-sv/tatsugiri/
tatsugiri-stretchy-mega,978,transformation_not_species_evolution,,{},,https://bulbapedia.bulbagarden.net/wiki/Tatsugiri_(Pok%C3%A9mon),https://www.serebii.net/pokedex-sv/tatsugiri/
tatsugiri-stretchy,978,no_predecessor_species,,{},,https://bulbapedia.bulbagarden.net/wiki/Tatsugiri_(Pok%C3%A9mon),https://www.serebii.net/pokedex-sv/tatsugiri/
tatsugiri,978,no_predecessor_species,,{},,https://bulbapedia.bulbagarden.net/wiki/Tatsugiri_(Pok%C3%A9mon),https://www.serebii.net/pokedex-sv/tatsugiri/
tauros-paldea-fire,128,no_predecessor_species,,{},,https://bulbapedia.bulbagarden.net/wiki/Tauros_(Pok%C3%A9mon),https://www.serebii.net/pokedex-sm/128.shtml
tauros-paldea-water,128,no_predecessor_species,,{},,https://bulbapedia.bulbagarden.net/wiki/Tauros_(Pok%C3%A9mon),https://www.serebii.net/pokedex-sm/128.shtml
tauros-paldea,128,no_predecessor_species,,{},,https://bulbapedia.bulbagarden.net/wiki/Tauros_(Pok%C3%A9mon),https://www.serebii.net/pokedex-sm/128.shtml
tauros,128,no_predecessor_species,,{},,https://bulbapedia.bulbagarden.net/wiki/Tauros_(Pok%C3%A9mon),https://www.serebii.net/pokedex-sm/128.shtml
teddiursa,216,no_predecessor_species,,{},,https://bulbapedia.bulbagarden.net/wiki/Teddiursa_(Pok%C3%A9mon),https://www.serebii.net/pokedex-bw/216.shtml;https://www.serebii.net/pokedex-sm/216.shtml;https://www.serebii.net/pokedex-swsh/teddiursa/
tentacool,72,no_predecessor_species,,{},,https://bulbapedia.bulbagarden.net/wiki/Tentacool_(Pok%C3%A9mon),
tentacruel,73,baseline_match_not_all_games_verified,,"{""evolvesFrom"":""tentacool"",""evoFromLevel"":30}",46,https://bulbapedia.bulbagarden.net/wiki/Tentacruel_(Pok%C3%A9mon),
tepig,498,no_predecessor_species,,{},,https://bulbapedia.bulbagarden.net/wiki/Tepig_(Pok%C3%A9mon),https://www.serebii.net/pokedex-sm/498.shtml
terapagos-stellar,1024,transformation_not_species_evolution,,{},,https://bulbapedia.bulbagarden.net/wiki/Terapagos_(Pok%C3%A9mon),https://www.serebii.net/pokedex-sv/terapagos/
terapagos-terastal,1024,transformation_not_species_evolution,,{},,https://bulbapedia.bulbagarden.net/wiki/Terapagos_(Pok%C3%A9mon),https://www.serebii.net/pokedex-sv/terapagos/
terapagos,1024,no_predecessor_species,,{},,https://bulbapedia.bulbagarden.net/wiki/Terapagos_(Pok%C3%A9mon),https://www.serebii.net/pokedex-sv/terapagos/
terrakion,639,no_predecessor_species,,{},,https://bulbapedia.bulbagarden.net/wiki/Terrakion_(Pok%C3%A9mon),https://www.serebii.net/pokedex-sm/639.shtml
thievul,828,baseline_match_not_all_games_verified,,"{""evolvesFrom"":""nickit"",""evoFromLevel"":18}",422,https://bulbapedia.bulbagarden.net/wiki/Thievul_(Pok%C3%A9mon),
throh,538,no_predecessor_species,,{},,https://bulbapedia.bulbagarden.net/wiki/Throh_(Pok%C3%A9mon),https://www.serebii.net/pokedex-sm/538.shtml
thundurus-therian,642,no_predecessor_species,,{},,https://bulbapedia.bulbagarden.net/wiki/Thundurus_(Pok%C3%A9mon),https://www.serebii.net/pokedex-bw/642.shtml;https://www.serebii.net/pokedex-sm/642.shtml;https://www.serebii.net/pokedex-swsh/thundurus/;https://www.serebii.net/pokedex-xy/642.shtml
thundurus,642,no_predecessor_species,,{},,https://bulbapedia.bulbagarden.net/wiki/Thundurus_(Pok%C3%A9mon),https://www.serebii.net/pokedex-bw/642.shtml;https://www.serebii.net/pokedex-sm/642.shtml;https://www.serebii.net/pokedex-swsh/thundurus/;https://www.serebii.net/pokedex-xy/642.shtml
thwackey,811,baseline_match_not_all_games_verified,,"{""evolvesFrom"":""grookey"",""evoFromLevel"":16}",411,https://bulbapedia.bulbagarden.net/wiki/Thwackey_(Pok%C3%A9mon),
timburr,532,no_predecessor_species,,{},,https://bulbapedia.bulbagarden.net/wiki/Timburr_(Pok%C3%A9mon),https://www.serebii.net/pokedex-sm/532.shtml
tinglu,1003,no_predecessor_species,,{},,https://bulbapedia.bulbagarden.net/wiki/Ting-Lu_(Pok%C3%A9mon),
tinkatink,957,no_predecessor_species,,{},,https://bulbapedia.bulbagarden.net/wiki/Tinkatink_(Pok%C3%A9mon),
tinkaton,959,baseline_match_not_all_games_verified,,"{""evolvesFrom"":""tinkatuff"",""evoFromLevel"":38}",497,https://bulbapedia.bulbagarden.net/wiki/Tinkaton_(Pok%C3%A9mon),
tinkatuff,958,baseline_match_not_all_games_verified,,"{""evolvesFrom"":""tinkatink"",""evoFromLevel"":24}",496,https://bulbapedia.bulbagarden.net/wiki/Tinkatuff_(Pok%C3%A9mon),
tirtouga,564,no_predecessor_species,,{},,https://bulbapedia.bulbagarden.net/wiki/Tirtouga_(Pok%C3%A9mon),
toedscool,948,no_predecessor_species,,{},,https://bulbapedia.bulbagarden.net/wiki/Toedscool_(Pok%C3%A9mon),
toedscruel,949,baseline_match_not_all_games_verified,,"{""evolvesFrom"":""toedscool"",""evoFromLevel"":30}",492,https://bulbapedia.bulbagarden.net/wiki/Toedscruel_(Pok%C3%A9mon),
togedemaru,777,no_predecessor_species,,{},,https://bulbapedia.bulbagarden.net/wiki/Togedemaru_(Pok%C3%A9mon),
togekiss,468,baseline_match_not_all_games_verified,,"{""evolvesFrom"":""togetic"",""evoFromItem"":""shinystone""}",236,https://bulbapedia.bulbagarden.net/wiki/Togekiss_(Pok%C3%A9mon),https://www.serebii.net/pokedex-bw/468.shtml;https://www.serebii.net/pokedex-sm/468.shtml
togepi,175,no_predecessor_species,,{},,https://bulbapedia.bulbagarden.net/wiki/Togepi_(Pok%C3%A9mon),https://www.serebii.net/pokedex-bw/175.shtml;https://www.serebii.net/pokedex-sm/175.shtml
togetic,176,has_findings,E02,"{""evolvesFrom"":""togepi""}",96,https://bulbapedia.bulbagarden.net/wiki/Togetic_(Pok%C3%A9mon),https://www.serebii.net/pokedex-bw/176.shtml;https://www.serebii.net/pokedex-sm/176.shtml
torchic-f,255,no_predecessor_species,,{},,https://bulbapedia.bulbagarden.net/wiki/Torchic_(Pok%C3%A9mon),https://www.serebii.net/pokedex-sm/255.shtml
torchic,255,no_predecessor_species,,{},,https://bulbapedia.bulbagarden.net/wiki/Torchic_(Pok%C3%A9mon),https://www.serebii.net/pokedex-sm/255.shtml
torkoal,324,no_predecessor_species,,{},,https://bulbapedia.bulbagarden.net/wiki/Torkoal_(Pok%C3%A9mon),
tornadus-therian,641,no_predecessor_species,,{},,https://bulbapedia.bulbagarden.net/wiki/Tornadus_(Pok%C3%A9mon),https://www.serebii.net/pokedex-bw/641.shtml;https://www.serebii.net/pokedex-sm/641.shtml;https://www.serebii.net/pokedex-swsh/tornadus/;https://www.serebii.net/pokedex-xy/641.shtml
tornadus,641,no_predecessor_species,,{},,https://bulbapedia.bulbagarden.net/wiki/Tornadus_(Pok%C3%A9mon),https://www.serebii.net/pokedex-bw/641.shtml;https://www.serebii.net/pokedex-sm/641.shtml;https://www.serebii.net/pokedex-swsh/tornadus/;https://www.serebii.net/pokedex-xy/641.shtml
torracat,726,baseline_match_not_all_games_verified,,"{""evolvesFrom"":""litten"",""evoFromLevel"":17}",375,https://bulbapedia.bulbagarden.net/wiki/Torracat_(Pok%C3%A9mon),
torterra,389,baseline_match_not_all_games_verified,,"{""evolvesFrom"":""grotle"",""evoFromLevel"":32}",193,https://bulbapedia.bulbagarden.net/wiki/Torterra_(Pok%C3%A9mon),https://www.serebii.net/pokedex-sm/389.shtml
totodile,158,no_predecessor_species,,{},,https://bulbapedia.bulbagarden.net/wiki/Totodile_(Pok%C3%A9mon),https://www.serebii.net/pokedex-sm/158.shtml
toucannon,733,baseline_match_not_all_games_verified,,"{""evolvesFrom"":""trumbeak"",""evoFromLevel"":28}",380,https://bulbapedia.bulbagarden.net/wiki/Toucannon_(Pok%C3%A9mon),
toxapex,748,baseline_match_not_all_games_verified,,"{""evolvesFrom"":""mareanie"",""evoFromLevel"":38}",388,https://bulbapedia.bulbagarden.net/wiki/Toxapex_(Pok%C3%A9mon),https://www.serebii.net/pokedex-swsh/toxapex/
toxel,848,no_predecessor_species,,{},,https://bulbapedia.bulbagarden.net/wiki/Toxel_(Pok%C3%A9mon),
toxicroak-f,454,has_findings,E25,"{""evolvesFrom"":""croagunk"",""evoFromLevel"":37}",226,https://bulbapedia.bulbagarden.net/wiki/Toxicroak_(Pok%C3%A9mon),https://www.serebii.net/pokedex-sm/454.shtml;https://www.serebii.net/pokedex-swsh/toxicroak/
toxicroak,454,baseline_match_not_all_games_verified,,"{""evolvesFrom"":""croagunk"",""evoFromLevel"":37}",226,https://bulbapedia.bulbagarden.net/wiki/Toxicroak_(Pok%C3%A9mon),https://www.serebii.net/pokedex-sm/454.shtml;https://www.serebii.net/pokedex-swsh/toxicroak/
toxtricity-gmax,849,transformation_not_species_evolution,,{},,https://bulbapedia.bulbagarden.net/wiki/Toxtricity_(Pok%C3%A9mon),https://www.serebii.net/pokedex-sv/toxtricity/;https://www.serebii.net/pokedex-swsh/toxtricity/
toxtricity-low-key-gmax,849,transformation_not_species_evolution,,{},,https://bulbapedia.bulbagarden.net/wiki/Toxtricity_(Pok%C3%A9mon),https://www.serebii.net/pokedex-sv/toxtricity/;https://www.serebii.net/pokedex-swsh/toxtricity/
toxtricity-low-key,849,has_findings,E09,"{""evolvesFrom"":""toxel"",""evoFromLevel"":30}",559,https://bulbapedia.bulbagarden.net/wiki/Toxtricity_(Pok%C3%A9mon),https://www.serebii.net/pokedex-sv/toxtricity/;https://www.serebii.net/pokedex-swsh/toxtricity/
toxtricity,849,has_findings,E09,"{""evolvesFrom"":""toxel"",""evoFromLevel"":30}",433,https://bulbapedia.bulbagarden.net/wiki/Toxtricity_(Pok%C3%A9mon),https://www.serebii.net/pokedex-sv/toxtricity/;https://www.serebii.net/pokedex-swsh/toxtricity/
tranquill,520,baseline_match_not_all_games_verified,,"{""evolvesFrom"":""pidove"",""evoFromLevel"":21}",261,https://bulbapedia.bulbagarden.net/wiki/Tranquill_(Pok%C3%A9mon),https://www.serebii.net/pokedex-sm/520.shtml
trapinch,328,no_predecessor_species,,{},,https://bulbapedia.bulbagarden.net/wiki/Trapinch_(Pok%C3%A9mon),https://www.serebii.net/pokedex-bw/328.shtml;https://www.serebii.net/pokedex-swsh/trapinch/
treecko,252,no_predecessor_species,,{},,https://bulbapedia.bulbagarden.net/wiki/Treecko_(Pok%C3%A9mon),https://www.serebii.net/pokedex-sm/252.shtml
trevenant,709,has_findings,E01,"{""evolvesFrom"":""phantump""}",329,https://bulbapedia.bulbagarden.net/wiki/Trevenant_(Pok%C3%A9mon),
tropius,357,no_predecessor_species,,{},,https://bulbapedia.bulbagarden.net/wiki/Tropius_(Pok%C3%A9mon),https://www.serebii.net/pokedex-dp/357.shtml;https://www.serebii.net/pokedex-sm/357.shtml
trubbish,568,no_predecessor_species,,{},,https://bulbapedia.bulbagarden.net/wiki/Trubbish_(Pok%C3%A9mon),
trumbeak,732,baseline_match_not_all_games_verified,,"{""evolvesFrom"":""pikipek"",""evoFromLevel"":14}",379,https://bulbapedia.bulbagarden.net/wiki/Trumbeak_(Pok%C3%A9mon),
tsareena,763,baseline_match_not_all_games_verified,,"{""evolvesFrom"":""steenee"",""evoFromMove"":""stomp""}",396,https://bulbapedia.bulbagarden.net/wiki/Tsareena_(Pok%C3%A9mon),
turtonator,776,no_predecessor_species,,{},,https://bulbapedia.bulbagarden.net/wiki/Turtonator_(Pok%C3%A9mon),https://www.serebii.net/pokedex-sm/776.shtml;https://www.serebii.net/pokedex-swsh/turtonator/
turtwig,387,no_predecessor_species,,{},,https://bulbapedia.bulbagarden.net/wiki/Turtwig_(Pok%C3%A9mon),https://www.serebii.net/pokedex-sm/387.shtml
tympole,535,no_predecessor_species,,{},,https://bulbapedia.bulbagarden.net/wiki/Tympole_(Pok%C3%A9mon),https://www.serebii.net/pokedex-sm/535.shtml
tynamo,602,no_predecessor_species,,{},,https://bulbapedia.bulbagarden.net/wiki/Tynamo_(Pok%C3%A9mon),
typenull,772,no_predecessor_species,,{},,https://bulbapedia.bulbagarden.net/wiki/Type%3A_Null_(Pok%C3%A9mon),
typhlosion-hisui,157,has_findings,E18,"{""evolvesFrom"":""quilava"",""evoFromLevel"":36}",526,https://bulbapedia.bulbagarden.net/wiki/Typhlosion_(Pok%C3%A9mon),https://www.serebii.net/pokedex-sm/157.shtml;https://www.serebii.net/pokedex-swsh/typhlosion/
typhlosion,157,has_findings,E18,"{""evolvesFrom"":""quilava"",""evoFromLevel"":36}",87,https://bulbapedia.bulbagarden.net/wiki/Typhlosion_(Pok%C3%A9mon),https://www.serebii.net/pokedex-sm/157.shtml;https://www.serebii.net/pokedex-swsh/typhlosion/
tyranitar-mega,248,transformation_not_species_evolution,,{},129,https://bulbapedia.bulbagarden.net/wiki/Tyranitar_(Pok%C3%A9mon),https://www.serebii.net/pokedex-sm/248.shtml;https://www.serebii.net/pokedex-swsh/tyranitar/;https://www.serebii.net/pokedex-xy/248.shtml
tyranitar,248,baseline_match_not_all_games_verified,,"{""evolvesFrom"":""pupitar"",""evoFromLevel"":55}",129,https://bulbapedia.bulbagarden.net/wiki/Tyranitar_(Pok%C3%A9mon),https://www.serebii.net/pokedex-sm/248.shtml;https://www.serebii.net/pokedex-swsh/tyranitar/;https://www.serebii.net/pokedex-xy/248.shtml
tyrantrum,697,has_findings,E27,"{""evolvesFrom"":""tyrunt"",""evoFromLevel"":39,""evoFromCondition"":""during the day""}",352,https://bulbapedia.bulbagarden.net/wiki/Tyrantrum_(Pok%C3%A9mon),https://www.serebii.net/pokedex-sm/697.shtml
tyrogue,236,no_predecessor_species,,{},,https://bulbapedia.bulbagarden.net/wiki/Tyrogue_(Pok%C3%A9mon),https://www.serebii.net/pokedex-sm/236.shtml
tyrunt,696,no_predecessor_species,,{},,https://bulbapedia.bulbagarden.net/wiki/Tyrunt_(Pok%C3%A9mon),
umbreon,197,has_findings,E02;E27,"{""evolvesFrom"":""eevee"",""evoFromCondition"":""at night""}",110,https://bulbapedia.bulbagarden.net/wiki/Umbreon_(Pok%C3%A9mon),https://www.serebii.net/pokedex-bw/197.shtml
unfezant-f,521,baseline_match_not_all_games_verified,,"{""evolvesFrom"":""tranquill"",""evoFromLevel"":32}",262,https://bulbapedia.bulbagarden.net/wiki/Unfezant_(Pok%C3%A9mon),https://www.serebii.net/pokedex-sm/521.shtml
unfezant,521,baseline_match_not_all_games_verified,,"{""evolvesFrom"":""tranquill"",""evoFromLevel"":32}",262,https://bulbapedia.bulbagarden.net/wiki/Unfezant_(Pok%C3%A9mon),https://www.serebii.net/pokedex-sm/521.shtml
unown-b,201,no_predecessor_species,,{},,https://bulbapedia.bulbagarden.net/wiki/Unown_(Pok%C3%A9mon),https://www.serebii.net/pokedex-bw/201.shtml;https://www.serebii.net/pokedex-dp/201.shtml;https://www.serebii.net/pokedex-gs/201.shtml;https://www.serebii.net/pokedex-rs/201.shtml;https://www.serebii.net/pokedex-sm/201.shtml
unown-c,201,no_predecessor_species,,{},,https://bulbapedia.bulbagarden.net/wiki/Unown_(Pok%C3%A9mon),https://www.serebii.net/pokedex-bw/201.shtml;https://www.serebii.net/pokedex-dp/201.shtml;https://www.serebii.net/pokedex-gs/201.shtml;https://www.serebii.net/pokedex-rs/201.shtml;https://www.serebii.net/pokedex-sm/201.shtml
unown-d,201,no_predecessor_species,,{},,https://bulbapedia.bulbagarden.net/wiki/Unown_(Pok%C3%A9mon),https://www.serebii.net/pokedex-bw/201.shtml;https://www.serebii.net/pokedex-dp/201.shtml;https://www.serebii.net/pokedex-gs/201.shtml;https://www.serebii.net/pokedex-rs/201.shtml;https://www.serebii.net/pokedex-sm/201.shtml
unown-e,201,no_predecessor_species,,{},,https://bulbapedia.bulbagarden.net/wiki/Unown_(Pok%C3%A9mon),https://www.serebii.net/pokedex-bw/201.shtml;https://www.serebii.net/pokedex-dp/201.shtml;https://www.serebii.net/pokedex-gs/201.shtml;https://www.serebii.net/pokedex-rs/201.shtml;https://www.serebii.net/pokedex-sm/201.shtml
unown-exclamation,201,no_predecessor_species,,{},,https://bulbapedia.bulbagarden.net/wiki/Unown_(Pok%C3%A9mon),https://www.serebii.net/pokedex-bw/201.shtml;https://www.serebii.net/pokedex-dp/201.shtml;https://www.serebii.net/pokedex-gs/201.shtml;https://www.serebii.net/pokedex-rs/201.shtml;https://www.serebii.net/pokedex-sm/201.shtml
unown-f,201,no_predecessor_species,,{},,https://bulbapedia.bulbagarden.net/wiki/Unown_(Pok%C3%A9mon),https://www.serebii.net/pokedex-bw/201.shtml;https://www.serebii.net/pokedex-dp/201.shtml;https://www.serebii.net/pokedex-gs/201.shtml;https://www.serebii.net/pokedex-rs/201.shtml;https://www.serebii.net/pokedex-sm/201.shtml
unown-g,201,no_predecessor_species,,{},,https://bulbapedia.bulbagarden.net/wiki/Unown_(Pok%C3%A9mon),https://www.serebii.net/pokedex-bw/201.shtml;https://www.serebii.net/pokedex-dp/201.shtml;https://www.serebii.net/pokedex-gs/201.shtml;https://www.serebii.net/pokedex-rs/201.shtml;https://www.serebii.net/pokedex-sm/201.shtml
unown-h,201,no_predecessor_species,,{},,https://bulbapedia.bulbagarden.net/wiki/Unown_(Pok%C3%A9mon),https://www.serebii.net/pokedex-bw/201.shtml;https://www.serebii.net/pokedex-dp/201.shtml;https://www.serebii.net/pokedex-gs/201.shtml;https://www.serebii.net/pokedex-rs/201.shtml;https://www.serebii.net/pokedex-sm/201.shtml
unown-i,201,no_predecessor_species,,{},,https://bulbapedia.bulbagarden.net/wiki/Unown_(Pok%C3%A9mon),https://www.serebii.net/pokedex-bw/201.shtml;https://www.serebii.net/pokedex-dp/201.shtml;https://www.serebii.net/pokedex-gs/201.shtml;https://www.serebii.net/pokedex-rs/201.shtml;https://www.serebii.net/pokedex-sm/201.shtml
unown-j,201,no_predecessor_species,,{},,https://bulbapedia.bulbagarden.net/wiki/Unown_(Pok%C3%A9mon),https://www.serebii.net/pokedex-bw/201.shtml;https://www.serebii.net/pokedex-dp/201.shtml;https://www.serebii.net/pokedex-gs/201.shtml;https://www.serebii.net/pokedex-rs/201.shtml;https://www.serebii.net/pokedex-sm/201.shtml
unown-k,201,no_predecessor_species,,{},,https://bulbapedia.bulbagarden.net/wiki/Unown_(Pok%C3%A9mon),https://www.serebii.net/pokedex-bw/201.shtml;https://www.serebii.net/pokedex-dp/201.shtml;https://www.serebii.net/pokedex-gs/201.shtml;https://www.serebii.net/pokedex-rs/201.shtml;https://www.serebii.net/pokedex-sm/201.shtml
unown-l,201,no_predecessor_species,,{},,https://bulbapedia.bulbagarden.net/wiki/Unown_(Pok%C3%A9mon),https://www.serebii.net/pokedex-bw/201.shtml;https://www.serebii.net/pokedex-dp/201.shtml;https://www.serebii.net/pokedex-gs/201.shtml;https://www.serebii.net/pokedex-rs/201.shtml;https://www.serebii.net/pokedex-sm/201.shtml
unown-m,201,no_predecessor_species,,{},,https://bulbapedia.bulbagarden.net/wiki/Unown_(Pok%C3%A9mon),https://www.serebii.net/pokedex-bw/201.shtml;https://www.serebii.net/pokedex-dp/201.shtml;https://www.serebii.net/pokedex-gs/201.shtml;https://www.serebii.net/pokedex-rs/201.shtml;https://www.serebii.net/pokedex-sm/201.shtml
unown-n,201,no_predecessor_species,,{},,https://bulbapedia.bulbagarden.net/wiki/Unown_(Pok%C3%A9mon),https://www.serebii.net/pokedex-bw/201.shtml;https://www.serebii.net/pokedex-dp/201.shtml;https://www.serebii.net/pokedex-gs/201.shtml;https://www.serebii.net/pokedex-rs/201.shtml;https://www.serebii.net/pokedex-sm/201.shtml
unown-o,201,no_predecessor_species,,{},,https://bulbapedia.bulbagarden.net/wiki/Unown_(Pok%C3%A9mon),https://www.serebii.net/pokedex-bw/201.shtml;https://www.serebii.net/pokedex-dp/201.shtml;https://www.serebii.net/pokedex-gs/201.shtml;https://www.serebii.net/pokedex-rs/201.shtml;https://www.serebii.net/pokedex-sm/201.shtml
unown-p,201,no_predecessor_species,,{},,https://bulbapedia.bulbagarden.net/wiki/Unown_(Pok%C3%A9mon),https://www.serebii.net/pokedex-bw/201.shtml;https://www.serebii.net/pokedex-dp/201.shtml;https://www.serebii.net/pokedex-gs/201.shtml;https://www.serebii.net/pokedex-rs/201.shtml;https://www.serebii.net/pokedex-sm/201.shtml
unown-q,201,no_predecessor_species,,{},,https://bulbapedia.bulbagarden.net/wiki/Unown_(Pok%C3%A9mon),https://www.serebii.net/pokedex-bw/201.shtml;https://www.serebii.net/pokedex-dp/201.shtml;https://www.serebii.net/pokedex-gs/201.shtml;https://www.serebii.net/pokedex-rs/201.shtml;https://www.serebii.net/pokedex-sm/201.shtml
unown-question,201,no_predecessor_species,,{},,https://bulbapedia.bulbagarden.net/wiki/Unown_(Pok%C3%A9mon),https://www.serebii.net/pokedex-bw/201.shtml;https://www.serebii.net/pokedex-dp/201.shtml;https://www.serebii.net/pokedex-gs/201.shtml;https://www.serebii.net/pokedex-rs/201.shtml;https://www.serebii.net/pokedex-sm/201.shtml
unown-r,201,no_predecessor_species,,{},,https://bulbapedia.bulbagarden.net/wiki/Unown_(Pok%C3%A9mon),https://www.serebii.net/pokedex-bw/201.shtml;https://www.serebii.net/pokedex-dp/201.shtml;https://www.serebii.net/pokedex-gs/201.shtml;https://www.serebii.net/pokedex-rs/201.shtml;https://www.serebii.net/pokedex-sm/201.shtml
unown-s,201,no_predecessor_species,,{},,https://bulbapedia.bulbagarden.net/wiki/Unown_(Pok%C3%A9mon),https://www.serebii.net/pokedex-bw/201.shtml;https://www.serebii.net/pokedex-dp/201.shtml;https://www.serebii.net/pokedex-gs/201.shtml;https://www.serebii.net/pokedex-rs/201.shtml;https://www.serebii.net/pokedex-sm/201.shtml
unown-t,201,no_predecessor_species,,{},,https://bulbapedia.bulbagarden.net/wiki/Unown_(Pok%C3%A9mon),https://www.serebii.net/pokedex-bw/201.shtml;https://www.serebii.net/pokedex-dp/201.shtml;https://www.serebii.net/pokedex-gs/201.shtml;https://www.serebii.net/pokedex-rs/201.shtml;https://www.serebii.net/pokedex-sm/201.shtml
unown-u,201,no_predecessor_species,,{},,https://bulbapedia.bulbagarden.net/wiki/Unown_(Pok%C3%A9mon),https://www.serebii.net/pokedex-bw/201.shtml;https://www.serebii.net/pokedex-dp/201.shtml;https://www.serebii.net/pokedex-gs/201.shtml;https://www.serebii.net/pokedex-rs/201.shtml;https://www.serebii.net/pokedex-sm/201.shtml
unown-v,201,no_predecessor_species,,{},,https://bulbapedia.bulbagarden.net/wiki/Unown_(Pok%C3%A9mon),https://www.serebii.net/pokedex-bw/201.shtml;https://www.serebii.net/pokedex-dp/201.shtml;https://www.serebii.net/pokedex-gs/201.shtml;https://www.serebii.net/pokedex-rs/201.shtml;https://www.serebii.net/pokedex-sm/201.shtml
unown-w,201,no_predecessor_species,,{},,https://bulbapedia.bulbagarden.net/wiki/Unown_(Pok%C3%A9mon),https://www.serebii.net/pokedex-bw/201.shtml;https://www.serebii.net/pokedex-dp/201.shtml;https://www.serebii.net/pokedex-gs/201.shtml;https://www.serebii.net/pokedex-rs/201.shtml;https://www.serebii.net/pokedex-sm/201.shtml
unown-x,201,no_predecessor_species,,{},,https://bulbapedia.bulbagarden.net/wiki/Unown_(Pok%C3%A9mon),https://www.serebii.net/pokedex-bw/201.shtml;https://www.serebii.net/pokedex-dp/201.shtml;https://www.serebii.net/pokedex-gs/201.shtml;https://www.serebii.net/pokedex-rs/201.shtml;https://www.serebii.net/pokedex-sm/201.shtml
unown-y,201,no_predecessor_species,,{},,https://bulbapedia.bulbagarden.net/wiki/Unown_(Pok%C3%A9mon),https://www.serebii.net/pokedex-bw/201.shtml;https://www.serebii.net/pokedex-dp/201.shtml;https://www.serebii.net/pokedex-gs/201.shtml;https://www.serebii.net/pokedex-rs/201.shtml;https://www.serebii.net/pokedex-sm/201.shtml
unown-z,201,no_predecessor_species,,{},,https://bulbapedia.bulbagarden.net/wiki/Unown_(Pok%C3%A9mon),https://www.serebii.net/pokedex-bw/201.shtml;https://www.serebii.net/pokedex-dp/201.shtml;https://www.serebii.net/pokedex-gs/201.shtml;https://www.serebii.net/pokedex-rs/201.shtml;https://www.serebii.net/pokedex-sm/201.shtml
unown,201,no_predecessor_species,,{},,https://bulbapedia.bulbagarden.net/wiki/Unown_(Pok%C3%A9mon),https://www.serebii.net/pokedex-bw/201.shtml;https://www.serebii.net/pokedex-dp/201.shtml;https://www.serebii.net/pokedex-gs/201.shtml;https://www.serebii.net/pokedex-rs/201.shtml;https://www.serebii.net/pokedex-sm/201.shtml
ursaluna-bloodmoon,901,intentional_non_evolution_form,,{},464,https://bulbapedia.bulbagarden.net/wiki/Ursaluna_(Pok%C3%A9mon),
ursaluna,901,has_findings,E12;E27;E30,"{""evolvesFrom"":""ursaring"",""evoFromCondition"":""Peat Block when there's a full moon""}",464,https://bulbapedia.bulbagarden.net/wiki/Ursaluna_(Pok%C3%A9mon),
ursaring-f,217,baseline_match_not_all_games_verified,,"{""evolvesFrom"":""teddiursa"",""evoFromLevel"":30}",117,https://bulbapedia.bulbagarden.net/wiki/Ursaring_(Pok%C3%A9mon),https://www.serebii.net/pokedex-sm/217.shtml;https://www.serebii.net/pokedex-swsh/ursaring/
ursaring,217,baseline_match_not_all_games_verified,,"{""evolvesFrom"":""teddiursa"",""evoFromLevel"":30}",117,https://bulbapedia.bulbagarden.net/wiki/Ursaring_(Pok%C3%A9mon),https://www.serebii.net/pokedex-sm/217.shtml;https://www.serebii.net/pokedex-swsh/ursaring/
urshifu-gmax,892,transformation_not_species_evolution,,{},,https://bulbapedia.bulbagarden.net/wiki/Urshifu_(Pok%C3%A9mon),https://www.serebii.net/pokedex-sv/urshifu/;https://www.serebii.net/pokedex-swsh/urshifu/
urshifu-rapid-strike-gmax,892,transformation_not_species_evolution,,{},,https://bulbapedia.bulbagarden.net/wiki/Urshifu_(Pok%C3%A9mon),https://www.serebii.net/pokedex-sv/urshifu/;https://www.serebii.net/pokedex-swsh/urshifu/
urshifu-rapid-strike,892,has_findings,E17;E27;E30,"{""evolvesFrom"":""kubfu"",""evoFromCondition"":""Defeat the Rapid Strike Tower""}",447;540,https://bulbapedia.bulbagarden.net/wiki/Urshifu_(Pok%C3%A9mon),https://www.serebii.net/pokedex-sv/urshifu/;https://www.serebii.net/pokedex-swsh/urshifu/
urshifu,892,has_findings,E17;E27;E30,"{""evolvesFrom"":""kubfu"",""evoFromCondition"":""Defeat the Single Strike Tower""}",446;539,https://bulbapedia.bulbagarden.net/wiki/Urshifu_(Pok%C3%A9mon),https://www.serebii.net/pokedex-sv/urshifu/;https://www.serebii.net/pokedex-swsh/urshifu/
uxie,480,no_predecessor_species,,{},,https://bulbapedia.bulbagarden.net/wiki/Uxie_(Pok%C3%A9mon),https://www.serebii.net/pokedex-sm/480.shtml
vanillish,583,baseline_match_not_all_games_verified,,"{""evolvesFrom"":""vanillite"",""evoFromLevel"":35}",294,https://bulbapedia.bulbagarden.net/wiki/Vanillish_(Pok%C3%A9mon),
vanillite,582,no_predecessor_species,,{},,https://bulbapedia.bulbagarden.net/wiki/Vanillite_(Pok%C3%A9mon),
vanilluxe,584,baseline_match_not_all_games_verified,,"{""evolvesFrom"":""vanillish"",""evoFromLevel"":47}",295,https://bulbapedia.bulbagarden.net/wiki/Vanilluxe_(Pok%C3%A9mon),
vaporeon,134,baseline_match_not_all_games_verified,,"{""evolvesFrom"":""eevee"",""evoFromItem"":""waterstone""}",76,https://bulbapedia.bulbagarden.net/wiki/Vaporeon_(Pok%C3%A9mon),
varoom,965,no_predecessor_species,,{},,https://bulbapedia.bulbagarden.net/wiki/Varoom_(Pok%C3%A9mon),
veluza,976,no_predecessor_species,,{},,https://bulbapedia.bulbagarden.net/wiki/Veluza_(Pok%C3%A9mon),
venipede,543,no_predecessor_species,,{},,https://bulbapedia.bulbagarden.net/wiki/Venipede_(Pok%C3%A9mon),https://www.serebii.net/pokedex-sm/543.shtml
venomoth,49,baseline_match_not_all_games_verified,,"{""evolvesFrom"":""venonat"",""evoFromLevel"":31}",32,https://bulbapedia.bulbagarden.net/wiki/Venomoth_(Pok%C3%A9mon),https://www.serebii.net/pokedex-sm/049.shtml
venonat,48,no_predecessor_species,,{},,https://bulbapedia.bulbagarden.net/wiki/Venonat_(Pok%C3%A9mon),https://www.serebii.net/pokedex-sm/048.shtml
venusaur-f,3,baseline_match_not_all_games_verified,,"{""evolvesFrom"":""ivysaur"",""evoFromLevel"":32}",2,https://bulbapedia.bulbagarden.net/wiki/Venusaur_(Pok%C3%A9mon),https://www.serebii.net/pokedex-bw/003.shtml;https://www.serebii.net/pokedex-dp/003.shtml;https://www.serebii.net/pokedex-gs/003.shtml;https://www.serebii.net/pokedex-rs/003.shtml;https://www.serebii.net/pokedex-sm/003.shtml;https://www.serebii.net/pokedex-sv/venusaur/;https://www.serebii.net/pokedex-swsh/venusaur/;https://www.serebii.net/pokedex-xy/003.shtml;https://www.serebii.net/pokedex/003.shtml
venusaur-gmax,3,transformation_not_species_evolution,,{},2,https://bulbapedia.bulbagarden.net/wiki/Venusaur_(Pok%C3%A9mon),https://www.serebii.net/pokedex-bw/003.shtml;https://www.serebii.net/pokedex-dp/003.shtml;https://www.serebii.net/pokedex-gs/003.shtml;https://www.serebii.net/pokedex-rs/003.shtml;https://www.serebii.net/pokedex-sm/003.shtml;https://www.serebii.net/pokedex-sv/venusaur/;https://www.serebii.net/pokedex-swsh/venusaur/;https://www.serebii.net/pokedex-xy/003.shtml;https://www.serebii.net/pokedex/003.shtml
venusaur-mega,3,transformation_not_species_evolution,,{},2,https://bulbapedia.bulbagarden.net/wiki/Venusaur_(Pok%C3%A9mon),https://www.serebii.net/pokedex-bw/003.shtml;https://www.serebii.net/pokedex-dp/003.shtml;https://www.serebii.net/pokedex-gs/003.shtml;https://www.serebii.net/pokedex-rs/003.shtml;https://www.serebii.net/pokedex-sm/003.shtml;https://www.serebii.net/pokedex-sv/venusaur/;https://www.serebii.net/pokedex-swsh/venusaur/;https://www.serebii.net/pokedex-xy/003.shtml;https://www.serebii.net/pokedex/003.shtml
venusaur,3,baseline_match_not_all_games_verified,,"{""evolvesFrom"":""ivysaur"",""evoFromLevel"":32}",2,https://bulbapedia.bulbagarden.net/wiki/Venusaur_(Pok%C3%A9mon),https://www.serebii.net/pokedex-bw/003.shtml;https://www.serebii.net/pokedex-dp/003.shtml;https://www.serebii.net/pokedex-gs/003.shtml;https://www.serebii.net/pokedex-rs/003.shtml;https://www.serebii.net/pokedex-sm/003.shtml;https://www.serebii.net/pokedex-sv/venusaur/;https://www.serebii.net/pokedex-swsh/venusaur/;https://www.serebii.net/pokedex-xy/003.shtml;https://www.serebii.net/pokedex/003.shtml
vespiquen,416,has_findings,E03,"{""evolvesFrom"":""combee"",""evoFromLevel"":21}",209,https://bulbapedia.bulbagarden.net/wiki/Vespiquen_(Pok%C3%A9mon),https://www.serebii.net/pokedex-sm/416.shtml;https://www.serebii.net/pokedex-swsh/vespiquen/
vibrava,329,baseline_match_not_all_games_verified,,"{""evolvesFrom"":""trapinch"",""evoFromLevel"":35}",170,https://bulbapedia.bulbagarden.net/wiki/Vibrava_(Pok%C3%A9mon),https://www.serebii.net/pokedex-bw/329.shtml;https://www.serebii.net/pokedex-swsh/vibrava/
victini,494,no_predecessor_species,,{},,https://bulbapedia.bulbagarden.net/wiki/Victini_(Pok%C3%A9mon),https://www.serebii.net/pokedex-sm/494.shtml;https://www.serebii.net/pokedex-swsh/victini/
victreebel-mega,71,transformation_not_species_evolution,,{},45,https://bulbapedia.bulbagarden.net/wiki/Victreebel_(Pok%C3%A9mon),https://www.serebii.net/pokedex-bw/071.shtml;https://www.serebii.net/pokedex-sm/071.shtml;https://www.serebii.net/pokedex-sv/victreebel/
victreebel,71,baseline_match_not_all_games_verified,,"{""evolvesFrom"":""weepinbell"",""evoFromItem"":""leafstone""}",45,https://bulbapedia.bulbagarden.net/wiki/Victreebel_(Pok%C3%A9mon),https://www.serebii.net/pokedex-bw/071.shtml;https://www.serebii.net/pokedex-sm/071.shtml;https://www.serebii.net/pokedex-sv/victreebel/
vigoroth,288,baseline_match_not_all_games_verified,,"{""evolvesFrom"":""slakoth"",""evoFromLevel"":18}",152,https://bulbapedia.bulbagarden.net/wiki/Vigoroth_(Pok%C3%A9mon),https://www.serebii.net/pokedex-bw/288.shtml;https://www.serebii.net/pokedex-sm/288.shtml
vikavolt,738,has_findings,E13,"{""evolvesFrom"":""charjabug"",""evoFromItem"":""thunderstone""}",371;383;410,https://bulbapedia.bulbagarden.net/wiki/Vikavolt_(Pok%C3%A9mon),
vileplume-f,45,has_findings,E25,"{""evolvesFrom"":""gloom"",""evoFromItem"":""leafstone""}",30,https://bulbapedia.bulbagarden.net/wiki/Vileplume_(Pok%C3%A9mon),https://www.serebii.net/pokedex-bw/045.shtml;https://www.serebii.net/pokedex-sm/045.shtml
vileplume,45,baseline_match_not_all_games_verified,,"{""evolvesFrom"":""gloom"",""evoFromItem"":""leafstone""}",30,https://bulbapedia.bulbagarden.net/wiki/Vileplume_(Pok%C3%A9mon),https://www.serebii.net/pokedex-bw/045.shtml;https://www.serebii.net/pokedex-sm/045.shtml
virizion,640,no_predecessor_species,,{},,https://bulbapedia.bulbagarden.net/wiki/Virizion_(Pok%C3%A9mon),https://www.serebii.net/pokedex-sm/640.shtml
vivillon-archipelago,666,has_findings,E26,"{""evolvesFrom"":""spewpa"",""evoFromLevel"":12}",341,https://bulbapedia.bulbagarden.net/wiki/Vivillon_(Pok%C3%A9mon),https://www.serebii.net/pokedex-sm/666.shtml;https://www.serebii.net/pokedex-xy/666.shtml
vivillon-continental,666,has_findings,E26,"{""evolvesFrom"":""spewpa"",""evoFromLevel"":12}",341,https://bulbapedia.bulbagarden.net/wiki/Vivillon_(Pok%C3%A9mon),https://www.serebii.net/pokedex-sm/666.shtml;https://www.serebii.net/pokedex-xy/666.shtml
vivillon-elegant,666,has_findings,E26,"{""evolvesFrom"":""spewpa"",""evoFromLevel"":12}",341,https://bulbapedia.bulbagarden.net/wiki/Vivillon_(Pok%C3%A9mon),https://www.serebii.net/pokedex-sm/666.shtml;https://www.serebii.net/pokedex-xy/666.shtml
vivillon-fancy,666,has_findings,E26,"{""evolvesFrom"":""spewpa"",""evoFromLevel"":12}",341,https://bulbapedia.bulbagarden.net/wiki/Vivillon_(Pok%C3%A9mon),https://www.serebii.net/pokedex-sm/666.shtml;https://www.serebii.net/pokedex-xy/666.shtml
vivillon-garden,666,has_findings,E26,"{""evolvesFrom"":""spewpa"",""evoFromLevel"":12}",341,https://bulbapedia.bulbagarden.net/wiki/Vivillon_(Pok%C3%A9mon),https://www.serebii.net/pokedex-sm/666.shtml;https://www.serebii.net/pokedex-xy/666.shtml
vivillon-high-plains,666,has_findings,E26,"{""evolvesFrom"":""spewpa"",""evoFromLevel"":12}",341,https://bulbapedia.bulbagarden.net/wiki/Vivillon_(Pok%C3%A9mon),https://www.serebii.net/pokedex-sm/666.shtml;https://www.serebii.net/pokedex-xy/666.shtml
vivillon-jungle,666,has_findings,E26,"{""evolvesFrom"":""spewpa"",""evoFromLevel"":12}",341,https://bulbapedia.bulbagarden.net/wiki/Vivillon_(Pok%C3%A9mon),https://www.serebii.net/pokedex-sm/666.shtml;https://www.serebii.net/pokedex-xy/666.shtml
vivillon-marine,666,has_findings,E26,"{""evolvesFrom"":""spewpa"",""evoFromLevel"":12}",341,https://bulbapedia.bulbagarden.net/wiki/Vivillon_(Pok%C3%A9mon),https://www.serebii.net/pokedex-sm/666.shtml;https://www.serebii.net/pokedex-xy/666.shtml
vivillon-meadow,666,has_findings,E26,"{""evolvesFrom"":""spewpa"",""evoFromLevel"":12}",341,https://bulbapedia.bulbagarden.net/wiki/Vivillon_(Pok%C3%A9mon),https://www.serebii.net/pokedex-sm/666.shtml;https://www.serebii.net/pokedex-xy/666.shtml
vivillon-modern,666,has_findings,E26,"{""evolvesFrom"":""spewpa"",""evoFromLevel"":12}",341,https://bulbapedia.bulbagarden.net/wiki/Vivillon_(Pok%C3%A9mon),https://www.serebii.net/pokedex-sm/666.shtml;https://www.serebii.net/pokedex-xy/666.shtml
vivillon-monsoon,666,has_findings,E26,"{""evolvesFrom"":""spewpa"",""evoFromLevel"":12}",341,https://bulbapedia.bulbagarden.net/wiki/Vivillon_(Pok%C3%A9mon),https://www.serebii.net/pokedex-sm/666.shtml;https://www.serebii.net/pokedex-xy/666.shtml
vivillon-ocean,666,has_findings,E26,"{""evolvesFrom"":""spewpa"",""evoFromLevel"":12}",341,https://bulbapedia.bulbagarden.net/wiki/Vivillon_(Pok%C3%A9mon),https://www.serebii.net/pokedex-sm/666.shtml;https://www.serebii.net/pokedex-xy/666.shtml
vivillon-pokeball,666,intentional_non_evolution_form,,{},341,https://bulbapedia.bulbagarden.net/wiki/Vivillon_(Pok%C3%A9mon),https://www.serebii.net/pokedex-sm/666.shtml;https://www.serebii.net/pokedex-xy/666.shtml
vivillon-polar,666,has_findings,E26,"{""evolvesFrom"":""spewpa"",""evoFromLevel"":12}",341,https://bulbapedia.bulbagarden.net/wiki/Vivillon_(Pok%C3%A9mon),https://www.serebii.net/pokedex-sm/666.shtml;https://www.serebii.net/pokedex-xy/666.shtml
vivillon-river,666,has_findings,E26,"{""evolvesFrom"":""spewpa"",""evoFromLevel"":12}",341,https://bulbapedia.bulbagarden.net/wiki/Vivillon_(Pok%C3%A9mon),https://www.serebii.net/pokedex-sm/666.shtml;https://www.serebii.net/pokedex-xy/666.shtml
vivillon-sandstorm,666,has_findings,E26,"{""evolvesFrom"":""spewpa"",""evoFromLevel"":12}",341,https://bulbapedia.bulbagarden.net/wiki/Vivillon_(Pok%C3%A9mon),https://www.serebii.net/pokedex-sm/666.shtml;https://www.serebii.net/pokedex-xy/666.shtml
vivillon-savanna,666,has_findings,E26,"{""evolvesFrom"":""spewpa"",""evoFromLevel"":12}",341,https://bulbapedia.bulbagarden.net/wiki/Vivillon_(Pok%C3%A9mon),https://www.serebii.net/pokedex-sm/666.shtml;https://www.serebii.net/pokedex-xy/666.shtml
vivillon-sun,666,has_findings,E26,"{""evolvesFrom"":""spewpa"",""evoFromLevel"":12}",341,https://bulbapedia.bulbagarden.net/wiki/Vivillon_(Pok%C3%A9mon),https://www.serebii.net/pokedex-sm/666.shtml;https://www.serebii.net/pokedex-xy/666.shtml
vivillon-tundra,666,has_findings,E26,"{""evolvesFrom"":""spewpa"",""evoFromLevel"":12}",341,https://bulbapedia.bulbagarden.net/wiki/Vivillon_(Pok%C3%A9mon),https://www.serebii.net/pokedex-sm/666.shtml;https://www.serebii.net/pokedex-xy/666.shtml
vivillon,666,has_findings,E26,"{""evolvesFrom"":""spewpa"",""evoFromLevel"":12}",341,https://bulbapedia.bulbagarden.net/wiki/Vivillon_(Pok%C3%A9mon),https://www.serebii.net/pokedex-sm/666.shtml;https://www.serebii.net/pokedex-xy/666.shtml
volbeat,313,no_predecessor_species,,{},,https://bulbapedia.bulbagarden.net/wiki/Volbeat_(Pok%C3%A9mon),https://www.serebii.net/pokedex-sm/313.shtml
volcanion,721,no_predecessor_species,,{},,https://bulbapedia.bulbagarden.net/wiki/Volcanion_(Pok%C3%A9mon),https://www.serebii.net/pokedex-sm/721.shtml;https://www.serebii.net/pokedex-swsh/volcanion/
volcarona,637,baseline_match_not_all_games_verified,,"{""evolvesFrom"":""larvesta"",""evoFromLevel"":59}",320,https://bulbapedia.bulbagarden.net/wiki/Volcarona_(Pok%C3%A9mon),https://www.serebii.net/pokedex-sm/637.shtml
voltorb-hisui,100,no_predecessor_species,,{},,https://bulbapedia.bulbagarden.net/wiki/Voltorb_(Pok%C3%A9mon),https://www.serebii.net/pokedex-sm/100.shtml;https://www.serebii.net/pokedex-swsh/voltorb/
voltorb,100,no_predecessor_species,,{},,https://bulbapedia.bulbagarden.net/wiki/Voltorb_(Pok%C3%A9mon),https://www.serebii.net/pokedex-sm/100.shtml;https://www.serebii.net/pokedex-swsh/voltorb/
vullaby,629,no_predecessor_species,,{},,https://bulbapedia.bulbagarden.net/wiki/Vullaby_(Pok%C3%A9mon),https://www.serebii.net/pokedex-sm/629.shtml;https://www.serebii.net/pokedex-swsh/vullaby/
vulpix-alola,37,no_predecessor_species,,{},,https://bulbapedia.bulbagarden.net/wiki/Vulpix_(Pok%C3%A9mon),https://www.serebii.net/pokedex-sm/037.shtml;https://www.serebii.net/pokedex-sv/vulpix/;https://www.serebii.net/pokedex-swsh/vulpix/
vulpix,37,no_predecessor_species,,{},,https://bulbapedia.bulbagarden.net/wiki/Vulpix_(Pok%C3%A9mon),https://www.serebii.net/pokedex-sm/037.shtml;https://www.serebii.net/pokedex-sv/vulpix/;https://www.serebii.net/pokedex-swsh/vulpix/
wailmer,320,no_predecessor_species,,{},,https://bulbapedia.bulbagarden.net/wiki/Wailmer_(Pok%C3%A9mon),https://www.serebii.net/pokedex-dp/320.shtml
wailord,321,baseline_match_not_all_games_verified,,"{""evolvesFrom"":""wailmer"",""evoFromLevel"":40}",167,https://bulbapedia.bulbagarden.net/wiki/Wailord_(Pok%C3%A9mon),https://www.serebii.net/pokedex-dp/321.shtml
walkingwake,1009,no_predecessor_species,,{},,https://bulbapedia.bulbagarden.net/wiki/Walking_Wake_(Pok%C3%A9mon),
walrein,365,baseline_match_not_all_games_verified,,"{""evolvesFrom"":""sealeo"",""evoFromLevel"":44}",185,https://bulbapedia.bulbagarden.net/wiki/Walrein_(Pok%C3%A9mon),
wartortle,8,baseline_match_not_all_games_verified,,"{""evolvesFrom"":""squirtle"",""evoFromLevel"":16}",5,https://bulbapedia.bulbagarden.net/wiki/Wartortle_(Pok%C3%A9mon),
watchog,505,baseline_match_not_all_games_verified,,"{""evolvesFrom"":""patrat"",""evoFromLevel"":20}",253,https://bulbapedia.bulbagarden.net/wiki/Watchog_(Pok%C3%A9mon),https://www.serebii.net/pokedex-sm/505.shtml
wattrel,940,no_predecessor_species,,{},,https://bulbapedia.bulbagarden.net/wiki/Wattrel_(Pok%C3%A9mon),
weavile-f,461,has_findings,E11;E14;E25;E27,"{""evolvesFrom"":""sneasel"",""evoFromItem"":""razorclaw"",""evoFromCondition"":""at night""}",229,https://bulbapedia.bulbagarden.net/wiki/Weavile_(Pok%C3%A9mon),
weavile,461,has_findings,E11;E14;E27,"{""evolvesFrom"":""sneasel"",""evoFromItem"":""razorclaw"",""evoFromCondition"":""at night""}",229,https://bulbapedia.bulbagarden.net/wiki/Weavile_(Pok%C3%A9mon),
weedle,13,no_predecessor_species,,{},,https://bulbapedia.bulbagarden.net/wiki/Weedle_(Pok%C3%A9mon),https://www.serebii.net/pokedex-bw/013.shtml;https://www.serebii.net/pokedex-dp/013.shtml;https://www.serebii.net/pokedex-gs/013.shtml;https://www.serebii.net/pokedex-rs/013.shtml;https://www.serebii.net/pokedex-sm/013.shtml;https://www.serebii.net/pokedex-sv/weedle/;https://www.serebii.net/pokedex-swsh/weedle/;https://www.serebii.net/pokedex-xy/013.shtml;https://www.serebii.net/pokedex/013.shtml
weepinbell,70,baseline_match_not_all_games_verified,,"{""evolvesFrom"":""bellsprout"",""evoFromLevel"":21}",44,https://bulbapedia.bulbagarden.net/wiki/Weepinbell_(Pok%C3%A9mon),https://www.serebii.net/pokedex-bw/070.shtml;https://www.serebii.net/pokedex-sm/070.shtml
weezing-galar,110,has_findings,E18,"{""evolvesFrom"":""koffing"",""evoFromLevel"":35}",536,https://bulbapedia.bulbagarden.net/wiki/Weezing_(Pok%C3%A9mon),https://www.serebii.net/pokedex-sm/110.shtml;https://www.serebii.net/pokedex-sv/weezing/;https://www.serebii.net/pokedex-swsh/weezing/
weezing,110,has_findings,E18,"{""evolvesFrom"":""koffing"",""evoFromLevel"":35}",65,https://bulbapedia.bulbagarden.net/wiki/Weezing_(Pok%C3%A9mon),https://www.serebii.net/pokedex-sm/110.shtml;https://www.serebii.net/pokedex-sv/weezing/;https://www.serebii.net/pokedex-swsh/weezing/
whimsicott,547,baseline_match_not_all_games_verified,,"{""evolvesFrom"":""cottonee"",""evoFromItem"":""sunstone""}",276,https://bulbapedia.bulbagarden.net/wiki/Whimsicott_(Pok%C3%A9mon),https://www.serebii.net/pokedex-sm/547.shtml
whirlipede,544,baseline_match_not_all_games_verified,,"{""evolvesFrom"":""venipede"",""evoFromLevel"":22}",274,https://bulbapedia.bulbagarden.net/wiki/Whirlipede_(Pok%C3%A9mon),https://www.serebii.net/pokedex-sm/544.shtml
whiscash,340,baseline_match_not_all_games_verified,,"{""evolvesFrom"":""barboach"",""evoFromLevel"":30}",174,https://bulbapedia.bulbagarden.net/wiki/Whiscash_(Pok%C3%A9mon),
whismur,293,no_predecessor_species,,{},,https://bulbapedia.bulbagarden.net/wiki/Whismur_(Pok%C3%A9mon),https://www.serebii.net/pokedex-bw/293.shtml;https://www.serebii.net/pokedex-sm/293.shtml
wigglytuff,40,baseline_match_not_all_games_verified,,"{""evolvesFrom"":""jigglypuff"",""evoFromItem"":""moonstone""}",27,https://bulbapedia.bulbagarden.net/wiki/Wigglytuff_(Pok%C3%A9mon),
wiglett,960,no_predecessor_species,,{},,https://bulbapedia.bulbagarden.net/wiki/Wiglett_(Pok%C3%A9mon),
wimpod,767,no_predecessor_species,,{},,https://bulbapedia.bulbagarden.net/wiki/Wimpod_(Pok%C3%A9mon),
wingull,278,no_predecessor_species,,{},,https://bulbapedia.bulbagarden.net/wiki/Wingull_(Pok%C3%A9mon),
wishiwashi-school,746,transformation_not_species_evolution,,{},,https://bulbapedia.bulbagarden.net/wiki/Wishiwashi_(Pok%C3%A9mon),https://www.serebii.net/pokedex-sm/746.shtml;https://www.serebii.net/pokedex-swsh/wishiwashi/
wishiwashi,746,no_predecessor_species,,{},,https://bulbapedia.bulbagarden.net/wiki/Wishiwashi_(Pok%C3%A9mon),https://www.serebii.net/pokedex-sm/746.shtml;https://www.serebii.net/pokedex-swsh/wishiwashi/
wobbuffet-f,202,baseline_match_not_all_games_verified,,"{""evolvesFrom"":""wynaut"",""evoFromLevel"":15}",112,https://bulbapedia.bulbagarden.net/wiki/Wobbuffet_(Pok%C3%A9mon),https://www.serebii.net/pokedex-bw/202.shtml;https://www.serebii.net/pokedex-sm/202.shtml
wobbuffet,202,baseline_match_not_all_games_verified,,"{""evolvesFrom"":""wynaut"",""evoFromLevel"":15}",112,https://bulbapedia.bulbagarden.net/wiki/Wobbuffet_(Pok%C3%A9mon),https://www.serebii.net/pokedex-bw/202.shtml;https://www.serebii.net/pokedex-sm/202.shtml
wochien,1001,no_predecessor_species,,{},,https://bulbapedia.bulbagarden.net/wiki/Wo-Chien_(Pok%C3%A9mon),
woobat,527,no_predecessor_species,,{},,https://bulbapedia.bulbagarden.net/wiki/Woobat_(Pok%C3%A9mon),https://www.serebii.net/pokedex-sm/527.shtml
wooloo,831,no_predecessor_species,,{},,https://bulbapedia.bulbagarden.net/wiki/Wooloo_(Pok%C3%A9mon),
wooper-f,194,no_predecessor_species,,{},,https://bulbapedia.bulbagarden.net/wiki/Wooper_(Pok%C3%A9mon),https://www.serebii.net/pokedex-sm/194.shtml
wooper-paldea,194,no_predecessor_species,,{},,https://bulbapedia.bulbagarden.net/wiki/Wooper_(Pok%C3%A9mon),https://www.serebii.net/pokedex-sm/194.shtml
wooper,194,no_predecessor_species,,{},,https://bulbapedia.bulbagarden.net/wiki/Wooper_(Pok%C3%A9mon),https://www.serebii.net/pokedex-sm/194.shtml
wormadam-sandy,413,has_findings,E03;E04,"{""evolvesFrom"":""burmy"",""evoFromLevel"":20}",565,https://bulbapedia.bulbagarden.net/wiki/Wormadam_(Pok%C3%A9mon),https://www.serebii.net/pokedex-bw/413.shtml;https://www.serebii.net/pokedex-dp/413.shtml;https://www.serebii.net/pokedex-sm/413.shtml;https://www.serebii.net/pokedex-xy/413.shtml
wormadam-trash,413,has_findings,E03;E04,"{""evolvesFrom"":""burmy"",""evoFromLevel"":20}",566,https://bulbapedia.bulbagarden.net/wiki/Wormadam_(Pok%C3%A9mon),https://www.serebii.net/pokedex-bw/413.shtml;https://www.serebii.net/pokedex-dp/413.shtml;https://www.serebii.net/pokedex-sm/413.shtml;https://www.serebii.net/pokedex-xy/413.shtml
wormadam,413,has_findings,E03,"{""evolvesFrom"":""burmy"",""evoFromLevel"":20}",207,https://bulbapedia.bulbagarden.net/wiki/Wormadam_(Pok%C3%A9mon),https://www.serebii.net/pokedex-bw/413.shtml;https://www.serebii.net/pokedex-dp/413.shtml;https://www.serebii.net/pokedex-sm/413.shtml;https://www.serebii.net/pokedex-xy/413.shtml
wugtrio,961,baseline_match_not_all_games_verified,,"{""evolvesFrom"":""wiglett"",""evoFromLevel"":26}",498,https://bulbapedia.bulbagarden.net/wiki/Wugtrio_(Pok%C3%A9mon),
wurmple,265,no_predecessor_species,,{},,https://bulbapedia.bulbagarden.net/wiki/Wurmple_(Pok%C3%A9mon),https://www.serebii.net/pokedex-bw/265.shtml;https://www.serebii.net/pokedex-sm/265.shtml
wynaut,360,no_predecessor_species,,{},,https://bulbapedia.bulbagarden.net/wiki/Wynaut_(Pok%C3%A9mon),https://www.serebii.net/pokedex-sm/360.shtml
wyrdeer,899,has_findings,E27,"{""evolvesFrom"":""stantler"",""evoFromCondition"":""Use Agile style Psyshield Bash 20 times""}",462,https://bulbapedia.bulbagarden.net/wiki/Wyrdeer_(Pok%C3%A9mon),
xatu-f,178,baseline_match_not_all_games_verified,,"{""evolvesFrom"":""natu"",""evoFromLevel"":25}",97,https://bulbapedia.bulbagarden.net/wiki/Xatu_(Pok%C3%A9mon),https://www.serebii.net/pokedex-dp/178.shtml;https://www.serebii.net/pokedex-gs/178.shtml;https://www.serebii.net/pokedex-sm/178.shtml
xatu,178,baseline_match_not_all_games_verified,,"{""evolvesFrom"":""natu"",""evoFromLevel"":25}",97,https://bulbapedia.bulbagarden.net/wiki/Xatu_(Pok%C3%A9mon),https://www.serebii.net/pokedex-dp/178.shtml;https://www.serebii.net/pokedex-gs/178.shtml;https://www.serebii.net/pokedex-sm/178.shtml
xerneas-active,716,transformation_not_species_evolution,,{},,https://bulbapedia.bulbagarden.net/wiki/Xerneas_(Pok%C3%A9mon),https://www.serebii.net/pokedex-sm/716.shtml;https://www.serebii.net/pokedex-swsh/xerneas/;https://www.serebii.net/pokedex-xy/716.shtml
xerneas,716,no_predecessor_species,,{},,https://bulbapedia.bulbagarden.net/wiki/Xerneas_(Pok%C3%A9mon),https://www.serebii.net/pokedex-sm/716.shtml;https://www.serebii.net/pokedex-swsh/xerneas/;https://www.serebii.net/pokedex-xy/716.shtml
xurkitree,796,no_predecessor_species,,{},,https://bulbapedia.bulbagarden.net/wiki/Xurkitree_(Pok%C3%A9mon),
yamask-galar,562,no_predecessor_species,,{},,https://bulbapedia.bulbagarden.net/wiki/Yamask_(Pok%C3%A9mon),https://www.serebii.net/pokedex-sm/562.shtml;https://www.serebii.net/pokedex-sv/yamask/;https://www.serebii.net/pokedex-swsh/yamask/
yamask,562,no_predecessor_species,,{},,https://bulbapedia.bulbagarden.net/wiki/Yamask_(Pok%C3%A9mon),https://www.serebii.net/pokedex-sm/562.shtml;https://www.serebii.net/pokedex-sv/yamask/;https://www.serebii.net/pokedex-swsh/yamask/
yamper,835,no_predecessor_species,,{},,https://bulbapedia.bulbagarden.net/wiki/Yamper_(Pok%C3%A9mon),
yanma,193,no_predecessor_species,,{},,https://bulbapedia.bulbagarden.net/wiki/Yanma_(Pok%C3%A9mon),https://www.serebii.net/pokedex-sm/193.shtml
yanmega,469,baseline_match_not_all_games_verified,,"{""evolvesFrom"":""yanma"",""evoFromMove"":""ancientpower""}",237,https://bulbapedia.bulbagarden.net/wiki/Yanmega_(Pok%C3%A9mon),https://www.serebii.net/pokedex-sm/469.shtml
yungoos,734,no_predecessor_species,,{},,https://bulbapedia.bulbagarden.net/wiki/Yungoos_(Pok%C3%A9mon),
yveltal,717,no_predecessor_species,,{},,https://bulbapedia.bulbagarden.net/wiki/Yveltal_(Pok%C3%A9mon),https://www.serebii.net/pokedex-sm/717.shtml;https://www.serebii.net/pokedex-swsh/yveltal/;https://www.serebii.net/pokedex-xy/717.shtml
zacian-crowned,888,no_predecessor_species,,{},,https://bulbapedia.bulbagarden.net/wiki/Zacian_(Pok%C3%A9mon),https://www.serebii.net/pokedex-sv/zacian/;https://www.serebii.net/pokedex-swsh/zacian/
zacian,888,no_predecessor_species,,{},,https://bulbapedia.bulbagarden.net/wiki/Zacian_(Pok%C3%A9mon),https://www.serebii.net/pokedex-sv/zacian/;https://www.serebii.net/pokedex-swsh/zacian/
zamazenta-crowned,889,no_predecessor_species,,{},,https://bulbapedia.bulbagarden.net/wiki/Zamazenta_(Pok%C3%A9mon),https://www.serebii.net/pokedex-sv/zamazenta/;https://www.serebii.net/pokedex-swsh/zamazenta/
zamazenta,889,no_predecessor_species,,{},,https://bulbapedia.bulbagarden.net/wiki/Zamazenta_(Pok%C3%A9mon),https://www.serebii.net/pokedex-sv/zamazenta/;https://www.serebii.net/pokedex-swsh/zamazenta/
zangoose,335,no_predecessor_species,,{},,https://bulbapedia.bulbagarden.net/wiki/Zangoose_(Pok%C3%A9mon),https://www.serebii.net/pokedex-sm/335.shtml;https://www.serebii.net/pokedex-swsh/zangoose/
zapdos-galar,145,no_predecessor_species,,{},,https://bulbapedia.bulbagarden.net/wiki/Zapdos_(Pok%C3%A9mon),https://www.serebii.net/pokedex-sm/145.shtml;https://www.serebii.net/pokedex-swsh/zapdos/
zapdos,145,no_predecessor_species,,{},,https://bulbapedia.bulbagarden.net/wiki/Zapdos_(Pok%C3%A9mon),https://www.serebii.net/pokedex-sm/145.shtml;https://www.serebii.net/pokedex-swsh/zapdos/
zarude-dada,893,no_predecessor_species,,{},,https://bulbapedia.bulbagarden.net/wiki/Zarude_(Pok%C3%A9mon),https://www.serebii.net/pokedex-sv/zarude/;https://www.serebii.net/pokedex-swsh/zarude/
zarude,893,no_predecessor_species,,{},,https://bulbapedia.bulbagarden.net/wiki/Zarude_(Pok%C3%A9mon),https://www.serebii.net/pokedex-sv/zarude/;https://www.serebii.net/pokedex-swsh/zarude/
zebstrika,523,baseline_match_not_all_games_verified,,"{""evolvesFrom"":""blitzle"",""evoFromLevel"":27}",263,https://bulbapedia.bulbagarden.net/wiki/Zebstrika_(Pok%C3%A9mon),https://www.serebii.net/pokedex-sm/523.shtml
zekrom,644,no_predecessor_species,,{},,https://bulbapedia.bulbagarden.net/wiki/Zekrom_(Pok%C3%A9mon),https://www.serebii.net/pokedex-sm/644.shtml;https://www.serebii.net/pokedex-swsh/zekrom/
zeraora-mega,807,transformation_not_species_evolution,,{},,https://bulbapedia.bulbagarden.net/wiki/Zeraora_(Pok%C3%A9mon),https://www.serebii.net/pokedex-sv/zeraora/;https://www.serebii.net/pokedex-swsh/zeraora/
zeraora,807,no_predecessor_species,,{},,https://bulbapedia.bulbagarden.net/wiki/Zeraora_(Pok%C3%A9mon),https://www.serebii.net/pokedex-sv/zeraora/;https://www.serebii.net/pokedex-swsh/zeraora/
zigzagoon-galar,263,no_predecessor_species,,{},,https://bulbapedia.bulbagarden.net/wiki/Zigzagoon_(Pok%C3%A9mon),https://www.serebii.net/pokedex-sm/263.shtml;https://www.serebii.net/pokedex-swsh/zigzagoon/
zigzagoon,263,no_predecessor_species,,{},,https://bulbapedia.bulbagarden.net/wiki/Zigzagoon_(Pok%C3%A9mon),https://www.serebii.net/pokedex-sm/263.shtml;https://www.serebii.net/pokedex-swsh/zigzagoon/
zoroark-hisui,571,baseline_match_not_all_games_verified,,"{""evolvesFrom"":""zorua-hisui"",""evoFromLevel"":30}",529,https://bulbapedia.bulbagarden.net/wiki/Zoroark_(Pok%C3%A9mon),https://www.serebii.net/pokedex-sm/571.shtml;https://www.serebii.net/pokedex-swsh/zoroark/
zoroark,571,baseline_match_not_all_games_verified,,"{""evolvesFrom"":""zorua"",""evoFromLevel"":30}",287,https://bulbapedia.bulbagarden.net/wiki/Zoroark_(Pok%C3%A9mon),https://www.serebii.net/pokedex-sm/571.shtml;https://www.serebii.net/pokedex-swsh/zoroark/
zorua-hisui,570,no_predecessor_species,,{},,https://bulbapedia.bulbagarden.net/wiki/Zorua_(Pok%C3%A9mon),https://www.serebii.net/pokedex-sm/570.shtml;https://www.serebii.net/pokedex-swsh/zorua/
zorua,570,no_predecessor_species,,{},,https://bulbapedia.bulbagarden.net/wiki/Zorua_(Pok%C3%A9mon),https://www.serebii.net/pokedex-sm/570.shtml;https://www.serebii.net/pokedex-swsh/zorua/
zubat-f,41,no_predecessor_species,,{},,https://bulbapedia.bulbagarden.net/wiki/Zubat_(Pok%C3%A9mon),
zubat,41,no_predecessor_species,,{},,https://bulbapedia.bulbagarden.net/wiki/Zubat_(Pok%C3%A9mon),
zweilous,634,baseline_match_not_all_games_verified,,"{""evolvesFrom"":""deino"",""evoFromLevel"":50}",318,https://bulbapedia.bulbagarden.net/wiki/Zweilous_(Pok%C3%A9mon),https://www.serebii.net/pokedex-sm/634.shtml
zygarde-10,718,no_predecessor_species,,{},,https://bulbapedia.bulbagarden.net/wiki/Zygarde_(Pok%C3%A9mon),https://www.serebii.net/pokedex-sm/718.shtml;https://www.serebii.net/pokedex-sv/zygarde/;https://www.serebii.net/pokedex-swsh/zygarde/;https://www.serebii.net/pokedex-xy/718.shtml
zygarde-complete-mega,718,transformation_not_species_evolution,,{},,https://bulbapedia.bulbagarden.net/wiki/Zygarde_(Pok%C3%A9mon),https://www.serebii.net/pokedex-sm/718.shtml;https://www.serebii.net/pokedex-sv/zygarde/;https://www.serebii.net/pokedex-swsh/zygarde/;https://www.serebii.net/pokedex-xy/718.shtml
zygarde-complete,718,transformation_not_species_evolution,,{},,https://bulbapedia.bulbagarden.net/wiki/Zygarde_(Pok%C3%A9mon),https://www.serebii.net/pokedex-sm/718.shtml;https://www.serebii.net/pokedex-sv/zygarde/;https://www.serebii.net/pokedex-swsh/zygarde/;https://www.serebii.net/pokedex-xy/718.shtml
zygarde,718,no_predecessor_species,,{},,https://bulbapedia.bulbagarden.net/wiki/Zygarde_(Pok%C3%A9mon),https://www.serebii.net/pokedex-sm/718.shtml;https://www.serebii.net/pokedex-sv/zygarde/;https://www.serebii.net/pokedex-swsh/zygarde/;https://www.serebii.net/pokedex-xy/718.shtml
